sigungu,d,visitors
강릉시,2021-01-01,93566
강릉시,2021-01-02,88196
강릉시,2021-01-03,56690
강릉시,2021-01-04,40411
강릉시,2021-01-05,41237
강릉시,2021-01-06,39837
강릉시,2021-01-07,35714
강릉시,2021-01-08,40624
강릉시,2021-01-09,57186
강릉시,2021-01-10,53826
강릉시,2021-01-11,43586
강릉시,2021-01-12,45874
강릉시,2021-01-13,46812
강릉시,2021-01-14,52612
강릉시,2021-01-15,60522
강릉시,2021-01-16,89201
강릉시,2021-01-17,75327
강릉시,2021-01-18,46935
강릉시,2021-01-19,49539
강릉시,2021-01-20,54586
강릉시,2021-01-21,56844
강릉시,2021-01-22,62643
강릉시,2021-01-23,89114
강릉시,2021-01-24,85228
강릉시,2021-01-25,63147
강릉시,2021-01-26,60599
강릉시,2021-01-27,61450
강릉시,2021-01-28,54134
강릉시,2021-01-29,63668
강릉시,2021-01-30,94252
강릉시,2021-01-31,91550
강릉시,2021-02-01,49522
강릉시,2021-02-02,47187
강릉시,2021-02-03,46756
강릉시,2021-02-04,46781
강릉시,2021-02-05,58426
강릉시,2021-02-06,93474
강릉시,2021-02-07,77798
강릉시,2021-02-08,53781
강릉시,2021-02-09,52370
강릉시,2021-02-10,67893
강릉시,2021-02-11,119511
강릉시,2021-02-12,166436
강릉시,2021-02-13,163100
강릉시,2021-02-14,94234
강릉시,2021-02-15,61036
강릉시,2021-02-16,55776
강릉시,2021-02-17,56525
강릉시,2021-02-18,61103
강릉시,2021-02-19,75456
강릉시,2021-02-20,115955
강릉시,2021-02-21,107408
강릉시,2021-02-22,75324
강릉시,2021-02-23,71106
강릉시,2021-02-24,71200
강릉시,2021-02-25,73700
강릉시,2021-02-26,91668
강릉시,2021-02-27,151711
강릉시,2021-02-28,181016
강릉시,2021-03-01,80276
강릉시,2021-03-02,38451
강릉시,2021-03-03,46536
강릉시,2021-03-04,50806
강릉시,2021-03-05,62044
강릉시,2021-03-06,72086
강릉시,2021-03-07,74620
강릉시,2021-03-08,56368
강릉시,2021-03-09,57225
강릉시,2021-03-10,55776
강릉시,2021-03-11,58446
강릉시,2021-03-12,64925
강릉시,2021-03-13,104962
강릉시,2021-03-14,96316
강릉시,2021-03-15,62688
강릉시,2021-03-16,59787
강릉시,2021-03-17,60070
강릉시,2021-03-18,61128
강릉시,2021-03-19,74739
강릉시,2021-03-20,101591
강릉시,2021-03-21,92312
강릉시,2021-03-22,63483
강릉시,2021-03-23,61404
강릉시,2021-03-24,62268
강릉시,2021-03-25,63486
강릉시,2021-03-26,79856
강릉시,2021-03-27,107940
강릉시,2021-03-28,92673
강릉시,2021-03-29,67078
강릉시,2021-03-30,65793
강릉시,2021-03-31,66482
강릉시,2021-04-01,52608
강릉시,2021-04-02,68117
강릉시,2021-04-03,92516
강릉시,2021-04-04,82117
강릉시,2021-04-05,58380
강릉시,2021-04-06,56284
강릉시,2021-04-07,55447
강릉시,2021-04-08,57130
강릉시,2021-04-09,76122
강릉시,2021-04-10,129636
강릉시,2021-04-11,110061
강릉시,2021-04-12,56144
강릉시,2021-04-13,52619
강릉시,2021-04-14,55076
강릉시,2021-04-15,58737
강릉시,2021-04-16,75915
강릉시,2021-04-17,115874
강릉시,2021-04-18,104818
강릉시,2021-04-19,65608
강릉시,2021-04-20,57474
강릉시,2021-04-21,57704
강릉시,2021-04-22,58667
강릉시,2021-04-23,75523
강릉시,2021-04-24,118828
강릉시,2021-04-25,105542
강릉시,2021-04-26,65954
강릉시,2021-04-27,61621
강릉시,2021-04-28,60354
강릉시,2021-04-29,61495
강릉시,2021-04-30,78344
강릉시,2021-05-01,111612
강릉시,2021-05-02,110254
강릉시,2021-05-03,75212
강릉시,2021-05-04,72216
강릉시,2021-05-05,84329
강릉시,2021-05-06,75040
강릉시,2021-05-07,84836
강릉시,2021-05-08,113060
강릉시,2021-05-09,97118
강릉시,2021-05-10,59714
강릉시,2021-05-11,58345
강릉시,2021-05-12,58846
강릉시,2021-05-13,61576
강릉시,2021-05-14,77458
강릉시,2021-05-15,110800
강릉시,2021-05-16,86373
강릉시,2021-05-17,61596
강릉시,2021-05-18,75390
강릉시,2021-05-19,99166
강릉시,2021-05-20,68481
강릉시,2021-05-21,78414
강릉시,2021-05-22,128888
강릉시,2021-05-23,111881
강릉시,2021-05-24,68358
강릉시,2021-05-25,62391
강릉시,2021-05-26,63259
강릉시,2021-05-27,61134
강릉시,2021-05-28,75810
강릉시,2021-05-29,123526
강릉시,2021-05-30,112858
강릉시,2021-05-31,65138
강릉시,2021-06-01,51558
강릉시,2021-06-02,52654
강릉시,2021-06-03,52871
강릉시,2021-06-04,74932
강릉시,2021-06-05,133136
강릉시,2021-06-06,114608
강릉시,2021-06-07,66472
강릉시,2021-06-08,60826
강릉시,2021-06-09,59906
강릉시,2021-06-10,63280
강릉시,2021-06-11,79569
강릉시,2021-06-12,134712
강릉시,2021-06-13,120848
강릉시,2021-06-14,72576
강릉시,2021-06-15,65912
강릉시,2021-06-16,63752
강릉시,2021-06-17,68740
강릉시,2021-06-18,88137
강릉시,2021-06-19,143286
강릉시,2021-06-20,130277
강릉시,2021-06-21,78134
강릉시,2021-06-22,74470
강릉시,2021-06-23,75509
강릉시,2021-06-24,80888
강릉시,2021-06-25,101822
강릉시,2021-06-26,143084
강릉시,2021-06-27,134442
강릉시,2021-06-28,87314
강릉시,2021-06-29,79244
강릉시,2021-06-30,76041
강릉시,2021-07-01,71183
강릉시,2021-07-02,91574
강릉시,2021-07-03,124586
강릉시,2021-07-04,103100
강릉시,2021-07-05,75190
강릉시,2021-07-06,74246
강릉시,2021-07-07,68432
강릉시,2021-07-08,68254
강릉시,2021-07-09,87213
강릉시,2021-07-10,129350
강릉시,2021-07-11,117540
강릉시,2021-07-12,77812
강릉시,2021-07-13,77634
강릉시,2021-07-14,77416
강릉시,2021-07-15,79026
강릉시,2021-07-16,97654
강릉시,2021-07-17,130214
강릉시,2021-07-18,118170
강릉시,2021-07-19,78477
강릉시,2021-07-20,71211
강릉시,2021-07-21,69366
강릉시,2021-07-22,71158
강릉시,2021-07-23,81865
강릉시,2021-07-24,102970
강릉시,2021-07-25,98469
강릉시,2021-07-26,80360
강릉시,2021-07-27,78060
강릉시,2021-07-28,82918
강릉시,2021-07-29,94990
강릉시,2021-07-30,111892
강릉시,2021-07-31,142590
강릉시,2021-08-01,133217
강릉시,2021-08-02,120708
강릉시,2021-08-03,113656
강릉시,2021-08-04,100712
강릉시,2021-08-05,100440
강릉시,2021-08-06,108602
강릉시,2021-08-07,103408
강릉시,2021-08-08,108972
강릉시,2021-08-09,81224
강릉시,2021-08-10,84144
강릉시,2021-08-11,85561
강릉시,2021-08-12,91466
강릉시,2021-08-13,106967
강릉시,2021-08-14,141281
강릉시,2021-08-15,157675
강릉시,2021-08-16,123042
강릉시,2021-08-17,79230
강릉시,2021-08-18,73188
강릉시,2021-08-19,71754
강릉시,2021-08-20,88949
강릉시,2021-08-21,105770
강릉시,2021-08-22,105284
강릉시,2021-08-23,77620
강릉시,2021-08-24,68600
강릉시,2021-08-25,69738
강릉시,2021-08-26,76472
강릉시,2021-08-27,88487
강릉시,2021-08-28,121975
강릉시,2021-08-29,114076
강릉시,2021-08-30,79180
강릉시,2021-08-31,70399
강릉시,2021-09-01,52224
강릉시,2021-09-02,61478
강릉시,2021-09-03,77690
강릉시,2021-09-04,114804
강릉시,2021-09-05,100328
강릉시,2021-09-06,63042
강릉시,2021-09-07,56458
강릉시,2021-09-08,59328
강릉시,2021-09-09,66636
강릉시,2021-09-10,79877
강릉시,2021-09-11,115588
강릉시,2021-09-12,103502
강릉시,2021-09-13,66896
강릉시,2021-09-14,65457
강릉시,2021-09-15,63304
강릉시,2021-09-16,62416
강릉시,2021-09-17,70508
강릉시,2021-09-18,122521
강릉시,2021-09-19,182014
강릉시,2021-09-20,203018
강릉시,2021-09-21,178850
강릉시,2021-09-22,116666
강릉시,2021-09-23,80507
강릉시,2021-09-24,81641
강릉시,2021-09-25,98623
강릉시,2021-09-26,91938
강릉시,2021-09-27,67529
강릉시,2021-09-28,66738
강릉시,2021-09-29,62100
강릉시,2021-09-30,67109
강릉시,2021-10-01,70298
강릉시,2021-10-02,127862
강릉시,2021-10-03,149436
강릉시,2021-10-04,94164
강릉시,2021-10-05,56382
강릉시,2021-10-06,51320
강릉시,2021-10-07,57344
강릉시,2021-10-08,74746
강릉시,2021-10-09,138376
강릉시,2021-10-10,170401
강릉시,2021-10-11,104412
강릉시,2021-10-12,68078
강릉시,2021-10-13,66794
강릉시,2021-10-14,70350
강릉시,2021-10-15,77553
강릉시,2021-10-16,116501
강릉시,2021-10-17,108580
강릉시,2021-10-18,73468
강릉시,2021-10-19,66672
강릉시,2021-10-20,67602
강릉시,2021-10-21,70532
강릉시,2021-10-22,88456
강릉시,2021-10-23,136318
강릉시,2021-10-24,122224
강릉시,2021-10-25,77462
강릉시,2021-10-26,74008
강릉시,2021-10-27,72580
강릉시,2021-10-28,75712
강릉시,2021-10-29,89316
강릉시,2021-10-30,133564
강릉시,2021-10-31,118664
강릉시,2021-11-01,66486
강릉시,2021-11-02,62321
강릉시,2021-11-03,62111
강릉시,2021-11-04,66563
강릉시,2021-11-05,84878
강릉시,2021-11-06,129290
강릉시,2021-11-07,110960
강릉시,2021-11-08,62472
강릉시,2021-11-09,60564
강릉시,2021-11-10,61274
강릉시,2021-11-11,66213
강릉시,2021-11-12,83419
강릉시,2021-11-13,127120
강릉시,2021-11-14,112962
강릉시,2021-11-15,70805
강릉시,2021-11-16,67658
강릉시,2021-11-17,66440
강릉시,2021-11-18,70626
강릉시,2021-11-19,90342
강릉시,2021-11-20,132324
강릉시,2021-11-21,114586
강릉시,2021-11-22,67652
강릉시,2021-11-23,60686
강릉시,2021-11-24,60470
강릉시,2021-11-25,64995
강릉시,2021-11-26,81666
강릉시,2021-11-27,124243
강릉시,2021-11-28,110250
강릉시,2021-11-29,68170
강릉시,2021-11-30,58096
강릉시,2021-12-01,55160
강릉시,2021-12-02,59752
강릉시,2021-12-03,76251
강릉시,2021-12-04,118146
강릉시,2021-12-05,103978
강릉시,2021-12-06,67781
강릉시,2021-12-07,60064
강릉시,2021-12-08,64466
강릉시,2021-12-09,65138
강릉시,2021-12-10,79870
강릉시,2021-12-11,120312
강릉시,2021-12-12,110985
강릉시,2021-12-13,69349
강릉시,2021-12-14,64516
강릉시,2021-12-15,63532
강릉시,2021-12-16,67956
강릉시,2021-12-17,85988
강릉시,2021-12-18,113810
강릉시,2021-12-19,99858
강릉시,2021-12-20,73770
강릉시,2021-12-21,72359
강릉시,2021-12-22,72555
강릉시,2021-12-23,77220
강릉시,2021-12-24,89198
강릉시,2021-12-25,113463
강릉시,2021-12-26,106211
강릉시,2021-12-27,82572
강릉시,2021-12-28,81914
강릉시,2021-12-29,85176
강릉시,2021-12-30,95431
강릉시,2021-12-31,134372
강릉시,2022-01-01,195580
강릉시,2022-01-02,111923
강릉시,2022-01-03,67417
강릉시,2022-01-04,65300
강릉시,2022-01-05,64491
강릉시,2022-01-06,66395
강릉시,2022-01-07,79086
강릉시,2022-01-08,119018
강릉시,2022-01-09,108248
강릉시,2022-01-10,76944
강릉시,2022-01-11,73717
강릉시,2022-01-12,72828
강릉시,2022-01-13,74760
강릉시,2022-01-14,88543
강릉시,2022-01-15,126693
강릉시,2022-01-16,113351
강릉시,2022-01-17,80658
강릉시,2022-01-18,75516
강릉시,2022-01-19,71694
강릉시,2022-01-20,66640
강릉시,2022-01-21,86496
강릉시,2022-01-22,123336
강릉시,2022-01-23,107723
강릉시,2022-01-24,76839
강릉시,2022-01-25,74039
강릉시,2022-01-26,71508
강릉시,2022-01-27,72334
강릉시,2022-01-28,84028
강릉시,2022-01-29,127841
강릉시,2022-01-30,170958
강릉시,2022-01-31,181366
강릉시,2022-02-01,142636
강릉시,2022-02-02,99544
강릉시,2022-02-03,76629
강릉시,2022-02-04,79516
강릉시,2022-02-05,96957
강릉시,2022-02-06,81708
강릉시,2022-02-07,61954
강릉시,2022-02-08,63189
강릉시,2022-02-09,65068
강릉시,2022-02-10,66801
강릉시,2022-02-11,79608
강릉시,2022-02-12,114856
강릉시,2022-02-13,96492
강릉시,2022-02-14,68740
강릉시,2022-02-15,66542
강릉시,2022-02-16,66952
강릉시,2022-02-17,70112
강릉시,2022-02-18,82754
강릉시,2022-02-19,118209
강릉시,2022-02-20,105676
강릉시,2022-02-21,77777
강릉시,2022-02-22,75366
강릉시,2022-02-23,72618
강릉시,2022-02-24,76622
강릉시,2022-02-25,84588
강릉시,2022-02-26,124166
강릉시,2022-02-27,128104
강릉시,2022-02-28,109792
강릉시,2022-03-01,92166
강릉시,2022-03-02,63287
강릉시,2022-03-03,63816
강릉시,2022-03-04,70308
강릉시,2022-03-05,90506
강릉시,2022-03-06,79247
강릉시,2022-03-07,61400
강릉시,2022-03-08,66182
강릉시,2022-03-09,68008
강릉시,2022-03-10,63721
강릉시,2022-03-11,71942
강릉시,2022-03-12,94108
강릉시,2022-03-13,77455
강릉시,2022-03-14,61610
강릉시,2022-03-15,64880
강릉시,2022-03-16,65667
강릉시,2022-03-17,62016
강릉시,2022-03-18,68831
강릉시,2022-03-19,85274
강릉시,2022-03-20,89614
강릉시,2022-03-21,68674
강릉시,2022-03-22,68058
강릉시,2022-03-23,66150
강릉시,2022-03-24,67550
강릉시,2022-03-25,78824
강릉시,2022-03-26,99113
강릉시,2022-03-27,102151
강릉시,2022-03-28,75254
강릉시,2022-03-29,73560
강릉시,2022-03-30,69506
강릉시,2022-03-31,68786
강릉시,2022-04-01,71897
강릉시,2022-04-02,123344
강릉시,2022-04-03,110565
강릉시,2022-04-04,69853
강릉시,2022-04-05,66776
강릉시,2022-04-06,67914
강릉시,2022-04-07,71396
강릉시,2022-04-08,92568
강릉시,2022-04-09,147682
강릉시,2022-04-10,132846
강릉시,2022-04-11,81515
강릉시,2022-04-12,79436
강릉시,2022-04-13,68414
강릉시,2022-04-14,73210
강릉시,2022-04-15,94560
강릉시,2022-04-16,143556
강릉시,2022-04-17,127754
강릉시,2022-04-18,86362
강릉시,2022-04-19,82124
강릉시,2022-04-20,89656
강릉시,2022-04-21,92074
강릉시,2022-04-22,109172
강릉시,2022-04-23,153878
강릉시,2022-04-24,137722
강릉시,2022-04-25,94104
강릉시,2022-04-26,89474
강릉시,2022-04-27,91259
강릉시,2022-04-28,93450
강릉시,2022-04-29,107471
강릉시,2022-04-30,156639
강릉시,2022-05-01,112609
강릉시,2022-05-02,64900
강릉시,2022-05-03,63574
강릉시,2022-05-04,81277
강릉시,2022-05-05,142548
강릉시,2022-05-06,156646
강릉시,2022-05-07,168074
강릉시,2022-05-08,123028
강릉시,2022-05-09,71382
강릉시,2022-05-10,68432
강릉시,2022-05-11,67098
강릉시,2022-05-12,70886
강릉시,2022-05-13,87658
강릉시,2022-05-14,138481
강릉시,2022-05-15,123784
강릉시,2022-05-16,76828
강릉시,2022-05-17,72636
강릉시,2022-05-18,71152
강릉시,2022-05-19,73444
강릉시,2022-05-20,93740
강릉시,2022-05-21,141032
강릉시,2022-05-22,123812
강릉시,2022-05-23,79166
강릉시,2022-05-24,74865
강릉시,2022-05-25,73325
강릉시,2022-05-26,75660
강릉시,2022-05-27,92992
강릉시,2022-05-28,142804
강릉시,2022-05-29,128950
강릉시,2022-05-30,85578
강릉시,2022-05-31,93737
강릉시,2022-06-01,99764
강릉시,2022-06-02,84231
강릉시,2022-06-03,113176
강릉시,2022-06-04,206160
강릉시,2022-06-05,219170
강릉시,2022-06-06,126220
강릉시,2022-06-07,68442
강릉시,2022-06-08,66952
강릉시,2022-06-09,68173
강릉시,2022-06-10,82978
강릉시,2022-06-11,127344
강릉시,2022-06-12,114835
강릉시,2022-06-13,74648
강릉시,2022-06-14,67336
강릉시,2022-06-15,65611
강릉시,2022-06-16,71880
강릉시,2022-06-17,93342
강릉시,2022-06-18,144000
강릉시,2022-06-19,125100
강릉시,2022-06-20,81792
강릉시,2022-06-21,78998
강릉시,2022-06-22,79264
강릉시,2022-06-23,76573
강릉시,2022-06-24,91658
강릉시,2022-06-25,137294
강릉시,2022-06-26,126238
강릉시,2022-06-27,82040
강릉시,2022-06-28,74634
강릉시,2022-06-29,69184
강릉시,2022-06-30,67725
강릉시,2022-07-01,84724
강릉시,2022-07-02,130662
강릉시,2022-07-03,119606
강릉시,2022-07-04,76136
강릉시,2022-07-05,74536
강릉시,2022-07-06,71984
강릉시,2022-07-07,72947
강릉시,2022-07-08,91336
강릉시,2022-07-09,141578
강릉시,2022-07-10,129934
강릉시,2022-07-11,80409
강릉시,2022-07-12,79100
강릉시,2022-07-13,74361
강릉시,2022-07-14,77931
강릉시,2022-07-15,97626
강릉시,2022-07-16,134074
강릉시,2022-07-17,124271
강릉시,2022-07-18,95361
강릉시,2022-07-19,92876
강릉시,2022-07-20,94566
강릉시,2022-07-21,96096
강릉시,2022-07-22,116669
강릉시,2022-07-23,152226
강릉시,2022-07-24,146408
강릉시,2022-07-25,118044
강릉시,2022-07-26,118069
강릉시,2022-07-27,122892
강릉시,2022-07-28,135888
강릉시,2022-07-29,161364
강릉시,2022-07-30,223486
강릉시,2022-07-31,210522
강릉시,2022-08-01,174618
강릉시,2022-08-02,161794
강릉시,2022-08-03,144252
강릉시,2022-08-04,141222
강릉시,2022-08-05,153934
강릉시,2022-08-06,173736
강릉시,2022-08-07,152036
강릉시,2022-08-08,113740
강릉시,2022-08-09,98196
강릉시,2022-08-10,97419
강릉시,2022-08-11,104948
강릉시,2022-08-12,135376
강릉시,2022-08-13,195804
강릉시,2022-08-14,206108
강릉시,2022-08-15,159257
강릉시,2022-08-16,109487
강릉시,2022-08-17,105056
강릉시,2022-08-18,104209
강릉시,2022-08-19,111786
강릉시,2022-08-20,146626
강릉시,2022-08-21,142884
강릉시,2022-08-22,102722
강릉시,2022-08-23,97251
강릉시,2022-08-24,93166
강릉시,2022-08-25,94108
강릉시,2022-08-26,110922
강릉시,2022-08-27,160024
강릉시,2022-08-28,158900
강릉시,2022-08-29,103397
강릉시,2022-08-30,89198
강릉시,2022-08-31,80980
강릉시,2022-09-01,76083
강릉시,2022-09-02,88298
강릉시,2022-09-03,117652
강릉시,2022-09-04,92897
강릉시,2022-09-05,54344
강릉시,2022-09-06,49273
강릉시,2022-09-07,62506
강릉시,2022-09-08,90506
강릉시,2022-09-09,169659
강릉시,2022-09-10,231676
강릉시,2022-09-11,199850
강릉시,2022-09-12,127379
강릉시,2022-09-13,77424
강릉시,2022-09-14,69720
강릉시,2022-09-15,73829
강릉시,2022-09-16,86065
강릉시,2022-09-17,118055
강릉시,2022-09-18,104296
강릉시,2022-09-19,69990
강릉시,2022-09-20,75187
강릉시,2022-09-21,75852
강릉시,2022-09-22,79376
강릉시,2022-09-23,96176
강릉시,2022-09-24,136860
강릉시,2022-09-25,121331
강릉시,2022-09-26,83618
강릉시,2022-09-27,81204
강릉시,2022-09-28,81182
강릉시,2022-09-29,82582
강릉시,2022-09-30,98598
강릉시,2022-10-01,161784
강릉시,2022-10-02,177342
강릉시,2022-10-03,115644
강릉시,2022-10-04,61254
강릉시,2022-10-05,60602
강릉시,2022-10-06,63046
강릉시,2022-10-07,86128
강릉시,2022-10-08,164140
강릉시,2022-10-09,185577
강릉시,2022-10-10,127218
강릉시,2022-10-11,79460
강릉시,2022-10-12,78732
강릉시,2022-10-13,81112
강릉시,2022-10-14,92992
강릉시,2022-10-15,139321
강릉시,2022-10-16,128835
강릉시,2022-10-17,83846
강릉시,2022-10-18,87518
강릉시,2022-10-19,85365
강릉시,2022-10-20,89586
강릉시,2022-10-21,104517
강릉시,2022-10-22,150612
강릉시,2022-10-23,125898
강릉시,2022-10-24,83940
강릉시,2022-10-25,81896
강릉시,2022-10-26,84752
강릉시,2022-10-27,85732
강릉시,2022-10-28,100748
강릉시,2022-10-29,142905
강릉시,2022-10-30,124523
강릉시,2022-10-31,80731
강릉시,2022-11-01,62608
강릉시,2022-11-02,64015
강릉시,2022-11-03,65082
강릉시,2022-11-04,80966
강릉시,2022-11-05,125282
강릉시,2022-11-06,116750
강릉시,2022-11-07,72758
강릉시,2022-11-08,70116
강릉시,2022-11-09,68778
강릉시,2022-11-10,70966
강릉시,2022-11-11,89764
강릉시,2022-11-12,131593
강릉시,2022-11-13,105714
강릉시,2022-11-14,73528
강릉시,2022-11-15,70840
강릉시,2022-11-16,69394
강릉시,2022-11-17,75848
강릉시,2022-11-18,98270
강릉시,2022-11-19,138481
강릉시,2022-11-20,120726
강릉시,2022-11-21,76394
강릉시,2022-11-22,67809
강릉시,2022-11-23,65734
강릉시,2022-11-24,72023
강릉시,2022-11-25,90178
강릉시,2022-11-26,133578
강릉시,2022-11-27,116560
강릉시,2022-11-28,73056
강릉시,2022-11-29,66860
강릉시,2022-11-30,65646
강릉시,2022-12-01,52048
강릉시,2022-12-02,70091
강릉시,2022-12-03,104156
강릉시,2022-12-04,92222
강릉시,2022-12-05,57743
강릉시,2022-12-06,54288
강릉시,2022-12-07,54506
강릉시,2022-12-08,56847
강릉시,2022-12-09,73440
강릉시,2022-12-10,112959
강릉시,2022-12-11,98998
강릉시,2022-12-12,63830
강릉시,2022-12-13,58576
강릉시,2022-12-14,54646
강릉시,2022-12-15,57162
강릉시,2022-12-16,74420
강릉시,2022-12-17,111496
강릉시,2022-12-18,99925
강릉시,2022-12-19,68190
강릉시,2022-12-20,65863
강릉시,2022-12-21,57351
강릉시,2022-12-22,64099
강릉시,2022-12-23,79180
강릉시,2022-12-24,117394
강릉시,2022-12-25,112686
강릉시,2022-12-26,84192
강릉시,2022-12-27,81550
강릉시,2022-12-28,81193
강릉시,2022-12-29,88890
강릉시,2022-12-30,114912
강릉시,2022-12-31,163247
고성군,2021-01-01,38574
고성군,2021-01-02,30289
고성군,2021-01-03,18424
고성군,2021-01-04,12128
고성군,2021-01-05,12600
고성군,2021-01-06,11431
고성군,2021-01-07,9625
고성군,2021-01-08,10633
고성군,2021-01-09,15712
고성군,2021-01-10,16380
고성군,2021-01-11,12817
고성군,2021-01-12,13517
고성군,2021-01-13,14028
고성군,2021-01-14,15743
고성군,2021-01-15,17500
고성군,2021-01-16,25536
고성군,2021-01-17,22046
고성군,2021-01-18,13864
고성군,2021-01-19,14336
고성군,2021-01-20,15575
고성군,2021-01-21,16275
고성군,2021-01-22,18602
고성군,2021-01-23,24658
고성군,2021-01-24,24854
고성군,2021-01-25,17812
고성군,2021-01-26,17546
고성군,2021-01-27,18137
고성군,2021-01-28,15886
고성군,2021-01-29,17073
고성군,2021-01-30,28910
고성군,2021-01-31,28256
고성군,2021-02-01,14570
고성군,2021-02-02,13447
고성군,2021-02-03,13909
고성군,2021-02-04,13702
고성군,2021-02-05,18109
고성군,2021-02-06,28354
고성군,2021-02-07,24290
고성군,2021-02-08,14774
고성군,2021-02-09,14917
고성군,2021-02-10,19716
고성군,2021-02-11,41002
고성군,2021-02-12,57379
고성군,2021-02-13,53480
고성군,2021-02-14,30216
고성군,2021-02-15,17622
고성군,2021-02-16,15390
고성군,2021-02-17,15400
고성군,2021-02-18,17538
고성군,2021-02-19,22320
고성군,2021-02-20,36428
고성군,2021-02-21,35042
고성군,2021-02-22,22320
고성군,2021-02-23,21004
고성군,2021-02-24,21140
고성군,2021-02-25,22550
고성군,2021-02-26,28410
고성군,2021-02-27,45524
고성군,2021-02-28,59675
고성군,2021-03-01,26334
고성군,2021-03-02,8508
고성군,2021-03-03,11858
고성군,2021-03-04,13468
고성군,2021-03-05,17028
고성군,2021-03-06,19950
고성군,2021-03-07,20482
고성군,2021-03-08,15852
고성군,2021-03-09,16482
고성군,2021-03-10,17325
고성군,2021-03-11,18120
고성군,2021-03-12,20248
고성군,2021-03-13,35224
고성군,2021-03-14,32606
고성군,2021-03-15,19078
고성군,2021-03-16,18522
고성군,2021-03-17,18956
고성군,2021-03-18,18620
고성군,2021-03-19,21868
고성군,2021-03-20,30821
고성군,2021-03-21,28980
고성군,2021-03-22,19422
고성군,2021-03-23,18540
고성군,2021-03-24,18858
고성군,2021-03-25,20209
고성군,2021-03-26,24689
고성군,2021-03-27,34076
고성군,2021-03-28,31168
고성군,2021-03-29,20528
고성군,2021-03-30,20464
고성군,2021-03-31,20510
고성군,2021-04-01,16702
고성군,2021-04-02,21864
고성군,2021-04-03,29890
고성군,2021-04-04,26607
고성군,2021-04-05,20080
고성군,2021-04-06,19064
고성군,2021-04-07,18977
고성군,2021-04-08,19936
고성군,2021-04-09,26694
고성군,2021-04-10,46970
고성군,2021-04-11,40996
고성군,2021-04-12,19572
고성군,2021-04-13,17941
고성군,2021-04-14,18823
고성군,2021-04-15,20430
고성군,2021-04-16,26670
고성군,2021-04-17,44208
고성군,2021-04-18,40208
고성군,2021-04-19,21850
고성군,2021-04-20,21010
고성군,2021-04-21,21256
고성군,2021-04-22,21508
고성군,2021-04-23,27878
고성군,2021-04-24,47082
고성군,2021-04-25,41853
고성군,2021-04-26,24000
고성군,2021-04-27,22298
고성군,2021-04-28,21900
고성군,2021-04-29,21830
고성군,2021-04-30,27083
고성군,2021-05-01,40943
고성군,2021-05-02,43992
고성군,2021-05-03,29414
고성군,2021-05-04,27640
고성군,2021-05-05,36796
고성군,2021-05-06,30286
고성군,2021-05-07,32484
고성군,2021-05-08,44947
고성군,2021-05-09,38840
고성군,2021-05-10,21682
고성군,2021-05-11,21147
고성군,2021-05-12,21200
고성군,2021-05-13,23026
고성군,2021-05-14,29785
고성군,2021-05-15,46134
고성군,2021-05-16,32918
고성군,2021-05-17,22166
고성군,2021-05-18,27906
고성군,2021-05-19,40800
고성군,2021-05-20,25574
고성군,2021-05-21,29222
고성군,2021-05-22,53949
고성군,2021-05-23,47400
고성군,2021-05-24,24556
고성군,2021-05-25,22578
고성군,2021-05-26,23488
고성군,2021-05-27,22036
고성군,2021-05-28,27220
고성군,2021-05-29,51236
고성군,2021-05-30,47978
고성군,2021-05-31,23709
고성군,2021-06-01,17216
고성군,2021-06-02,18546
고성군,2021-06-03,18022
고성군,2021-06-04,27461
고성군,2021-06-05,53582
고성군,2021-06-06,47184
고성군,2021-06-07,23650
고성군,2021-06-08,21514
고성군,2021-06-09,21693
고성군,2021-06-10,22096
고성군,2021-06-11,29998
고성군,2021-06-12,56346
고성군,2021-06-13,50550
고성군,2021-06-14,26075
고성군,2021-06-15,23132
고성군,2021-06-16,22054
고성군,2021-06-17,24476
고성군,2021-06-18,33842
고성군,2021-06-19,63406
고성군,2021-06-20,55584
고성군,2021-06-21,27867
고성군,2021-06-22,26106
고성군,2021-06-23,27727
고성군,2021-06-24,30303
고성군,2021-06-25,41545
고성군,2021-06-26,61026
고성군,2021-06-27,59864
고성군,2021-06-28,33674
고성군,2021-06-29,29365
고성군,2021-06-30,27776
고성군,2021-07-01,27122
고성군,2021-07-02,37936
고성군,2021-07-03,55153
고성군,2021-07-04,44782
고성군,2021-07-05,30922
고성군,2021-07-06,30468
고성군,2021-07-07,28273
고성군,2021-07-08,26411
고성군,2021-07-09,34748
고성군,2021-07-10,56182
고성군,2021-07-11,53893
고성군,2021-07-12,32676
고성군,2021-07-13,31234
고성군,2021-07-14,30992
고성군,2021-07-15,32700
고성군,2021-07-16,43183
고성군,2021-07-17,64320
고성군,2021-07-18,62111
고성군,2021-07-19,39672
고성군,2021-07-20,38311
고성군,2021-07-21,38770
고성군,2021-07-22,40772
고성군,2021-07-23,46781
고성군,2021-07-24,64239
고성군,2021-07-25,61943
고성군,2021-07-26,45017
고성군,2021-07-27,40848
고성군,2021-07-28,43799
고성군,2021-07-29,49060
고성군,2021-07-30,57690
고성군,2021-07-31,77042
고성군,2021-08-01,71281
고성군,2021-08-02,61204
고성군,2021-08-03,56511
고성군,2021-08-04,49140
고성군,2021-08-05,50004
고성군,2021-08-06,53564
고성군,2021-08-07,54142
고성군,2021-08-08,55814
고성군,2021-08-09,38948
고성군,2021-08-10,38626
고성군,2021-08-11,39966
고성군,2021-08-12,43606
고성군,2021-08-13,49158
고성군,2021-08-14,62738
고성군,2021-08-15,73958
고성군,2021-08-16,56172
고성군,2021-08-17,34884
고성군,2021-08-18,30538
고성군,2021-08-19,33030
고성군,2021-08-20,39655
고성군,2021-08-21,47803
고성군,2021-08-22,52402
고성군,2021-08-23,34433
고성군,2021-08-24,27234
고성군,2021-08-25,27192
고성군,2021-08-26,31160
고성군,2021-08-27,36928
고성군,2021-08-28,56214
고성군,2021-08-29,50218
고성군,2021-08-30,30748
고성군,2021-08-31,25242
고성군,2021-09-01,18406
고성군,2021-09-02,23558
고성군,2021-09-03,31822
고성군,2021-09-04,50158
고성군,2021-09-05,42172
고성군,2021-09-06,23065
고성군,2021-09-07,17640
고성군,2021-09-08,21749
고성군,2021-09-09,26078
고성군,2021-09-10,31031
고성군,2021-09-11,48454
고성군,2021-09-12,43452
고성군,2021-09-13,24507
고성군,2021-09-14,23076
고성군,2021-09-15,21522
고성군,2021-09-16,21252
고성군,2021-09-17,23622
고성군,2021-09-18,51058
고성군,2021-09-19,76874
고성군,2021-09-20,82114
고성군,2021-09-21,72146
고성군,2021-09-22,46732
고성군,2021-09-23,31280
고성군,2021-09-24,30926
고성군,2021-09-25,36382
고성군,2021-09-26,37380
고성군,2021-09-27,24213
고성군,2021-09-28,22914
고성군,2021-09-29,20090
고성군,2021-09-30,23688
고성군,2021-10-01,27006
고성군,2021-10-02,55374
고성군,2021-10-03,63868
고성군,2021-10-04,37894
고성군,2021-10-05,17972
고성군,2021-10-06,16380
고성군,2021-10-07,19698
고성군,2021-10-08,26348
고성군,2021-10-09,55713
고성군,2021-10-10,69772
고성군,2021-10-11,43428
고성군,2021-10-12,26030
고성군,2021-10-13,26708
고성군,2021-10-14,28784
고성군,2021-10-15,29085
고성군,2021-10-16,47383
고성군,2021-10-17,46683
고성군,2021-10-18,29894
고성군,2021-10-19,26600
고성군,2021-10-20,27132
고성군,2021-10-21,28018
고성군,2021-10-22,33474
고성군,2021-10-23,55216
고성군,2021-10-24,51072
고성군,2021-10-25,31434
고성군,2021-10-26,29939
고성군,2021-10-27,29288
고성군,2021-10-28,30051
고성군,2021-10-29,36250
고성군,2021-10-30,57312
고성군,2021-10-31,50264
고성군,2021-11-01,23310
고성군,2021-11-02,21046
고성군,2021-11-03,22740
고성군,2021-11-04,25134
고성군,2021-11-05,32445
고성군,2021-11-06,49084
고성군,2021-11-07,43320
고성군,2021-11-08,21770
고성군,2021-11-09,20867
고성군,2021-11-10,20636
고성군,2021-11-11,22246
고성군,2021-11-12,29642
고성군,2021-11-13,46739
고성군,2021-11-14,41380
고성군,2021-11-15,25330
고성군,2021-11-16,22830
고성군,2021-11-17,22460
고성군,2021-11-18,25039
고성군,2021-11-19,31994
고성군,2021-11-20,50298
고성군,2021-11-21,43040
고성군,2021-11-22,24042
고성군,2021-11-23,21410
고성군,2021-11-24,20934
고성군,2021-11-25,23065
고성군,2021-11-26,29148
고성군,2021-11-27,47712
고성군,2021-11-28,42882
고성군,2021-11-29,26534
고성군,2021-11-30,21242
고성군,2021-12-01,17668
고성군,2021-12-02,19940
고성군,2021-12-03,28584
고성군,2021-12-04,47870
고성군,2021-12-05,43603
고성군,2021-12-06,25361
고성군,2021-12-07,20146
고성군,2021-12-08,20664
고성군,2021-12-09,22054
고성군,2021-12-10,29306
고성군,2021-12-11,47768
고성군,2021-12-12,43026
고성군,2021-12-13,23124
고성군,2021-12-14,20710
고성군,2021-12-15,20422
고성군,2021-12-16,22813
고성군,2021-12-17,27293
고성군,2021-12-18,38815
고성군,2021-12-19,34038
고성군,2021-12-20,23446
고성군,2021-12-21,22404
고성군,2021-12-22,21606
고성군,2021-12-23,22642
고성군,2021-12-24,26677
고성군,2021-12-25,30698
고성군,2021-12-26,31322
고성군,2021-12-27,23656
고성군,2021-12-28,24406
고성군,2021-12-29,26352
고성군,2021-12-30,30772
고성군,2021-12-31,47218
고성군,2022-01-01,74176
고성군,2022-01-02,40103
고성군,2022-01-03,20374
고성군,2022-01-04,19082
고성군,2022-01-05,19316
고성군,2022-01-06,19394
고성군,2022-01-07,23583
고성군,2022-01-08,36656
고성군,2022-01-09,34293
고성군,2022-01-10,23664
고성군,2022-01-11,21161
고성군,2022-01-12,20027
고성군,2022-01-13,21063
고성군,2022-01-14,26170
고성군,2022-01-15,39928
고성군,2022-01-16,37940
고성군,2022-01-17,24654
고성군,2022-01-18,22180
고성군,2022-01-19,19422
고성군,2022-01-20,18336
고성군,2022-01-21,25190
고성군,2022-01-22,39676
고성군,2022-01-23,36810
고성군,2022-01-24,22281
고성군,2022-01-25,21494
고성군,2022-01-26,20461
고성군,2022-01-27,21304
고성군,2022-01-28,23720
고성군,2022-01-29,43138
고성군,2022-01-30,61842
고성군,2022-01-31,65782
고성군,2022-02-01,52916
고성군,2022-02-02,33551
고성군,2022-02-03,24014
고성군,2022-02-04,25106
고성군,2022-02-05,30516
고성군,2022-02-06,26498
고성군,2022-02-07,18123
고성군,2022-02-08,19078
고성군,2022-02-09,19142
고성군,2022-02-10,19548
고성군,2022-02-11,25476
고성군,2022-02-12,39812
고성군,2022-02-13,34954
고성군,2022-02-14,21326
고성군,2022-02-15,20489
고성군,2022-02-16,18770
고성군,2022-02-17,20800
고성군,2022-02-18,27111
고성군,2022-02-19,41388
고성군,2022-02-20,37334
고성군,2022-02-21,26240
고성군,2022-02-22,23786
고성군,2022-02-23,22138
고성군,2022-02-24,23818
고성군,2022-02-25,27503
고성군,2022-02-26,41702
고성군,2022-02-27,46344
고성군,2022-02-28,34916
고성군,2022-03-01,25676
고성군,2022-03-02,17356
고성군,2022-03-03,17756
고성군,2022-03-04,19544
고성군,2022-03-05,28567
고성군,2022-03-06,26450
고성군,2022-03-07,17626
고성군,2022-03-08,18025
고성군,2022-03-09,20430
고성군,2022-03-10,17762
고성군,2022-03-11,21326
고성군,2022-03-12,30894
고성군,2022-03-13,22446
고성군,2022-03-14,15306
고성군,2022-03-15,17108
고성군,2022-03-16,17794
고성군,2022-03-17,15194
고성군,2022-03-18,17661
고성군,2022-03-19,22858
고성군,2022-03-20,26404
고성군,2022-03-21,18480
고성군,2022-03-22,17822
고성군,2022-03-23,17255
고성군,2022-03-24,18718
고성군,2022-03-25,23104
고성군,2022-03-26,30884
고성군,2022-03-27,32330
고성군,2022-03-28,21098
고성군,2022-03-29,20223
고성군,2022-03-30,18781
고성군,2022-03-31,17332
고성군,2022-04-01,22645
고성군,2022-04-02,40082
고성군,2022-04-03,36799
고성군,2022-04-04,19222
고성군,2022-04-05,18816
고성군,2022-04-06,18858
고성군,2022-04-07,19740
고성군,2022-04-08,27426
고성군,2022-04-09,43698
고성군,2022-04-10,41419
고성군,2022-04-11,23160
고성군,2022-04-12,21105
고성군,2022-04-13,18148
고성군,2022-04-14,20632
고성군,2022-04-15,28886
고성군,2022-04-16,49550
고성군,2022-04-17,44712
고성군,2022-04-18,25501
고성군,2022-04-19,23709
고성군,2022-04-20,24574
고성군,2022-04-21,25490
고성군,2022-04-22,31266
고성군,2022-04-23,51100
고성군,2022-04-24,45524
고성군,2022-04-25,25991
고성군,2022-04-26,23541
고성군,2022-04-27,25246
고성군,2022-04-28,25809
고성군,2022-04-29,31784
고성군,2022-04-30,56119
고성군,2022-05-01,47026
고성군,2022-05-02,24182
고성군,2022-05-03,22376
고성군,2022-05-04,28511
고성군,2022-05-05,57886
고성군,2022-05-06,58702
고성군,2022-05-07,60494
고성군,2022-05-08,46298
고성군,2022-05-09,24717
고성군,2022-05-10,22834
고성군,2022-05-11,22491
고성군,2022-05-12,24770
고성군,2022-05-13,31062
고성군,2022-05-14,52552
고성군,2022-05-15,49714
고성군,2022-05-16,27472
고성군,2022-05-17,26170
고성군,2022-05-18,24752
고성군,2022-05-19,26327
고성군,2022-05-20,33915
고성군,2022-05-21,58902
고성군,2022-05-22,51258
고성군,2022-05-23,28987
고성군,2022-05-24,27132
고성군,2022-05-25,26285
고성군,2022-05-26,27265
고성군,2022-05-27,34772
고성군,2022-05-28,59878
고성군,2022-05-29,52538
고성군,2022-05-30,29232
고성군,2022-05-31,31328
고성군,2022-06-01,36592
고성군,2022-06-02,32000
고성군,2022-06-03,39585
고성군,2022-06-04,75313
고성군,2022-06-05,80850
고성군,2022-06-06,48366
고성군,2022-06-07,24014
고성군,2022-06-08,25599
고성군,2022-06-09,27307
고성군,2022-06-10,38728
고성군,2022-06-11,60288
고성군,2022-06-12,57820
고성군,2022-06-13,32238
고성군,2022-06-14,27912
고성군,2022-06-15,25298
고성군,2022-06-16,30093
고성군,2022-06-17,39403
고성군,2022-06-18,65790
고성군,2022-06-19,58653
고성군,2022-06-20,34559
고성군,2022-06-21,33114
고성군,2022-06-22,32795
고성군,2022-06-23,31969
고성군,2022-06-24,41867
고성군,2022-06-25,68026
고성군,2022-06-26,56336
고성군,2022-06-27,34724
고성군,2022-06-28,30390
고성군,2022-06-29,27212
고성군,2022-06-30,25210
고성군,2022-07-01,35116
고성군,2022-07-02,61782
고성군,2022-07-03,57858
고성군,2022-07-04,33394
고성군,2022-07-05,30408
고성군,2022-07-06,28224
고성군,2022-07-07,29284
고성군,2022-07-08,39176
고성군,2022-07-09,62307
고성군,2022-07-10,57782
고성군,2022-07-11,31798
고성군,2022-07-12,31626
고성군,2022-07-13,28406
고성군,2022-07-14,31608
고성군,2022-07-15,40698
고성군,2022-07-16,59465
고성군,2022-07-17,57141
고성군,2022-07-18,37289
고성군,2022-07-19,36435
고성군,2022-07-20,38171
고성군,2022-07-21,37520
고성군,2022-07-22,48174
고성군,2022-07-23,68523
고성군,2022-07-24,63861
고성군,2022-07-25,52101
고성군,2022-07-26,51188
고성군,2022-07-27,52272
고성군,2022-07-28,58454
고성군,2022-07-29,68579
고성군,2022-07-30,94650
고성군,2022-07-31,89327
고성군,2022-08-01,73381
고성군,2022-08-02,68586
고성군,2022-08-03,63004
고성군,2022-08-04,64470
고성군,2022-08-05,69720
고성군,2022-08-06,81844
고성군,2022-08-07,74484
고성군,2022-08-08,51800
고성군,2022-08-09,43673
고성군,2022-08-10,42819
고성군,2022-08-11,49511
고성군,2022-08-12,61236
고성군,2022-08-13,92330
고성군,2022-08-14,95704
고성군,2022-08-15,71886
고성군,2022-08-16,48178
고성군,2022-08-17,41310
고성군,2022-08-18,44194
고성군,2022-08-19,46949
고성군,2022-08-20,66262
고성군,2022-08-21,68660
고성군,2022-08-22,42588
고성군,2022-08-23,37034
고성군,2022-08-24,34836
고성군,2022-08-25,36246
고성군,2022-08-26,44296
고성군,2022-08-27,67865
고성군,2022-08-28,62912
고성군,2022-08-29,38658
고성군,2022-08-30,32904
고성군,2022-08-31,27342
고성군,2022-09-01,28448
고성군,2022-09-02,33302
고성군,2022-09-03,49329
고성군,2022-09-04,33964
고성군,2022-09-05,15246
고성군,2022-09-06,13842
고성군,2022-09-07,18904
고성군,2022-09-08,29442
고성군,2022-09-09,66724
고성군,2022-09-10,94406
고성군,2022-09-11,80672
고성군,2022-09-12,48783
고성군,2022-09-13,27286
고성군,2022-09-14,23292
고성군,2022-09-15,24766
고성군,2022-09-16,30296
고성군,2022-09-17,48475
고성군,2022-09-18,42704
고성군,2022-09-19,24486
고성군,2022-09-20,26498
고성군,2022-09-21,28511
고성군,2022-09-22,29820
고성군,2022-09-23,36778
고성군,2022-09-24,54800
고성군,2022-09-25,51450
고성군,2022-09-26,30800
고성군,2022-09-27,29806
고성군,2022-09-28,28504
고성군,2022-09-29,29330
고성군,2022-09-30,35889
고성군,2022-10-01,65506
고성군,2022-10-02,73465
고성군,2022-10-03,44737
고성군,2022-10-04,18466
고성군,2022-10-05,17518
고성군,2022-10-06,18648
고성군,2022-10-07,26316
고성군,2022-10-08,62394
고성군,2022-10-09,72790
고성군,2022-10-10,49024
고성군,2022-10-11,27265
고성군,2022-10-12,27489
고성군,2022-10-13,29267
고성군,2022-10-14,35116
고성군,2022-10-15,56588
고성군,2022-10-16,52056
고성군,2022-10-17,32382
고성군,2022-10-18,33831
고성군,2022-10-19,31724
고성군,2022-10-20,33604
고성군,2022-10-21,40120
고성군,2022-10-22,64134
고성군,2022-10-23,51684
고성군,2022-10-24,29466
고성군,2022-10-25,29424
고성군,2022-10-26,30776
고성군,2022-10-27,30366
고성군,2022-10-28,33912
고성군,2022-10-29,54334
고성군,2022-10-30,50043
고성군,2022-10-31,28640
고성군,2022-11-01,23356
고성군,2022-11-02,22736
고성군,2022-11-03,22512
고성군,2022-11-04,29197
고성군,2022-11-05,46942
고성군,2022-11-06,41968
고성군,2022-11-07,23233
고성군,2022-11-08,22074
고성군,2022-11-09,22267
고성군,2022-11-10,23006
고성군,2022-11-11,28570
고성군,2022-11-12,43894
고성군,2022-11-13,35438
고성군,2022-11-14,23072
고성군,2022-11-15,21525
고성군,2022-11-16,21854
고성군,2022-11-17,24458
고성군,2022-11-18,30370
고성군,2022-11-19,45283
고성군,2022-11-20,41016
고성군,2022-11-21,24076
고성군,2022-11-22,21172
고성군,2022-11-23,18666
고성군,2022-11-24,21882
고성군,2022-11-25,28822
고성군,2022-11-26,44331
고성군,2022-11-27,40537
고성군,2022-11-28,22334
고성군,2022-11-29,19610
고성군,2022-11-30,19145
고성군,2022-12-01,17682
고성군,2022-12-02,25106
고성군,2022-12-03,40600
고성군,2022-12-04,37418
고성군,2022-12-05,22054
고성군,2022-12-06,19540
고성군,2022-12-07,19106
고성군,2022-12-08,22120
고성군,2022-12-09,27566
고성군,2022-12-10,44664
고성군,2022-12-11,40736
고성군,2022-12-12,23093
고성군,2022-12-13,19551
고성군,2022-12-14,17017
고성군,2022-12-15,18844
고성군,2022-12-16,26106
고성군,2022-12-17,41790
고성군,2022-12-18,37692
고성군,2022-12-19,23184
고성군,2022-12-20,21794
고성군,2022-12-21,19243
고성군,2022-12-22,21441
고성군,2022-12-23,25708
고성군,2022-12-24,40117
고성군,2022-12-25,42574
고성군,2022-12-26,31731
고성군,2022-12-27,28616
고성군,2022-12-28,28186
고성군,2022-12-29,30597
고성군,2022-12-30,42606
고성군,2022-12-31,62111
동해시,2021-01-01,25844
동해시,2021-01-02,23044
동해시,2021-01-03,16692
동해시,2021-01-04,13475
동해시,2021-01-05,13531
동해시,2021-01-06,13450
동해시,2021-01-07,12586
동해시,2021-01-08,14388
동해시,2021-01-09,17686
동해시,2021-01-10,15908
동해시,2021-01-11,14399
동해시,2021-01-12,16026
동해시,2021-01-13,16796
동해시,2021-01-14,17080
동해시,2021-01-15,18784
동해시,2021-01-16,26058
동해시,2021-01-17,20664
동해시,2021-01-18,16076
동해시,2021-01-19,15883
동해시,2021-01-20,17364
동해시,2021-01-21,18232
동해시,2021-01-22,18854
동해시,2021-01-23,23194
동해시,2021-01-24,21164
동해시,2021-01-25,19306
동해시,2021-01-26,18690
동해시,2021-01-27,19554
동해시,2021-01-28,18039
동해시,2021-01-29,18809
동해시,2021-01-30,24994
동해시,2021-01-31,23916
동해시,2021-02-01,13422
동해시,2021-02-02,13993
동해시,2021-02-03,15050
동해시,2021-02-04,14592
동해시,2021-02-05,17062
동해시,2021-02-06,24206
동해시,2021-02-07,20464
동해시,2021-02-08,17080
동해시,2021-02-09,17500
동해시,2021-02-10,24426
동해시,2021-02-11,39179
동해시,2021-02-12,53270
동해시,2021-02-13,48146
동해시,2021-02-14,28812
동해시,2021-02-15,19670
동해시,2021-02-16,18774
동해시,2021-02-17,18445
동해시,2021-02-18,20108
동해시,2021-02-19,23096
동해시,2021-02-20,32620
동해시,2021-02-21,29456
동해시,2021-02-22,21920
동해시,2021-02-23,22939
동해시,2021-02-24,22530
동해시,2021-02-25,22841
동해시,2021-02-26,28122
동해시,2021-02-27,41982
동해시,2021-02-28,49483
동해시,2021-03-01,20822
동해시,2021-03-02,11522
동해시,2021-03-03,15214
동해시,2021-03-04,16670
동해시,2021-03-05,20016
동해시,2021-03-06,20654
동해시,2021-03-07,21168
동해시,2021-03-08,18536
동해시,2021-03-09,18844
동해시,2021-03-10,19394
동해시,2021-03-11,19100
동해시,2021-03-12,20440
동해시,2021-03-13,30986
동해시,2021-03-14,25270
동해시,2021-03-15,19502
동해시,2021-03-16,20349
동해시,2021-03-17,20111
동해시,2021-03-18,20699
동해시,2021-03-19,23460
동해시,2021-03-20,29368
동해시,2021-03-21,27048
동해시,2021-03-22,20100
동해시,2021-03-23,21760
동해시,2021-03-24,21248
동해시,2021-03-25,21189
동해시,2021-03-26,23310
동해시,2021-03-27,29278
동해시,2021-03-28,26159
동해시,2021-03-29,20587
동해시,2021-03-30,21640
동해시,2021-03-31,21340
동해시,2021-04-01,16460
동해시,2021-04-02,19904
동해시,2021-04-03,26271
동해시,2021-04-04,21497
동해시,2021-04-05,18686
동해시,2021-04-06,34832
동해시,2021-04-07,26222
동해시,2021-04-08,26576
동해시,2021-04-09,28962
동해시,2021-04-10,40526
동해시,2021-04-11,34979
동해시,2021-04-12,24454
동해시,2021-04-13,25070
동해시,2021-04-14,26278
동해시,2021-04-15,27780
동해시,2021-04-16,31416
동해시,2021-04-17,39602
동해시,2021-04-18,38454
동해시,2021-04-19,28147
동해시,2021-04-20,27377
동해시,2021-04-21,27531
동해시,2021-04-22,27097
동해시,2021-04-23,31644
동해시,2021-04-24,42259
동해시,2021-04-25,37418
동해시,2021-04-26,28119
동해시,2021-04-27,27825
동해시,2021-04-28,28760
동해시,2021-04-29,23412
동해시,2021-04-30,30426
동해시,2021-05-01,33628
동해시,2021-05-02,31493
동해시,2021-05-03,23527
동해시,2021-05-04,23348
동해시,2021-05-05,29298
동해시,2021-05-06,24112
동해시,2021-05-07,28228
동해시,2021-05-08,41996
동해시,2021-05-09,34976
동해시,2021-05-10,21710
동해시,2021-05-11,22474
동해시,2021-05-12,22158
동해시,2021-05-13,22824
동해시,2021-05-14,25872
동해시,2021-05-15,33999
동해시,2021-05-16,26050
동해시,2021-05-17,20962
동해시,2021-05-18,24885
동해시,2021-05-19,30653
동해시,2021-05-20,22186
동해시,2021-05-21,24339
동해시,2021-05-22,38843
동해시,2021-05-23,34286
동해시,2021-05-24,21924
동해시,2021-05-25,21700
동해시,2021-05-26,22284
동해시,2021-05-27,21084
동해시,2021-05-28,24542
동해시,2021-05-29,37230
동해시,2021-05-30,34150
동해시,2021-05-31,21805
동해시,2021-06-01,16356
동해시,2021-06-02,17444
동해시,2021-06-03,17703
동해시,2021-06-04,21276
동해시,2021-06-05,34825
동해시,2021-06-06,30922
동해시,2021-06-07,18876
동해시,2021-06-08,20174
동해시,2021-06-09,19694
동해시,2021-06-10,20034
동해시,2021-06-11,23219
동해시,2021-06-12,36988
동해시,2021-06-13,34016
동해시,2021-06-14,20846
동해시,2021-06-15,20286
동해시,2021-06-16,20230
동해시,2021-06-17,21312
동해시,2021-06-18,26666
동해시,2021-06-19,42469
동해시,2021-06-20,38052
동해시,2021-06-21,23499
동해시,2021-06-22,23471
동해시,2021-06-23,25095
동해시,2021-06-24,25767
동해시,2021-06-25,30751
동해시,2021-06-26,43474
동해시,2021-06-27,40624
동해시,2021-06-28,27440
동해시,2021-06-29,25330
동해시,2021-06-30,25074
동해시,2021-07-01,22680
동해시,2021-07-02,26946
동해시,2021-07-03,38962
동해시,2021-07-04,31479
동해시,2021-07-05,21812
동해시,2021-07-06,22698
동해시,2021-07-07,22015
동해시,2021-07-08,22788
동해시,2021-07-09,26502
동해시,2021-07-10,40054
동해시,2021-07-11,35371
동해시,2021-07-12,23863
동해시,2021-07-13,24948
동해시,2021-07-14,24801
동해시,2021-07-15,25112
동해시,2021-07-16,29939
동해시,2021-07-17,42392
동해시,2021-07-18,38871
동해시,2021-07-19,27416
동해시,2021-07-20,27545
동해시,2021-07-21,26705
동해시,2021-07-22,27360
동해시,2021-07-23,32918
동해시,2021-07-24,43046
동해시,2021-07-25,38290
동해시,2021-07-26,30496
동해시,2021-07-27,29225
동해시,2021-07-28,31213
동해시,2021-07-29,34100
동해시,2021-07-30,41450
동해시,2021-07-31,53109
동해시,2021-08-01,48972
동해시,2021-08-02,43442
동해시,2021-08-03,38230
동해시,2021-08-04,34800
동해시,2021-08-05,34402
동해시,2021-08-06,37866
동해시,2021-08-07,35522
동해시,2021-08-08,36526
동해시,2021-08-09,27464
동해시,2021-08-10,28346
동해시,2021-08-11,28494
동해시,2021-08-12,30317
동해시,2021-08-13,36186
동해시,2021-08-14,46554
동해시,2021-08-15,52213
동해시,2021-08-16,39988
동해시,2021-08-17,26274
동해시,2021-08-18,24696
동해시,2021-08-19,24420
동해시,2021-08-20,29558
동해시,2021-08-21,35644
동해시,2021-08-22,32760
동해시,2021-08-23,24801
동해시,2021-08-24,22974
동해시,2021-08-25,23387
동해시,2021-08-26,25368
동해시,2021-08-27,28273
동해시,2021-08-28,39568
동해시,2021-08-29,33978
동해시,2021-08-30,25056
동해시,2021-08-31,22057
동해시,2021-09-01,16174
동해시,2021-09-02,18540
동해시,2021-09-03,24829
동해시,2021-09-04,35063
동해시,2021-09-05,28830
동해시,2021-09-06,19166
동해시,2021-09-07,18641
동해시,2021-09-08,21206
동해시,2021-09-09,22032
동해시,2021-09-10,24188
동해시,2021-09-11,36379
동해시,2021-09-12,30366
동해시,2021-09-13,22236
동해시,2021-09-14,22138
동해시,2021-09-15,21528
동해시,2021-09-16,22015
동해시,2021-09-17,25288
동해시,2021-09-18,48006
동해시,2021-09-19,65902
동해시,2021-09-20,72888
동해시,2021-09-21,68068
동해시,2021-09-22,43466
동해시,2021-09-23,27433
동해시,2021-09-24,26047
동해시,2021-09-25,31322
동해시,2021-09-26,29603
동해시,2021-09-27,23513
동해시,2021-09-28,24888
동해시,2021-09-29,22054
동해시,2021-09-30,23590
동해시,2021-10-01,22337
동해시,2021-10-02,39350
동해시,2021-10-03,45094
동해시,2021-10-04,28654
동해시,2021-10-05,18753
동해시,2021-10-06,16485
동해시,2021-10-07,19173
동해시,2021-10-08,23940
동해시,2021-10-09,42224
동해시,2021-10-10,51418
동해시,2021-10-11,30930
동해시,2021-10-12,23989
동해시,2021-10-13,23940
동해시,2021-10-14,23776
동해시,2021-10-15,24860
동해시,2021-10-16,38934
동해시,2021-10-17,35836
동해시,2021-10-18,25102
동해시,2021-10-19,23275
동해시,2021-10-20,24070
동해시,2021-10-21,24924
동해시,2021-10-22,28238
동해시,2021-10-23,46266
동해시,2021-10-24,39984
동해시,2021-10-25,25862
동해시,2021-10-26,25837
동해시,2021-10-27,26215
동해시,2021-10-28,27486
동해시,2021-10-29,30562
동해시,2021-10-30,45997
동해시,2021-10-31,39680
동해시,2021-11-01,21196
동해시,2021-11-02,21147
동해시,2021-11-03,23296
동해시,2021-11-04,22550
동해시,2021-11-05,26138
동해시,2021-11-06,41598
동해시,2021-11-07,34825
동해시,2021-11-08,19548
동해시,2021-11-09,19607
동해시,2021-11-10,21273
동해시,2021-11-11,21402
동해시,2021-11-12,25134
동해시,2021-11-13,39200
동해시,2021-11-14,33747
동해시,2021-11-15,22172
동해시,2021-11-16,22060
동해시,2021-11-17,22236
동해시,2021-11-18,23261
동해시,2021-11-19,27346
동해시,2021-11-20,39011
동해시,2021-11-21,34314
동해시,2021-11-22,20972
동해시,2021-11-23,21518
동해시,2021-11-24,21287
동해시,2021-11-25,21144
동해시,2021-11-26,25848
동해시,2021-11-27,36953
동해시,2021-11-28,35693
동해시,2021-11-29,22074
동해시,2021-11-30,19761
동해시,2021-12-01,16104
동해시,2021-12-02,22354
동해시,2021-12-03,27146
동해시,2021-12-04,39630
동해시,2021-12-05,33708
동해시,2021-12-06,22928
동해시,2021-12-07,20937
동해시,2021-12-08,22022
동해시,2021-12-09,21508
동해시,2021-12-10,24524
동해시,2021-12-11,36099
동해시,2021-12-12,31262
동해시,2021-12-13,22113
동해시,2021-12-14,21066
동해시,2021-12-15,21112
동해시,2021-12-16,21945
동해시,2021-12-17,25498
동해시,2021-12-18,34226
동해시,2021-12-19,30048
동해시,2021-12-20,23272
동해시,2021-12-21,23464
동해시,2021-12-22,23810
동해시,2021-12-23,25120
동해시,2021-12-24,27430
동해시,2021-12-25,31608
동해시,2021-12-26,29512
동해시,2021-12-27,24678
동해시,2021-12-28,25697
동해시,2021-12-29,26173
동해시,2021-12-30,28718
동해시,2021-12-31,41352
동해시,2022-01-01,55895
동해시,2022-01-02,33456
동해시,2022-01-03,20195
동해시,2022-01-04,19110
동해시,2022-01-05,19204
동해시,2022-01-06,20128
동해시,2022-01-07,22477
동해시,2022-01-08,33894
동해시,2022-01-09,29169
동해시,2022-01-10,22484
동해시,2022-01-11,22522
동해시,2022-01-12,22082
동해시,2022-01-13,23734
동해시,2022-01-14,26754
동해시,2022-01-15,36358
동해시,2022-01-16,33114
동해시,2022-01-17,24255
동해시,2022-01-18,26134
동해시,2022-01-19,24094
동해시,2022-01-20,20542
동해시,2022-01-21,25634
동해시,2022-01-22,35682
동해시,2022-01-23,34867
동해시,2022-01-24,23730
동해시,2022-01-25,24220
동해시,2022-01-26,23338
동해시,2022-01-27,23989
동해시,2022-01-28,32018
동해시,2022-01-29,44978
동해시,2022-01-30,57288
동해시,2022-01-31,62034
동해시,2022-02-01,52346
동해시,2022-02-02,33610
동해시,2022-02-03,23944
동해시,2022-02-04,23300
동해시,2022-02-05,26929
동해시,2022-02-06,22474
동해시,2022-02-07,18949
동해시,2022-02-08,21906
동해시,2022-02-09,21224
동해시,2022-02-10,20990
동해시,2022-02-11,23499
동해시,2022-02-12,32602
동해시,2022-02-13,29648
동해시,2022-02-14,21458
동해시,2022-02-15,21452
동해시,2022-02-16,21763
동해시,2022-02-17,22180
동해시,2022-02-18,26733
동해시,2022-02-19,34314
동해시,2022-02-20,30608
동해시,2022-02-21,25291
동해시,2022-02-22,24913
동해시,2022-02-23,26008
동해시,2022-02-24,25014
동해시,2022-02-25,26327
동해시,2022-02-26,38066
동해시,2022-02-27,37121
동해시,2022-02-28,33470
동해시,2022-03-01,27086
동해시,2022-03-02,22715
동해시,2022-03-03,24759
동해시,2022-03-04,25144
동해시,2022-03-05,28525
동해시,2022-03-06,24234
동해시,2022-03-07,22368
동해시,2022-03-08,24616
동해시,2022-03-09,24283
동해시,2022-03-10,23104
동해시,2022-03-11,26288
동해시,2022-03-12,30706
동해시,2022-03-13,25378
동해시,2022-03-14,23282
동해시,2022-03-15,24706
동해시,2022-03-16,26848
동해시,2022-03-17,25900
동해시,2022-03-18,26124
동해시,2022-03-19,28021
동해시,2022-03-20,28556
동해시,2022-03-21,26670
동해시,2022-03-22,27741
동해시,2022-03-23,28794
동해시,2022-03-24,28130
동해시,2022-03-25,31262
동해시,2022-03-26,35234
동해시,2022-03-27,34573
동해시,2022-03-28,31010
동해시,2022-03-29,28777
동해시,2022-03-30,26946
동해시,2022-03-31,26306
동해시,2022-04-01,22260
동해시,2022-04-02,33562
동해시,2022-04-03,33712
동해시,2022-04-04,19736
동해시,2022-04-05,20370
동해시,2022-04-06,20097
동해시,2022-04-07,20920
동해시,2022-04-08,26918
동해시,2022-04-09,37058
동해시,2022-04-10,33148
동해시,2022-04-11,23054
동해시,2022-04-12,23440
동해시,2022-04-13,23012
동해시,2022-04-14,23432
동해시,2022-04-15,29586
동해시,2022-04-16,42234
동해시,2022-04-17,37524
동해시,2022-04-18,28528
동해시,2022-04-19,26736
동해시,2022-04-20,28872
동해시,2022-04-21,29869
동해시,2022-04-22,34972
동해시,2022-04-23,50470
동해시,2022-04-24,42116
동해시,2022-04-25,31220
동해시,2022-04-26,30674
동해시,2022-04-27,32585
동해시,2022-04-28,34352
동해시,2022-04-29,33982
동해시,2022-04-30,49060
동해시,2022-05-01,36253
동해시,2022-05-02,22995
동해시,2022-05-03,25616
동해시,2022-05-04,27916
동해시,2022-05-05,46935
동해시,2022-05-06,49952
동해시,2022-05-07,55142
동해시,2022-05-08,46907
동해시,2022-05-09,25284
동해시,2022-05-10,25270
동해시,2022-05-11,25382
동해시,2022-05-12,25008
동해시,2022-05-13,29652
동해시,2022-05-14,43442
동해시,2022-05-15,39571
동해시,2022-05-16,25736
동해시,2022-05-17,26488
동해시,2022-05-18,28042
동해시,2022-05-19,26484
동해시,2022-05-20,31073
동해시,2022-05-21,44642
동해시,2022-05-22,39557
동해시,2022-05-23,27363
동해시,2022-05-24,26254
동해시,2022-05-25,26719
동해시,2022-05-26,27016
동해시,2022-05-27,30930
동해시,2022-05-28,48072
동해시,2022-05-29,40418
동해시,2022-05-30,26968
동해시,2022-05-31,28763
동해시,2022-06-01,28700
동해시,2022-06-02,24090
동해시,2022-06-03,32459
동해시,2022-06-04,56301
동해시,2022-06-05,59966
동해시,2022-06-06,35948
동해시,2022-06-07,22096
동해시,2022-06-08,25960
동해시,2022-06-09,23880
동해시,2022-06-10,27660
동해시,2022-06-11,41601
동해시,2022-06-12,36981
동해시,2022-06-13,25686
동해시,2022-06-14,23958
동해시,2022-06-15,23782
동해시,2022-06-16,26033
동해시,2022-06-17,29925
동해시,2022-06-18,47736
동해시,2022-06-19,41622
동해시,2022-06-20,27538
동해시,2022-06-21,28154
동해시,2022-06-22,27783
동해시,2022-06-23,28024
동해시,2022-06-24,30072
동해시,2022-06-25,45087
동해시,2022-06-26,39984
동해시,2022-06-27,26212
동해시,2022-06-28,27545
동해시,2022-06-29,25221
동해시,2022-06-30,24745
동해시,2022-07-01,29376
동해시,2022-07-02,44002
동해시,2022-07-03,41209
동해시,2022-07-04,25361
동해시,2022-07-05,26022
동해시,2022-07-06,25389
동해시,2022-07-07,27016
동해시,2022-07-08,32210
동해시,2022-07-09,45717
동해시,2022-07-10,40474
동해시,2022-07-11,26607
동해시,2022-07-12,27556
동해시,2022-07-13,27724
동해시,2022-07-14,28168
동해시,2022-07-15,32900
동해시,2022-07-16,45006
동해시,2022-07-17,42878
동해시,2022-07-18,34906
동해시,2022-07-19,34608
동해시,2022-07-20,35385
동해시,2022-07-21,35546
동해시,2022-07-22,42091
동해시,2022-07-23,56987
동해시,2022-07-24,49518
동해시,2022-07-25,40268
동해시,2022-07-26,41440
동해시,2022-07-27,42791
동해시,2022-07-28,46571
동해시,2022-07-29,55321
동해시,2022-07-30,71407
동해시,2022-07-31,70802
동해시,2022-08-01,56220
동해시,2022-08-02,53204
동해시,2022-08-03,47624
동해시,2022-08-04,44454
동해시,2022-08-05,48328
동해시,2022-08-06,55132
동해시,2022-08-07,47666
동해시,2022-08-08,35833
동해시,2022-08-09,31584
동해시,2022-08-10,30278
동해시,2022-08-11,30902
동해시,2022-08-12,41202
동해시,2022-08-13,64558
동해시,2022-08-14,63836
동해시,2022-08-15,49259
동해시,2022-08-16,33362
동해시,2022-08-17,32000
동해시,2022-08-18,34286
동해시,2022-08-19,34520
동해시,2022-08-20,45818
동해시,2022-08-21,44898
동해시,2022-08-22,31297
동해시,2022-08-23,32375
동해시,2022-08-24,30660
동해시,2022-08-25,30114
동해시,2022-08-26,36004
동해시,2022-08-27,48111
동해시,2022-08-28,47890
동해시,2022-08-29,30086
동해시,2022-08-30,26414
동해시,2022-08-31,25084
동해시,2022-09-01,25851
동해시,2022-09-02,29102
동해시,2022-09-03,42056
동해시,2022-09-04,29092
동해시,2022-09-05,19320
동해시,2022-09-06,18876
동해시,2022-09-07,24118
동해시,2022-09-08,36732
동해시,2022-09-09,68537
동해시,2022-09-10,90184
동해시,2022-09-11,74305
동해시,2022-09-12,44555
동해시,2022-09-13,28189
동해시,2022-09-14,26607
동해시,2022-09-15,27699
동해시,2022-09-16,30485
동해시,2022-09-17,39207
동해시,2022-09-18,38871
동해시,2022-09-19,23380
동해시,2022-09-20,28402
동해시,2022-09-21,29522
동해시,2022-09-22,30860
동해시,2022-09-23,38370
동해시,2022-09-24,52874
동해시,2022-09-25,44114
동해시,2022-09-26,29418
동해시,2022-09-27,30226
동해시,2022-09-28,30324
동해시,2022-09-29,29561
동해시,2022-09-30,33442
동해시,2022-10-01,50782
동해시,2022-10-02,56189
동해시,2022-10-03,41531
동해시,2022-10-04,20514
동해시,2022-10-05,21763
동해시,2022-10-06,22698
동해시,2022-10-07,27794
동해시,2022-10-08,55251
동해시,2022-10-09,57960
동해시,2022-10-10,39991
동해시,2022-10-11,26744
동해시,2022-10-12,28392
동해시,2022-10-13,29449
동해시,2022-10-14,30912
동해시,2022-10-15,46053
동해시,2022-10-16,43344
동해시,2022-10-17,25851
동해시,2022-10-18,30838
동해시,2022-10-19,29498
동해시,2022-10-20,32074
동해시,2022-10-21,36008
동해시,2022-10-22,52535
동해시,2022-10-23,41066
동해시,2022-10-24,27912
동해시,2022-10-25,30426
동해시,2022-10-26,32372
동해시,2022-10-27,32543
동해시,2022-10-28,36404
동해시,2022-10-29,50001
동해시,2022-10-30,43134
동해시,2022-10-31,28788
동해시,2022-11-01,26145
동해시,2022-11-02,25910
동해시,2022-11-03,29102
동해시,2022-11-04,31983
동해시,2022-11-05,45804
동해시,2022-11-06,43295
동해시,2022-11-07,28486
동해시,2022-11-08,30492
동해시,2022-11-09,29502
동해시,2022-11-10,28284
동해시,2022-11-11,34136
동해시,2022-11-12,47796
동해시,2022-11-13,37698
동해시,2022-11-14,28976
동해시,2022-11-15,28346
동해시,2022-11-16,26789
동해시,2022-11-17,29656
동해시,2022-11-18,37037
동해시,2022-11-19,46599
동해시,2022-11-20,42322
동해시,2022-11-21,27538
동해시,2022-11-22,25774
동해시,2022-11-23,25697
동해시,2022-11-24,30250
동해시,2022-11-25,32928
동해시,2022-11-26,45451
동해시,2022-11-27,40446
동해시,2022-11-28,28672
동해시,2022-11-29,26544
동해시,2022-11-30,25952
동해시,2022-12-01,18529
동해시,2022-12-02,23471
동해시,2022-12-03,35388
동해시,2022-12-04,29484
동해시,2022-12-05,19576
동해시,2022-12-06,20195
동해시,2022-12-07,20090
동해시,2022-12-08,21637
동해시,2022-12-09,24269
동해시,2022-12-10,34384
동해시,2022-12-11,29522
동해시,2022-12-12,21746
동해시,2022-12-13,21987
동해시,2022-12-14,19590
동해시,2022-12-15,20685
동해시,2022-12-16,25242
동해시,2022-12-17,35920
동해시,2022-12-18,33201
동해시,2022-12-19,22768
동해시,2022-12-20,23846
동해시,2022-12-21,21196
동해시,2022-12-22,22463
동해시,2022-12-23,26726
동해시,2022-12-24,36841
동해시,2022-12-25,34174
동해시,2022-12-26,26530
동해시,2022-12-27,27776
동해시,2022-12-28,28798
동해시,2022-12-29,28752
동해시,2022-12-30,37548
동해시,2022-12-31,54488
삼척시,2021-01-01,31094
삼척시,2021-01-02,27132
삼척시,2021-01-03,19820
삼척시,2021-01-04,14724
삼척시,2021-01-05,14934
삼척시,2021-01-06,14147
삼척시,2021-01-07,12008
삼척시,2021-01-08,13458
삼척시,2021-01-09,16866
삼척시,2021-01-10,18042
삼척시,2021-01-11,14700
삼척시,2021-01-12,16334
삼척시,2021-01-13,17098
삼척시,2021-01-14,18238
삼척시,2021-01-15,19982
삼척시,2021-01-16,25739
삼척시,2021-01-17,21976
삼척시,2021-01-18,16142
삼척시,2021-01-19,16317
삼척시,2021-01-20,18123
삼척시,2021-01-21,19215
삼척시,2021-01-22,18966
삼척시,2021-01-23,21826
삼척시,2021-01-24,23404
삼척시,2021-01-25,20783
삼척시,2021-01-26,20440
삼척시,2021-01-27,20710
삼척시,2021-01-28,19054
삼척시,2021-01-29,18336
삼척시,2021-01-30,25557
삼척시,2021-01-31,26866
삼척시,2021-02-01,15834
삼척시,2021-02-02,15561
삼척시,2021-02-03,15309
삼척시,2021-02-04,15673
삼척시,2021-02-05,18182
삼척시,2021-02-06,25305
삼척시,2021-02-07,24213
삼척시,2021-02-08,16460
삼척시,2021-02-09,16908
삼척시,2021-02-10,22428
삼척시,2021-02-11,40978
삼척시,2021-02-12,56528
삼척시,2021-02-13,50200
삼척시,2021-02-14,30674
삼척시,2021-02-15,18840
삼척시,2021-02-16,17812
삼척시,2021-02-17,17252
삼척시,2021-02-18,18403
삼척시,2021-02-19,22778
삼척시,2021-02-20,30720
삼척시,2021-02-21,30772
삼척시,2021-02-22,22018
삼척시,2021-02-23,21836
삼척시,2021-02-24,23048
삼척시,2021-02-25,22862
삼척시,2021-02-26,25956
삼척시,2021-02-27,38364
삼척시,2021-02-28,48265
삼척시,2021-03-01,22428
삼척시,2021-03-02,11585
삼척시,2021-03-03,14536
삼척시,2021-03-04,17098
삼척시,2021-03-05,19862
삼척시,2021-03-06,19576
삼척시,2021-03-07,23244
삼척시,2021-03-08,18396
삼척시,2021-03-09,19852
삼척시,2021-03-10,19341
삼척시,2021-03-11,20486
삼척시,2021-03-12,20822
삼척시,2021-03-13,31154
삼척시,2021-03-14,31059
삼척시,2021-03-15,21976
삼척시,2021-03-16,22110
삼척시,2021-03-17,21595
삼척시,2021-03-18,21665
삼척시,2021-03-19,24392
삼척시,2021-03-20,29656
삼척시,2021-03-21,30790
삼척시,2021-03-22,22981
삼척시,2021-03-23,22806
삼척시,2021-03-24,22827
삼척시,2021-03-25,23208
삼척시,2021-03-26,25988
삼척시,2021-03-27,32042
삼척시,2021-03-28,32011
삼척시,2021-03-29,24080
삼척시,2021-03-30,25263
삼척시,2021-03-31,25896
삼척시,2021-04-01,19348
삼척시,2021-04-02,23681
삼척시,2021-04-03,29183
삼척시,2021-04-04,25718
삼척시,2021-04-05,20786
삼척시,2021-04-06,20517
삼척시,2021-04-07,21063
삼척시,2021-04-08,20794
삼척시,2021-04-09,24840
삼척시,2021-04-10,38216
삼척시,2021-04-11,35872
삼척시,2021-04-12,19978
삼척시,2021-04-13,19184
삼척시,2021-04-14,21710
삼척시,2021-04-15,23020
삼척시,2021-04-16,26106
삼척시,2021-04-17,36214
삼척시,2021-04-18,35763
삼척시,2021-04-19,24356
삼척시,2021-04-20,22838
삼척시,2021-04-21,24227
삼척시,2021-04-22,23646
삼척시,2021-04-23,27240
삼척시,2021-04-24,39568
삼척시,2021-04-25,37082
삼척시,2021-04-26,24062
삼척시,2021-04-27,24160
삼척시,2021-04-28,23048
삼척시,2021-04-29,23356
삼척시,2021-04-30,24924
삼척시,2021-05-01,32406
삼척시,2021-05-02,35788
삼척시,2021-05-03,23835
삼척시,2021-05-04,23646
삼척시,2021-05-05,32896
삼척시,2021-05-06,25291
삼척시,2021-05-07,28444
삼척시,2021-05-08,44254
삼척시,2021-05-09,39554
삼척시,2021-05-10,22036
삼척시,2021-05-11,21900
삼척시,2021-05-12,22088
삼척시,2021-05-13,22956
삼척시,2021-05-14,25792
삼척시,2021-05-15,32190
삼척시,2021-05-16,25284
삼척시,2021-05-17,20184
삼척시,2021-05-18,25515
삼척시,2021-05-19,38104
삼척시,2021-05-20,23373
삼척시,2021-05-21,25084
삼척시,2021-05-22,44922
삼척시,2021-05-23,40912
삼척시,2021-05-24,24780
삼척시,2021-05-25,23289
삼척시,2021-05-26,24234
삼척시,2021-05-27,23002
삼척시,2021-05-28,24731
삼척시,2021-05-29,42070
삼척시,2021-05-30,42080
삼척시,2021-05-31,23580
삼척시,2021-06-01,19915
삼척시,2021-06-02,21850
삼척시,2021-06-03,20160
삼척시,2021-06-04,26624
삼척시,2021-06-05,42476
삼척시,2021-06-06,40691
삼척시,2021-06-07,23191
삼척시,2021-06-08,23254
삼척시,2021-06-09,23499
삼척시,2021-06-10,23611
삼척시,2021-06-11,26208
삼척시,2021-06-12,42266
삼척시,2021-06-13,40411
삼척시,2021-06-14,24566
삼척시,2021-06-15,23146
삼척시,2021-06-16,21483
삼척시,2021-06-17,24010
삼척시,2021-06-18,27982
삼척시,2021-06-19,45076
삼척시,2021-06-20,42903
삼척시,2021-06-21,24619
삼척시,2021-06-22,24812
삼척시,2021-06-23,25669
삼척시,2021-06-24,28084
삼척시,2021-06-25,31714
삼척시,2021-06-26,45493
삼척시,2021-06-27,45227
삼척시,2021-06-28,27937
삼척시,2021-06-29,26215
삼척시,2021-06-30,26404
삼척시,2021-07-01,24356
삼척시,2021-07-02,28766
삼척시,2021-07-03,37188
삼척시,2021-07-04,32924
삼척시,2021-07-05,23709
삼척시,2021-07-06,24994
삼척시,2021-07-07,24094
삼척시,2021-07-08,23188
삼척시,2021-07-09,27878
삼척시,2021-07-10,42028
삼척시,2021-07-11,41517
삼척시,2021-07-12,25420
삼척시,2021-07-13,26705
삼척시,2021-07-14,26677
삼척시,2021-07-15,27324
삼척시,2021-07-16,33313
삼척시,2021-07-17,47246
삼척시,2021-07-18,46238
삼척시,2021-07-19,29526
삼척시,2021-07-20,30314
삼척시,2021-07-21,30345
삼척시,2021-07-22,31626
삼척시,2021-07-23,36393
삼척시,2021-07-24,49802
삼척시,2021-07-25,47954
삼척시,2021-07-26,34962
삼척시,2021-07-27,33576
삼척시,2021-07-28,34884
삼척시,2021-07-29,38902
삼척시,2021-07-30,48244
삼척시,2021-07-31,66857
삼척시,2021-08-01,64148
삼척시,2021-08-02,53028
삼척시,2021-08-03,49840
삼척시,2021-08-04,43144
삼척시,2021-08-05,43032
삼척시,2021-08-06,47310
삼척시,2021-08-07,45864
삼척시,2021-08-08,47075
삼척시,2021-08-09,30492
삼척시,2021-08-10,32610
삼척시,2021-08-11,33226
삼척시,2021-08-12,35794
삼척시,2021-08-13,41458
삼척시,2021-08-14,53130
삼척시,2021-08-15,61390
삼척시,2021-08-16,46599
삼척시,2021-08-17,28752
삼척시,2021-08-18,26334
삼척시,2021-08-19,26229
삼척시,2021-08-20,33344
삼척시,2021-08-21,37902
삼척시,2021-08-22,40089
삼척시,2021-08-23,26208
삼척시,2021-08-24,22883
삼척시,2021-08-25,23978
삼척시,2021-08-26,27314
삼척시,2021-08-27,30373
삼척시,2021-08-28,43183
삼척시,2021-08-29,39606
삼척시,2021-08-30,28028
삼척시,2021-08-31,25361
삼척시,2021-09-01,17762
삼척시,2021-09-02,22348
삼척시,2021-09-03,28178
삼척시,2021-09-04,40604
삼척시,2021-09-05,35934
삼척시,2021-09-06,22908
삼척시,2021-09-07,20520
삼척시,2021-09-08,23541
삼척시,2021-09-09,26124
삼척시,2021-09-10,29442
삼척시,2021-09-11,44100
삼척시,2021-09-12,41384
삼척시,2021-09-13,25190
삼척시,2021-09-14,26072
삼척시,2021-09-15,25042
삼척시,2021-09-16,24910
삼척시,2021-09-17,24381
삼척시,2021-09-18,44950
삼척시,2021-09-19,70500
삼척시,2021-09-20,79390
삼척시,2021-09-21,73132
삼척시,2021-09-22,45658
삼척시,2021-09-23,28210
삼척시,2021-09-24,27856
삼척시,2021-09-25,31860
삼척시,2021-09-26,35847
삼척시,2021-09-27,26176
삼척시,2021-09-28,27234
삼척시,2021-09-29,24500
삼척시,2021-09-30,25932
삼척시,2021-10-01,23664
삼척시,2021-10-02,42858
삼척시,2021-10-03,49035
삼척시,2021-10-04,32070
삼척시,2021-10-05,20710
삼척시,2021-10-06,17871
삼척시,2021-10-07,21508
삼척시,2021-10-08,23272
삼척시,2021-10-09,42382
삼척시,2021-10-10,55209
삼척시,2021-10-11,31122
삼척시,2021-10-12,22043
삼척시,2021-10-13,23272
삼척시,2021-10-14,25277
삼척시,2021-10-15,24612
삼척시,2021-10-16,34573
삼척시,2021-10-17,35256
삼척시,2021-10-18,25494
삼척시,2021-10-19,24612
삼척시,2021-10-20,24542
삼척시,2021-10-21,26474
삼척시,2021-10-22,27416
삼척시,2021-10-23,42014
삼척시,2021-10-24,41580
삼척시,2021-10-25,27604
삼척시,2021-10-26,27940
삼척시,2021-10-27,28420
삼척시,2021-10-28,28616
삼척시,2021-10-29,29708
삼척시,2021-10-30,43480
삼척시,2021-10-31,40890
삼척시,2021-11-01,22306
삼척시,2021-11-02,21998
삼척시,2021-11-03,22904
삼척시,2021-11-04,23947
삼척시,2021-11-05,27419
삼척시,2021-11-06,42248
삼척시,2021-11-07,38395
삼척시,2021-11-08,19530
삼척시,2021-11-09,20762
삼척시,2021-11-10,20954
삼척시,2021-11-11,21844
삼척시,2021-11-12,25798
삼척시,2021-11-13,38647
삼척시,2021-11-14,37300
삼척시,2021-11-15,22694
삼척시,2021-11-16,22908
삼척시,2021-11-17,22939
삼척시,2021-11-18,23324
삼척시,2021-11-19,29158
삼척시,2021-11-20,41856
삼척시,2021-11-21,36456
삼척시,2021-11-22,22036
삼척시,2021-11-23,22162
삼척시,2021-11-24,21924
삼척시,2021-11-25,23079
삼척시,2021-11-26,26089
삼척시,2021-11-27,36869
삼척시,2021-11-28,34958
삼척시,2021-11-29,23443
삼척시,2021-11-30,19184
삼척시,2021-12-01,15270
삼척시,2021-12-02,19610
삼척시,2021-12-03,22148
삼척시,2021-12-04,34492
삼척시,2021-12-05,32238
삼척시,2021-12-06,21770
삼척시,2021-12-07,19110
삼척시,2021-12-08,19481
삼척시,2021-12-09,20254
삼척시,2021-12-10,23485
삼척시,2021-12-11,32795
삼척시,2021-12-12,31311
삼척시,2021-12-13,20090
삼척시,2021-12-14,20108
삼척시,2021-12-15,19498
삼척시,2021-12-16,20839
삼척시,2021-12-17,22274
삼척시,2021-12-18,28665
삼척시,2021-12-19,26838
삼척시,2021-12-20,20548
삼척시,2021-12-21,21682
삼척시,2021-12-22,21742
삼척시,2021-12-23,22040
삼척시,2021-12-24,23642
삼척시,2021-12-25,27083
삼척시,2021-12-26,26033
삼척시,2021-12-27,20822
삼척시,2021-12-28,22309
삼척시,2021-12-29,23338
삼척시,2021-12-30,24640
삼척시,2021-12-31,34688
삼척시,2022-01-01,52199
삼척시,2022-01-02,32438
삼척시,2022-01-03,19278
삼척시,2022-01-04,19152
삼척시,2022-01-05,18918
삼척시,2022-01-06,20013
삼척시,2022-01-07,22463
삼척시,2022-01-08,30874
삼척시,2022-01-09,29302
삼척시,2022-01-10,22281
삼척시,2022-01-11,21672
삼척시,2022-01-12,21066
삼척시,2022-01-13,21144
삼척시,2022-01-14,24020
삼척시,2022-01-15,31630
삼척시,2022-01-16,29872
삼척시,2022-01-17,22750
삼척시,2022-01-18,22456
삼척시,2022-01-19,22260
삼척시,2022-01-20,18865
삼척시,2022-01-21,23796
삼척시,2022-01-22,32148
삼척시,2022-01-23,29676
삼척시,2022-01-24,21228
삼척시,2022-01-25,22001
삼척시,2022-01-26,21749
삼척시,2022-01-27,22463
삼척시,2022-01-28,25056
삼척시,2022-01-29,41482
삼척시,2022-01-30,56850
삼척시,2022-01-31,63406
삼척시,2022-02-01,55038
삼척시,2022-02-02,34016
삼척시,2022-02-03,21850
삼척시,2022-02-04,21665
삼척시,2022-02-05,24339
삼척시,2022-02-06,22050
삼척시,2022-02-07,19145
삼척시,2022-02-08,20240
삼척시,2022-02-09,20783
삼척시,2022-02-10,20622
삼척시,2022-02-11,22908
삼척시,2022-02-12,31546
삼척시,2022-02-13,27206
삼척시,2022-02-14,20878
삼척시,2022-02-15,20405
삼척시,2022-02-16,19512
삼척시,2022-02-17,19884
삼척시,2022-02-18,23062
삼척시,2022-02-19,31028
삼척시,2022-02-20,26747
삼척시,2022-02-21,22071
삼척시,2022-02-22,22278
삼척시,2022-02-23,22082
삼척시,2022-02-24,22844
삼척시,2022-02-25,23628
삼척시,2022-02-26,32316
삼척시,2022-02-27,36894
삼척시,2022-02-28,29792
삼척시,2022-03-01,28122
삼척시,2022-03-02,22306
삼척시,2022-03-03,22736
삼척시,2022-03-04,24073
삼척시,2022-03-05,24574
삼척시,2022-03-06,22446
삼척시,2022-03-07,20598
삼척시,2022-03-08,22141
삼척시,2022-03-09,22085
삼척시,2022-03-10,21592
삼척시,2022-03-11,23247
삼척시,2022-03-12,27570
삼척시,2022-03-13,21808
삼척시,2022-03-14,20160
삼척시,2022-03-15,22750
삼척시,2022-03-16,24927
삼척시,2022-03-17,22970
삼척시,2022-03-18,21735
삼척시,2022-03-19,23160
삼척시,2022-03-20,27531
삼척시,2022-03-21,23905
삼척시,2022-03-22,24770
삼척시,2022-03-23,24258
삼척시,2022-03-24,25084
삼척시,2022-03-25,27125
삼척시,2022-03-26,28945
삼척시,2022-03-27,34136
삼척시,2022-03-28,27010
삼척시,2022-03-29,27864
삼척시,2022-03-30,27570
삼척시,2022-03-31,24916
삼척시,2022-04-01,23695
삼척시,2022-04-02,36365
삼척시,2022-04-03,33859
삼척시,2022-04-04,22757
삼척시,2022-04-05,23009
삼척시,2022-04-06,23586
삼척시,2022-04-07,24882
삼척시,2022-04-08,28952
삼척시,2022-04-09,44090
삼척시,2022-04-10,43407
삼척시,2022-04-11,25644
삼척시,2022-04-12,25624
삼척시,2022-04-13,20496
삼척시,2022-04-14,22382
삼척시,2022-04-15,28511
삼척시,2022-04-16,41758
삼척시,2022-04-17,41660
삼척시,2022-04-18,27556
삼척시,2022-04-19,27800
삼척시,2022-04-20,29589
삼척시,2022-04-21,28416
삼척시,2022-04-22,33030
삼척시,2022-04-23,44776
삼척시,2022-04-24,43922
삼척시,2022-04-25,30754
삼척시,2022-04-26,27909
삼척시,2022-04-27,30961
삼척시,2022-04-28,31654
삼척시,2022-04-29,30891
삼척시,2022-04-30,44730
삼척시,2022-05-01,35959
삼척시,2022-05-02,21910
삼척시,2022-05-03,23107
삼척시,2022-05-04,26299
삼척시,2022-05-05,46319
삼척시,2022-05-06,47512
삼척시,2022-05-07,55223
삼척시,2022-05-08,46554
삼척시,2022-05-09,24549
삼척시,2022-05-10,24664
삼척시,2022-05-11,24476
삼척시,2022-05-12,24605
삼척시,2022-05-13,26495
삼척시,2022-05-14,42998
삼척시,2022-05-15,42304
삼척시,2022-05-16,26240
삼척시,2022-05-17,26554
삼척시,2022-05-18,26453
삼척시,2022-05-19,26666
삼척시,2022-05-20,30765
삼척시,2022-05-21,46872
삼척시,2022-05-22,44499
삼척시,2022-05-23,25753
삼척시,2022-05-24,26908
삼척시,2022-05-25,26572
삼척시,2022-05-26,26726
삼척시,2022-05-27,30380
삼척시,2022-05-28,47845
삼척시,2022-05-29,43953
삼척시,2022-05-30,26201
삼척시,2022-05-31,28542
삼척시,2022-06-01,29866
삼척시,2022-06-02,24052
삼척시,2022-06-03,30432
삼척시,2022-06-04,59826
삼척시,2022-06-05,65163
삼척시,2022-06-06,34692
삼척시,2022-06-07,21385
삼척시,2022-06-08,23636
삼척시,2022-06-09,23772
삼척시,2022-06-10,26946
삼척시,2022-06-11,39473
삼척시,2022-06-12,39494
삼척시,2022-06-13,24336
삼척시,2022-06-14,22855
삼척시,2022-06-15,22841
삼척시,2022-06-16,26498
삼척시,2022-06-17,30306
삼척시,2022-06-18,45969
삼척시,2022-06-19,43852
삼척시,2022-06-20,26996
삼척시,2022-06-21,28270
삼척시,2022-06-22,28550
삼척시,2022-06-23,26558
삼척시,2022-06-24,29494
삼척시,2022-06-25,46694
삼척시,2022-06-26,44205
삼척시,2022-06-27,26327
삼척시,2022-06-28,25400
삼척시,2022-06-29,25361
삼척시,2022-06-30,24668
삼척시,2022-07-01,28819
삼척시,2022-07-02,45290
삼척시,2022-07-03,42805
삼척시,2022-07-04,25739
삼척시,2022-07-05,26142
삼척시,2022-07-06,25728
삼척시,2022-07-07,26646
삼척시,2022-07-08,32428
삼척시,2022-07-09,48618
삼척시,2022-07-10,46232
삼척시,2022-07-11,25564
삼척시,2022-07-12,27562
삼척시,2022-07-13,25008
삼척시,2022-07-14,27720
삼척시,2022-07-15,33562
삼척시,2022-07-16,47558
삼척시,2022-07-17,46480
삼척시,2022-07-18,32470
삼척시,2022-07-19,33138
삼척시,2022-07-20,34300
삼척시,2022-07-21,32686
삼척시,2022-07-22,40663
삼척시,2022-07-23,56021
삼척시,2022-07-24,54075
삼척시,2022-07-25,41769
삼척시,2022-07-26,42112
삼척시,2022-07-27,43372
삼척시,2022-07-28,48622
삼척시,2022-07-29,57838
삼척시,2022-07-30,83398
삼척시,2022-07-31,83699
삼척시,2022-08-01,66990
삼척시,2022-08-02,60704
삼척시,2022-08-03,52605
삼척시,2022-08-04,53011
삼척시,2022-08-05,57558
삼척시,2022-08-06,66339
삼척시,2022-08-07,59276
삼척시,2022-08-08,39823
삼척시,2022-08-09,34604
삼척시,2022-08-10,31826
삼척시,2022-08-11,34248
삼척시,2022-08-12,48248
삼척시,2022-08-13,77738
삼척시,2022-08-14,82061
삼척시,2022-08-15,60862
삼척시,2022-08-16,37566
삼척시,2022-08-17,35326
삼척시,2022-08-18,35410
삼척시,2022-08-19,36358
삼척시,2022-08-20,48808
삼척시,2022-08-21,50964
삼척시,2022-08-22,33425
삼척시,2022-08-23,31276
삼척시,2022-08-24,30646
삼척시,2022-08-25,30989
삼척시,2022-08-26,37068
삼척시,2022-08-27,54901
삼척시,2022-08-28,51236
삼척시,2022-08-29,31346
삼척시,2022-08-30,26212
삼척시,2022-08-31,25610
삼척시,2022-09-01,27682
삼척시,2022-09-02,29236
삼척시,2022-09-03,38994
삼척시,2022-09-04,30128
삼척시,2022-09-05,18532
삼척시,2022-09-06,16656
삼척시,2022-09-07,23436
삼척시,2022-09-08,31157
삼척시,2022-09-09,67588
삼척시,2022-09-10,91889
삼척시,2022-09-11,76052
삼척시,2022-09-12,44149
삼척시,2022-09-13,26758
삼척시,2022-09-14,26436
삼척시,2022-09-15,27545
삼척시,2022-09-16,29281
삼척시,2022-09-17,41430
삼척시,2022-09-18,38482
삼척시,2022-09-19,21966
삼척시,2022-09-20,27584
삼척시,2022-09-21,28847
삼척시,2022-09-22,30054
삼척시,2022-09-23,35903
삼척시,2022-09-24,48632
삼척시,2022-09-25,44930
삼척시,2022-09-26,29505
삼척시,2022-09-27,31122
삼척시,2022-09-28,30544
삼척시,2022-09-29,30544
삼척시,2022-09-30,32557
삼척시,2022-10-01,52426
삼척시,2022-10-02,58926
삼척시,2022-10-03,40257
삼척시,2022-10-04,19898
삼척시,2022-10-05,20654
삼척시,2022-10-06,21970
삼척시,2022-10-07,24482
삼척시,2022-10-08,51432
삼척시,2022-10-09,59374
삼척시,2022-10-10,40054
삼척시,2022-10-11,27076
삼척시,2022-10-12,27181
삼척시,2022-10-13,28038
삼척시,2022-10-14,29586
삼척시,2022-10-15,43110
삼척시,2022-10-16,42637
삼척시,2022-10-17,26411
삼척시,2022-10-18,28490
삼척시,2022-10-19,29600
삼척시,2022-10-20,30884
삼척시,2022-10-21,32025
삼척시,2022-10-22,48615
삼척시,2022-10-23,41447
삼척시,2022-10-24,26114
삼척시,2022-10-25,28469
삼척시,2022-10-26,29326
삼척시,2022-10-27,31280
삼척시,2022-10-28,32036
삼척시,2022-10-29,47663
삼척시,2022-10-30,44926
삼척시,2022-10-31,29564
삼척시,2022-11-01,24882
삼척시,2022-11-02,24416
삼척시,2022-11-03,23978
삼척시,2022-11-04,26394
삼척시,2022-11-05,39974
삼척시,2022-11-06,40341
삼척시,2022-11-07,25224
삼척시,2022-11-08,26470
삼척시,2022-11-09,26072
삼척시,2022-11-10,25830
삼척시,2022-11-11,28276
삼척시,2022-11-12,40334
삼척시,2022-11-13,31630
삼척시,2022-11-14,23233
삼척시,2022-11-15,24724
삼척시,2022-11-16,24378
삼척시,2022-11-17,25445
삼척시,2022-11-18,29302
삼척시,2022-11-19,41660
삼척시,2022-11-20,38910
삼척시,2022-11-21,24896
삼척시,2022-11-22,22134
삼척시,2022-11-23,20510
삼척시,2022-11-24,25529
삼척시,2022-11-25,29502
삼척시,2022-11-26,41548
삼척시,2022-11-27,38598
삼척시,2022-11-28,23874
삼척시,2022-11-29,23079
삼척시,2022-11-30,22214
삼척시,2022-12-01,16611
삼척시,2022-12-02,21340
삼척시,2022-12-03,31262
삼척시,2022-12-04,29218
삼척시,2022-12-05,19400
삼척시,2022-12-06,18935
삼척시,2022-12-07,19103
삼척시,2022-12-08,19705
삼척시,2022-12-09,22456
삼척시,2022-12-10,32750
삼척시,2022-12-11,30310
삼척시,2022-12-12,20258
삼척시,2022-12-13,18893
삼척시,2022-12-14,17300
삼척시,2022-12-15,18970
삼척시,2022-12-16,21304
삼척시,2022-12-17,29502
삼척시,2022-12-18,26576
삼척시,2022-12-19,19789
삼척시,2022-12-20,20598
삼척시,2022-12-21,17885
삼척시,2022-12-22,19621
삼척시,2022-12-23,19649
삼척시,2022-12-24,28430
삼척시,2022-12-25,30765
삼척시,2022-12-26,23104
삼척시,2022-12-27,24020
삼척시,2022-12-28,24010
삼척시,2022-12-29,24734
삼척시,2022-12-30,31336
삼척시,2022-12-31,48086
속초시,2021-01-01,74106
속초시,2021-01-02,67445
속초시,2021-01-03,39392
속초시,2021-01-04,26068
속초시,2021-01-05,26218
속초시,2021-01-06,24409
속초시,2021-01-07,21410
속초시,2021-01-08,24882
속초시,2021-01-09,36918
속초시,2021-01-10,34094
속초시,2021-01-11,27503
속초시,2021-01-12,28606
속초시,2021-01-13,29964
속초시,2021-01-14,33484
속초시,2021-01-15,38426
속초시,2021-01-16,59941
속초시,2021-01-17,47698
속초시,2021-01-18,29124
속초시,2021-01-19,29687
속초시,2021-01-20,32266
속초시,2021-01-21,32641
속초시,2021-01-22,39630
속초시,2021-01-23,58765
속초시,2021-01-24,54810
속초시,2021-01-25,39582
속초시,2021-01-26,36558
속초시,2021-01-27,37474
속초시,2021-01-28,32344
속초시,2021-01-29,39994
속초시,2021-01-30,64547
속초시,2021-01-31,58818
속초시,2021-02-01,32176
속초시,2021-02-02,29407
속초시,2021-02-03,27898
속초시,2021-02-04,27104
속초시,2021-02-05,37282
속초시,2021-02-06,62069
속초시,2021-02-07,51544
속초시,2021-02-08,33110
속초시,2021-02-09,31630
속초시,2021-02-10,43498
속초시,2021-02-11,81554
속초시,2021-02-12,107800
속초시,2021-02-13,111108
속초시,2021-02-14,62612
속초시,2021-02-15,38972
속초시,2021-02-16,33436
속초시,2021-02-17,33299
속초시,2021-02-18,36148
속초시,2021-02-19,49175
속초시,2021-02-20,81896
속초시,2021-02-21,74826
속초시,2021-02-22,49133
속초시,2021-02-23,45976
속초시,2021-02-24,43267
속초시,2021-02-25,44950
속초시,2021-02-26,58009
속초시,2021-02-27,102770
속초시,2021-02-28,124912
속초시,2021-03-01,52528
속초시,2021-03-02,20412
속초시,2021-03-03,25420
속초시,2021-03-04,27822
속초시,2021-03-05,36330
속초시,2021-03-06,44219
속초시,2021-03-07,43309
속초시,2021-03-08,32165
속초시,2021-03-09,31514
속초시,2021-03-10,32112
속초시,2021-03-11,33008
속초시,2021-03-12,39120
속초시,2021-03-13,72216
속초시,2021-03-14,61086
속초시,2021-03-15,35833
속초시,2021-03-16,33250
속초시,2021-03-17,32658
속초시,2021-03-18,31283
속초시,2021-03-19,38584
속초시,2021-03-20,55923
속초시,2021-03-21,48055
속초시,2021-03-22,31336
속초시,2021-03-23,29526
속초시,2021-03-24,29774
속초시,2021-03-25,31874
속초시,2021-03-26,41272
속초시,2021-03-27,61946
속초시,2021-03-28,52370
속초시,2021-03-29,35746
속초시,2021-03-30,34468
속초시,2021-03-31,34118
속초시,2021-04-01,31364
속초시,2021-04-02,43446
속초시,2021-04-03,60714
속초시,2021-04-04,53756
속초시,2021-04-05,37908
속초시,2021-04-06,64435
속초시,2021-04-07,48632
속초시,2021-04-08,48790
속초시,2021-04-09,64211
속초시,2021-04-10,100824
속초시,2021-04-11,85547
속초시,2021-04-12,49640
속초시,2021-04-13,42416
속초시,2021-04-14,45706
속초시,2021-04-15,46350
속초시,2021-04-16,62496
속초시,2021-04-17,94206
속초시,2021-04-18,85386
속초시,2021-04-19,53732
속초시,2021-04-20,49998
속초시,2021-04-21,48671
속초시,2021-04-22,48870
속초시,2021-04-23,63588
속초시,2021-04-24,96260
속초시,2021-04-25,86534
속초시,2021-04-26,55573
속초시,2021-04-27,50260
속초시,2021-04-28,48976
속초시,2021-04-29,52290
속초시,2021-04-30,63410
속초시,2021-05-01,84318
속초시,2021-05-02,82022
속초시,2021-05-03,55444
속초시,2021-05-04,52224
속초시,2021-05-05,68159
속초시,2021-05-06,55584
속초시,2021-05-07,65331
속초시,2021-05-08,84413
속초시,2021-05-09,69986
속초시,2021-05-10,43088
속초시,2021-05-11,41902
속초시,2021-05-12,41797
속초시,2021-05-13,43981
속초시,2021-05-14,57124
속초시,2021-05-15,87454
속초시,2021-05-16,65384
속초시,2021-05-17,45073
속초시,2021-05-18,50900
속초시,2021-05-19,67697
속초시,2021-05-20,46788
속초시,2021-05-21,56105
속초시,2021-05-22,95960
속초시,2021-05-23,79670
속초시,2021-05-24,44810
속초시,2021-05-25,40498
속초시,2021-05-26,40600
속초시,2021-05-27,39568
속초시,2021-05-28,51240
속초시,2021-05-29,89576
속초시,2021-05-30,79474
속초시,2021-05-31,42836
속초시,2021-06-01,34206
속초시,2021-06-02,33904
속초시,2021-06-03,34304
속초시,2021-06-04,52840
속초시,2021-06-05,98626
속초시,2021-06-06,82691
속초시,2021-06-07,44555
속초시,2021-06-08,38416
속초시,2021-06-09,38384
속초시,2021-06-10,39648
속초시,2021-06-11,55993
속초시,2021-06-12,97741
속초시,2021-06-13,84490
속초시,2021-06-14,48685
속초시,2021-06-15,41626
속초시,2021-06-16,39966
속초시,2021-06-17,43026
속초시,2021-06-18,61117
속초시,2021-06-19,105080
속초시,2021-06-20,92491
속초시,2021-06-21,52906
속초시,2021-06-22,47926
속초시,2021-06-23,49592
속초시,2021-06-24,53784
속초시,2021-06-25,70602
속초시,2021-06-26,103446
속초시,2021-06-27,94878
속초시,2021-06-28,60204
속초시,2021-06-29,51272
속초시,2021-06-30,49528
속초시,2021-07-01,48601
속초시,2021-07-02,66920
속초시,2021-07-03,96688
속초시,2021-07-04,78544
속초시,2021-07-05,54330
속초시,2021-07-06,53697
속초시,2021-07-07,48580
속초시,2021-07-08,46473
속초시,2021-07-09,60890
속초시,2021-07-10,95536
속초시,2021-07-11,85978
속초시,2021-07-12,57130
속초시,2021-07-13,54313
속초시,2021-07-14,54400
속초시,2021-07-15,56164
속초시,2021-07-16,71928
속초시,2021-07-17,102508
속초시,2021-07-18,95739
속초시,2021-07-19,65478
속초시,2021-07-20,60960
속초시,2021-07-21,60106
속초시,2021-07-22,62293
속초시,2021-07-23,70630
속초시,2021-07-24,88340
속초시,2021-07-25,82156
속초시,2021-07-26,64438
속초시,2021-07-27,60350
속초시,2021-07-28,62962
속초시,2021-07-29,72604
속초시,2021-07-30,83720
속초시,2021-07-31,107471
속초시,2021-08-01,103722
속초시,2021-08-02,96908
속초시,2021-08-03,87874
속초시,2021-08-04,75642
속초시,2021-08-05,75775
속초시,2021-08-06,83156
속초시,2021-08-07,80703
속초시,2021-08-08,85225
속초시,2021-08-09,66720
속초시,2021-08-10,64533
속초시,2021-08-11,65530
속초시,2021-08-12,70119
속초시,2021-08-13,79492
속초시,2021-08-14,109494
속초시,2021-08-15,119462
속초시,2021-08-16,92701
속초시,2021-08-17,61208
속초시,2021-08-18,54016
속초시,2021-08-19,55139
속초시,2021-08-20,65006
속초시,2021-08-21,80566
속초시,2021-08-22,79345
속초시,2021-08-23,59734
속초시,2021-08-24,49354
속초시,2021-08-25,47796
속초시,2021-08-26,53050
속초시,2021-08-27,63287
속초시,2021-08-28,91308
속초시,2021-08-29,80101
속초시,2021-08-30,53165
속초시,2021-08-31,43043
속초시,2021-09-01,33772
속초시,2021-09-02,39288
속초시,2021-09-03,53092
속초시,2021-09-04,83850
속초시,2021-09-05,69566
속초시,2021-09-06,40621
속초시,2021-09-07,33516
속초시,2021-09-08,36393
속초시,2021-09-09,42136
속초시,2021-09-10,51468
속초시,2021-09-11,78026
속초시,2021-09-12,66930
속초시,2021-09-13,41930
속초시,2021-09-14,37807
속초시,2021-09-15,36810
속초시,2021-09-16,36323
속초시,2021-09-17,43764
속초시,2021-09-18,85712
속초시,2021-09-19,125993
속초시,2021-09-20,135300
속초시,2021-09-21,110786
속초시,2021-09-22,75988
속초시,2021-09-23,53308
속초시,2021-09-24,54089
속초시,2021-09-25,65947
속초시,2021-09-26,58569
속초시,2021-09-27,39466
속초시,2021-09-28,37026
속초시,2021-09-29,32980
속초시,2021-09-30,37902
속초시,2021-10-01,45689
속초시,2021-10-02,89974
속초시,2021-10-03,105042
속초시,2021-10-04,65359
속초시,2021-10-05,34472
속초시,2021-10-06,31636
속초시,2021-10-07,36620
속초시,2021-10-08,49539
속초시,2021-10-09,105788
속초시,2021-10-10,124502
속초시,2021-10-11,79387
속초시,2021-10-12,49833
속초시,2021-10-13,50026
속초시,2021-10-14,52966
속초시,2021-10-15,57354
속초시,2021-10-16,93016
속초시,2021-10-17,88221
속초시,2021-10-18,60078
속초시,2021-10-19,52381
속초시,2021-10-20,53970
속초시,2021-10-21,55713
속초시,2021-10-22,68674
속초시,2021-10-23,109288
속초시,2021-10-24,94598
속초시,2021-10-25,60798
속초시,2021-10-26,57512
속초시,2021-10-27,54590
속초시,2021-10-28,56875
속초시,2021-10-29,69304
속초시,2021-10-30,110936
속초시,2021-10-31,94868
속초시,2021-11-01,50508
속초시,2021-11-02,44968
속초시,2021-11-03,45738
속초시,2021-11-04,48478
속초시,2021-11-05,63766
속초시,2021-11-06,99068
속초시,2021-11-07,82904
속초시,2021-11-08,45776
속초시,2021-11-09,40726
속초시,2021-11-10,40092
속초시,2021-11-11,43908
속초시,2021-11-12,58807
속초시,2021-11-13,91700
속초시,2021-11-14,78631
속초시,2021-11-15,49480
속초시,2021-11-16,42742
속초시,2021-11-17,41692
속초시,2021-11-18,46298
속초시,2021-11-19,61859
속초시,2021-11-20,94542
속초시,2021-11-21,78610
속초시,2021-11-22,45644
속초시,2021-11-23,39840
속초시,2021-11-24,37936
속초시,2021-11-25,42074
속초시,2021-11-26,55794
속초시,2021-11-27,89530
속초시,2021-11-28,77224
속초시,2021-11-29,46172
속초시,2021-11-30,37188
속초시,2021-12-01,30818
속초시,2021-12-02,36060
속초시,2021-12-03,50526
속초시,2021-12-04,81858
속초시,2021-12-05,72180
속초시,2021-12-06,42766
속초시,2021-12-07,39277
속초시,2021-12-08,39960
속초시,2021-12-09,40509
속초시,2021-12-10,54008
속초시,2021-12-11,87650
속초시,2021-12-12,72737
속초시,2021-12-13,43144
속초시,2021-12-14,37751
속초시,2021-12-15,36659
속초시,2021-12-16,40372
속초시,2021-12-17,54800
속초시,2021-12-18,77245
속초시,2021-12-19,65254
속초시,2021-12-20,46826
속초시,2021-12-21,42318
속초시,2021-12-22,41458
속초시,2021-12-23,44373
속초시,2021-12-24,55822
속초시,2021-12-25,74158
속초시,2021-12-26,65398
속초시,2021-12-27,49224
속초시,2021-12-28,49304
속초시,2021-12-29,51300
속초시,2021-12-30,61778
속초시,2021-12-31,92348
속초시,2022-01-01,131660
속초시,2022-01-02,76216
속초시,2022-01-03,43589
속초시,2022-01-04,39868
속초시,2022-01-05,41930
속초시,2022-01-06,44922
속초시,2022-01-07,55094
속초시,2022-01-08,82950
속초시,2022-01-09,73360
속초시,2022-01-10,52612
속초시,2022-01-11,46879
속초시,2022-01-12,46862
속초시,2022-01-13,47184
속초시,2022-01-14,59843
속초시,2022-01-15,89558
속초시,2022-01-16,79474
속초시,2022-01-17,53592
속초시,2022-01-18,49329
속초시,2022-01-19,44230
속초시,2022-01-20,42920
속초시,2022-01-21,57638
속초시,2022-01-22,87622
속초시,2022-01-23,76282
속초시,2022-01-24,50386
속초시,2022-01-25,46330
속초시,2022-01-26,44272
속초시,2022-01-27,45178
속초시,2022-01-28,54366
속초시,2022-01-29,89446
속초시,2022-01-30,119280
속초시,2022-01-31,121562
속초시,2022-02-01,85858
속초시,2022-02-02,62702
속초시,2022-02-03,49035
속초시,2022-02-04,50334
속초시,2022-02-05,63444
속초시,2022-02-06,51706
속초시,2022-02-07,37944
속초시,2022-02-08,37198
속초시,2022-02-09,36544
속초시,2022-02-10,38210
속초시,2022-02-11,48643
속초시,2022-02-12,77980
속초시,2022-02-13,65254
속초시,2022-02-14,42140
속초시,2022-02-15,38468
속초시,2022-02-16,36911
속초시,2022-02-17,39462
속초시,2022-02-18,52724
속초시,2022-02-19,81522
속초시,2022-02-20,73199
속초시,2022-02-21,48720
속초시,2022-02-22,43242
속초시,2022-02-23,42542
속초시,2022-02-24,46932
속초시,2022-02-25,56256
속초시,2022-02-26,88190
속초시,2022-02-27,91032
속초시,2022-02-28,74662
속초시,2022-03-01,54768
속초시,2022-03-02,34944
속초시,2022-03-03,35546
속초시,2022-03-04,40866
속초시,2022-03-05,60616
속초시,2022-03-06,50830
속초시,2022-03-07,32918
속초시,2022-03-08,34202
속초시,2022-03-09,38986
속초시,2022-03-10,32620
속초시,2022-03-11,41262
속초시,2022-03-12,61596
속초시,2022-03-13,46116
속초시,2022-03-14,30790
속초시,2022-03-15,32088
속초시,2022-03-16,32830
속초시,2022-03-17,30412
속초시,2022-03-18,37184
속초시,2022-03-19,49980
속초시,2022-03-20,50522
속초시,2022-03-21,35105
속초시,2022-03-22,33904
속초시,2022-03-23,32683
속초시,2022-03-24,33708
속초시,2022-03-25,45514
속초시,2022-03-26,65278
속초시,2022-03-27,61999
속초시,2022-03-28,40558
속초시,2022-03-29,38206
속초시,2022-03-30,35066
속초시,2022-03-31,34954
속초시,2022-04-01,46708
속초시,2022-04-02,80392
속초시,2022-04-03,68708
속초시,2022-04-04,37926
속초시,2022-04-05,34720
속초시,2022-04-06,34094
속초시,2022-04-07,36435
속초시,2022-04-08,54394
속초시,2022-04-09,89862
속초시,2022-04-10,79706
속초시,2022-04-11,46942
속초시,2022-04-12,42136
속초시,2022-04-13,37488
속초시,2022-04-14,41328
속초시,2022-04-15,59034
속초시,2022-04-16,98322
속초시,2022-04-17,84430
속초시,2022-04-18,50477
속초시,2022-04-19,45384
속초시,2022-04-20,49168
속초시,2022-04-21,51947
속초시,2022-04-22,67970
속초시,2022-04-23,105196
속초시,2022-04-24,90069
속초시,2022-04-25,56875
속초시,2022-04-26,52129
속초시,2022-04-27,52591
속초시,2022-04-28,53680
속초시,2022-04-29,69937
속초시,2022-04-30,111500
속초시,2022-05-01,86034
속초시,2022-05-02,46445
속초시,2022-05-03,43984
속초시,2022-05-04,58156
속초시,2022-05-05,113620
속초시,2022-05-06,119105
속초시,2022-05-07,121838
속초시,2022-05-08,81340
속초시,2022-05-09,49322
속초시,2022-05-10,46102
속초시,2022-05-11,44698
속초시,2022-05-12,48212
속초시,2022-05-13,64830
속초시,2022-05-14,103719
속초시,2022-05-15,91658
속초시,2022-05-16,54456
속초시,2022-05-17,48790
속초시,2022-05-18,48002
속초시,2022-05-19,50578
속초시,2022-05-20,68341
속초시,2022-05-21,111696
속초시,2022-05-22,94857
속초시,2022-05-23,57568
속초시,2022-05-24,52423
속초시,2022-05-25,50281
속초시,2022-05-26,51772
속초시,2022-05-27,70994
속초시,2022-05-28,114082
속초시,2022-05-29,100100
속초시,2022-05-30,58933
속초시,2022-05-31,63004
속초시,2022-06-01,69310
속초시,2022-06-02,57869
속초시,2022-06-03,76916
속초시,2022-06-04,141376
속초시,2022-06-05,156622
속초시,2022-06-06,91528
속초시,2022-06-07,48349
속초시,2022-06-08,48262
속초시,2022-06-09,47338
속초시,2022-06-10,63374
속초시,2022-06-11,104027
속초시,2022-06-12,95508
속초시,2022-06-13,58188
속초시,2022-06-14,49805
속초시,2022-06-15,46932
속초시,2022-06-16,52538
속초시,2022-06-17,72590
속초시,2022-06-18,112830
속초시,2022-06-19,96327
속초시,2022-06-20,60473
속초시,2022-06-21,55710
속초시,2022-06-22,53816
속초시,2022-06-23,51632
속초시,2022-06-24,71519
속초시,2022-06-25,110040
속초시,2022-06-26,95109
속초시,2022-06-27,58062
속초시,2022-06-28,50155
속초시,2022-06-29,45381
속초시,2022-06-30,43617
속초시,2022-07-01,62580
속초시,2022-07-02,101756
속초시,2022-07-03,92645
속초시,2022-07-04,57718
속초시,2022-07-05,52686
속초시,2022-07-06,50526
속초시,2022-07-07,52420
속초시,2022-07-08,68590
속초시,2022-07-09,105990
속초시,2022-07-10,95417
속초시,2022-07-11,59588
속초시,2022-07-12,56581
속초시,2022-07-13,51972
속초시,2022-07-14,55808
속초시,2022-07-15,70665
속초시,2022-07-16,97286
속초시,2022-07-17,91133
속초시,2022-07-18,72334
속초시,2022-07-19,67610
속초시,2022-07-20,69486
속초시,2022-07-21,73997
속초시,2022-07-22,92676
속초시,2022-07-23,117680
속초시,2022-07-24,109456
속초시,2022-07-25,92662
속초시,2022-07-26,90468
속초시,2022-07-27,91420
속초시,2022-07-28,103310
속초시,2022-07-29,118643
속초시,2022-07-30,150070
속초시,2022-07-31,152288
속초시,2022-08-01,137190
속초시,2022-08-02,125979
속초시,2022-08-03,110708
속초시,2022-08-04,107170
속초시,2022-08-05,114590
속초시,2022-08-06,124621
속초시,2022-08-07,113624
속초시,2022-08-08,90654
속초시,2022-08-09,77315
속초시,2022-08-10,73689
속초시,2022-08-11,82460
속초시,2022-08-12,102756
속초시,2022-08-13,144526
속초시,2022-08-14,149359
속초시,2022-08-15,123890
속초시,2022-08-16,85432
속초시,2022-08-17,79548
속초시,2022-08-18,79093
속초시,2022-08-19,85740
속초시,2022-08-20,112315
속초시,2022-08-21,109210
속초시,2022-08-22,79681
속초시,2022-08-23,72730
속초시,2022-08-24,66122
속초시,2022-08-25,66836
속초시,2022-08-26,80308
속초시,2022-08-27,113827
속초시,2022-08-28,105382
속초시,2022-08-29,75162
속초시,2022-08-30,61198
속초시,2022-08-31,51300
속초시,2022-09-01,50236
속초시,2022-09-02,62584
속초시,2022-09-03,87206
속초시,2022-09-04,63868
속초시,2022-09-05,32963
속초시,2022-09-06,31311
속초시,2022-09-07,37695
속초시,2022-09-08,55030
속초시,2022-09-09,114530
속초시,2022-09-10,151697
속초시,2022-09-11,139702
속초시,2022-09-12,88196
속초시,2022-09-13,50127
속초시,2022-09-14,42350
속초시,2022-09-15,44558
속초시,2022-09-16,55052
속초시,2022-09-17,83178
속초시,2022-09-18,74764
속초시,2022-09-19,46092
속초시,2022-09-20,48510
속초시,2022-09-21,49476
속초시,2022-09-22,50687
속초시,2022-09-23,65496
속초시,2022-09-24,101668
속초시,2022-09-25,90108
속초시,2022-09-26,58272
속초시,2022-09-27,54268
속초시,2022-09-28,52661
속초시,2022-09-29,53613
속초시,2022-09-30,67714
속초시,2022-10-01,120704
속초시,2022-10-02,140749
속초시,2022-10-03,84438
속초시,2022-10-04,41335
속초시,2022-10-05,40016
속초시,2022-10-06,42612
속초시,2022-10-07,59328
속초시,2022-10-08,127648
속초시,2022-10-09,141334
속초시,2022-10-10,95336
속초시,2022-10-11,59801
속초시,2022-10-12,56546
속초시,2022-10-13,59514
속초시,2022-10-14,69097
속초시,2022-10-15,109445
속초시,2022-10-16,99351
속초시,2022-10-17,69013
속초시,2022-10-18,69240
속초시,2022-10-19,65152
속초시,2022-10-20,69307
속초시,2022-10-21,83993
속초시,2022-10-22,123232
속초시,2022-10-23,99908
속초시,2022-10-24,66213
속초시,2022-10-25,66864
속초시,2022-10-26,64288
속초시,2022-10-27,62668
속초시,2022-10-28,74571
속초시,2022-10-29,107730
속초시,2022-10-30,93597
속초시,2022-10-31,58996
속초시,2022-11-01,47341
속초시,2022-11-02,45752
속초시,2022-11-03,47068
속초시,2022-11-04,61050
속초시,2022-11-05,96586
속초시,2022-11-06,92880
속초시,2022-11-07,57288
속초시,2022-11-08,52045
속초시,2022-11-09,49392
속초시,2022-11-10,52500
속초시,2022-11-11,68831
속초시,2022-11-12,99337
속초시,2022-11-13,81648
속초시,2022-11-14,54376
속초시,2022-11-15,48968
속초시,2022-11-16,47964
속초시,2022-11-17,53498
속초시,2022-11-18,72492
속초시,2022-11-19,104192
속초시,2022-11-20,90814
속초시,2022-11-21,54831
속초시,2022-11-22,45969
속초시,2022-11-23,44807
속초시,2022-11-24,48016
속초시,2022-11-25,65586
속초시,2022-11-26,99824
속초시,2022-11-27,89204
속초시,2022-11-28,52248
속초시,2022-11-29,46224
속초시,2022-11-30,42987
속초시,2022-12-01,33876
속초시,2022-12-02,52588
속초시,2022-12-03,82831
속초시,2022-12-04,72212
속초시,2022-12-05,41794
속초시,2022-12-06,36687
속초시,2022-12-07,35959
속초시,2022-12-08,39438
속초시,2022-12-09,55601
속초시,2022-12-10,92074
속초시,2022-12-11,79216
속초시,2022-12-12,45626
속초시,2022-12-13,38416
속초시,2022-12-14,34282
속초시,2022-12-15,36746
속초시,2022-12-16,54985
속초시,2022-12-17,87241
속초시,2022-12-18,75590
속초시,2022-12-19,45742
속초시,2022-12-20,42504
속초시,2022-12-21,36918
속초시,2022-12-22,42343
속초시,2022-12-23,58555
속초시,2022-12-24,93566
속초시,2022-12-25,89960
속초시,2022-12-26,67613
속초시,2022-12-27,62993
속초시,2022-12-28,60186
속초시,2022-12-29,68232
속초시,2022-12-30,93874
속초시,2022-12-31,133371
양구군,2021-01-01,5422
양구군,2021-01-02,5148
양구군,2021-01-03,3854
양구군,2021-01-04,2992
양구군,2021-01-05,3332
양구군,2021-01-06,3409
양구군,2021-01-07,2989
양구군,2021-01-08,3518
양구군,2021-01-09,3888
양구군,2021-01-10,3938
양구군,2021-01-11,3857
양구군,2021-01-12,4148
양구군,2021-01-13,4032
양구군,2021-01-14,4428
양구군,2021-01-15,4795
양구군,2021-01-16,5579
양구군,2021-01-17,4848
양구군,2021-01-18,4190
양구군,2021-01-19,4280
양구군,2021-01-20,4844
양구군,2021-01-21,5047
양구군,2021-01-22,5236
양구군,2021-01-23,6426
양구군,2021-01-24,6083
양구군,2021-01-25,5180
양구군,2021-01-26,5148
양구군,2021-01-27,5558
양구군,2021-01-28,4910
양구군,2021-01-29,5537
양구군,2021-01-30,6360
양구군,2021-01-31,6475
양구군,2021-02-01,3342
양구군,2021-02-02,3518
양구군,2021-02-03,4022
양구군,2021-02-04,3210
양구군,2021-02-05,4694
양구군,2021-02-06,5380
양구군,2021-02-07,4515
양구군,2021-02-08,4140
양구군,2021-02-09,4585
양구군,2021-02-10,6052
양구군,2021-02-11,9842
양구군,2021-02-12,13216
양구군,2021-02-13,10416
양구군,2021-02-14,6290
양구군,2021-02-15,5036
양구군,2021-02-16,4484
양구군,2021-02-17,4708
양구군,2021-02-18,4830
양구군,2021-02-19,6146
양구군,2021-02-20,7595
양구군,2021-02-21,7052
양구군,2021-02-22,6167
양구군,2021-02-23,5988
양구군,2021-02-24,6041
양구군,2021-02-25,6216
양구군,2021-02-26,6293
양구군,2021-02-27,8348
양구군,2021-02-28,8813
양구군,2021-03-01,4274
양구군,2021-03-02,4032
양구군,2021-03-03,5075
양구군,2021-03-04,5408
양구군,2021-03-05,6184
양구군,2021-03-06,7046
양구군,2021-03-07,6290
양구군,2021-03-08,5050
양구군,2021-03-09,5778
양구군,2021-03-10,5954
양구군,2021-03-11,6083
양구군,2021-03-12,6416
양구군,2021-03-13,8298
양구군,2021-03-14,7332
양구군,2021-03-15,6128
양구군,2021-03-16,6884
양구군,2021-03-17,7018
양구군,2021-03-18,7609
양구군,2021-03-19,8138
양구군,2021-03-20,8992
양구군,2021-03-21,7886
양구군,2021-03-22,7868
양구군,2021-03-23,7270
양구군,2021-03-24,7332
양구군,2021-03-25,7844
양구군,2021-03-26,8477
양구군,2021-03-27,8358
양구군,2021-03-28,7840
양구군,2021-03-29,7374
양구군,2021-03-30,7724
양구군,2021-03-31,7962
양구군,2021-04-01,6696
양구군,2021-04-02,7721
양구군,2021-04-03,8316
양구군,2021-04-04,7707
양구군,2021-04-05,6461
양구군,2021-04-06,7438
양구군,2021-04-07,6909
양구군,2021-04-08,7098
양구군,2021-04-09,8074
양구군,2021-04-10,11946
양구군,2021-04-11,10136
양구군,2021-04-12,6076
양구군,2021-04-13,6394
양구군,2021-04-14,7175
양구군,2021-04-15,7556
양구군,2021-04-16,7896
양구군,2021-04-17,11232
양구군,2021-04-18,10776
양구군,2021-04-19,7808
양구군,2021-04-20,8134
양구군,2021-04-21,7850
양구군,2021-04-22,8774
양구군,2021-04-23,10734
양구군,2021-04-24,14119
양구군,2021-04-25,13874
양구군,2021-04-26,8908
양구군,2021-04-27,8376
양구군,2021-04-28,7942
양구군,2021-04-29,7990
양구군,2021-04-30,8530
양구군,2021-05-01,9306
양구군,2021-05-02,9933
양구군,2021-05-03,6118
양구군,2021-05-04,6601
양구군,2021-05-05,9678
양구군,2021-05-06,7438
양구군,2021-05-07,8316
양구군,2021-05-08,13384
양구군,2021-05-09,11634
양구군,2021-05-10,7760
양구군,2021-05-11,7798
양구군,2021-05-12,7770
양구군,2021-05-13,7805
양구군,2021-05-14,8810
양구군,2021-05-15,11536
양구군,2021-05-16,8729
양구군,2021-05-17,6517
양구군,2021-05-18,8508
양구군,2021-05-19,10199
양구군,2021-05-20,8256
양구군,2021-05-21,8694
양구군,2021-05-22,11438
양구군,2021-05-23,10854
양구군,2021-05-24,8424
양구군,2021-05-25,7637
양구군,2021-05-26,7798
양구군,2021-05-27,6912
양구군,2021-05-28,7182
양구군,2021-05-29,11697
양구군,2021-05-30,11564
양구군,2021-05-31,7448
양구군,2021-06-01,4960
양구군,2021-06-02,5446
양구군,2021-06-03,5495
양구군,2021-06-04,6990
양구군,2021-06-05,10080
양구군,2021-06-06,8754
양구군,2021-06-07,5817
양구군,2021-06-08,5870
양구군,2021-06-09,6167
양구군,2021-06-10,6430
양구군,2021-06-11,6632
양구군,2021-06-12,10367
양구군,2021-06-13,9474
양구군,2021-06-14,6836
양구군,2021-06-15,7266
양구군,2021-06-16,7130
양구군,2021-06-17,7000
양구군,2021-06-18,7924
양구군,2021-06-19,11585
양구군,2021-06-20,10630
양구군,2021-06-21,7140
양구군,2021-06-22,6685
양구군,2021-06-23,7364
양구군,2021-06-24,7427
양구군,2021-06-25,9558
양구군,2021-06-26,11624
양구군,2021-06-27,11462
양구군,2021-06-28,9188
양구군,2021-06-29,7497
양구군,2021-06-30,7906
양구군,2021-07-01,6674
양구군,2021-07-02,7690
양구군,2021-07-03,11168
양구군,2021-07-04,8708
양구군,2021-07-05,6408
양구군,2021-07-06,7357
양구군,2021-07-07,7490
양구군,2021-07-08,6654
양구군,2021-07-09,7760
양구군,2021-07-10,10836
양구군,2021-07-11,9356
양구군,2021-07-12,6139
양구군,2021-07-13,6744
양구군,2021-07-14,7434
양구군,2021-07-15,8480
양구군,2021-07-16,9576
양구군,2021-07-17,13114
양구군,2021-07-18,11095
양구군,2021-07-19,7906
양구군,2021-07-20,8358
양구군,2021-07-21,7396
양구군,2021-07-22,7938
양구군,2021-07-23,10402
양구군,2021-07-24,13332
양구군,2021-07-25,12852
양구군,2021-07-26,10248
양구군,2021-07-27,10080
양구군,2021-07-28,9891
양구군,2021-07-29,10213
양구군,2021-07-30,10829
양구군,2021-07-31,14564
양구군,2021-08-01,12422
양구군,2021-08-02,9790
양구군,2021-08-03,9474
양구군,2021-08-04,9156
양구군,2021-08-05,8984
양구군,2021-08-06,9695
양구군,2021-08-07,9695
양구군,2021-08-08,10538
양구군,2021-08-09,7756
양구군,2021-08-10,8074
양구군,2021-08-11,7794
양구군,2021-08-12,8432
양구군,2021-08-13,9618
양구군,2021-08-14,13447
양구군,2021-08-15,15068
양구군,2021-08-16,11340
양구군,2021-08-17,7868
양구군,2021-08-18,7472
양구군,2021-08-19,7980
양구군,2021-08-20,9090
양구군,2021-08-21,10024
양구군,2021-08-22,9636
양구군,2021-08-23,7672
양구군,2021-08-24,6618
양구군,2021-08-25,7028
양구군,2021-08-26,7777
양구군,2021-08-27,8582
양구군,2021-08-28,11767
양구군,2021-08-29,10444
양구군,2021-08-30,8365
양구군,2021-08-31,7304
양구군,2021-09-01,4736
양구군,2021-09-02,5691
양구군,2021-09-03,7329
양구군,2021-09-04,10776
양구군,2021-09-05,9947
양구군,2021-09-06,6304
양구군,2021-09-07,5257
양구군,2021-09-08,6416
양구군,2021-09-09,6818
양구군,2021-09-10,8246
양구군,2021-09-11,11280
양구군,2021-09-12,9492
양구군,2021-09-13,6996
양구군,2021-09-14,7318
양구군,2021-09-15,7868
양구군,2021-09-16,7042
양구군,2021-09-17,7371
양구군,2021-09-18,11508
양구군,2021-09-19,15099
양구군,2021-09-20,17465
양구군,2021-09-21,17031
양구군,2021-09-22,10444
양구군,2021-09-23,7189
양구군,2021-09-24,7959
양구군,2021-09-25,10220
양구군,2021-09-26,9012
양구군,2021-09-27,7763
양구군,2021-09-28,7028
양구군,2021-09-29,5834
양구군,2021-09-30,7598
양구군,2021-10-01,5932
양구군,2021-10-02,10248
양구군,2021-10-03,11193
양구군,2021-10-04,6696
양구군,2021-10-05,4900
양구군,2021-10-06,4690
양구군,2021-10-07,5506
양구군,2021-10-08,6982
양구군,2021-10-09,11792
양구군,2021-10-10,11284
양구군,2021-10-11,8386
양구군,2021-10-12,6517
양구군,2021-10-13,6846
양구군,2021-10-14,8155
양구군,2021-10-15,9712
양구군,2021-10-16,12943
양구군,2021-10-17,11130
양구군,2021-10-18,6601
양구군,2021-10-19,6878
양구군,2021-10-20,7567
양구군,2021-10-21,7392
양구군,2021-10-22,8554
양구군,2021-10-23,11658
양구군,2021-10-24,10300
양구군,2021-10-25,7486
양구군,2021-10-26,7892
양구군,2021-10-27,8176
양구군,2021-10-28,8274
양구군,2021-10-29,8911
양구군,2021-10-30,12824
양구군,2021-10-31,11358
양구군,2021-11-01,6118
양구군,2021-11-02,5716
양구군,2021-11-03,6052
양구군,2021-11-04,6422
양구군,2021-11-05,8099
양구군,2021-11-06,11882
양구군,2021-11-07,10346
양구군,2021-11-08,5688
양구군,2021-11-09,5358
양구군,2021-11-10,6254
양구군,2021-11-11,6086
양구군,2021-11-12,6730
양구군,2021-11-13,9146
양구군,2021-11-14,7858
양구군,2021-11-15,5635
양구군,2021-11-16,6104
양구군,2021-11-17,6296
양구군,2021-11-18,6811
양구군,2021-11-19,7112
양구군,2021-11-20,8967
양구군,2021-11-21,7413
양구군,2021-11-22,5414
양구군,2021-11-23,6153
양구군,2021-11-24,6272
양구군,2021-11-25,6881
양구군,2021-11-26,7105
양구군,2021-11-27,9048
양구군,2021-11-28,8060
양구군,2021-11-29,5450
양구군,2021-11-30,4708
양구군,2021-12-01,4056
양구군,2021-12-02,4806
양구군,2021-12-03,5124
양구군,2021-12-04,6500
양구군,2021-12-05,6268
양구군,2021-12-06,4592
양구군,2021-12-07,5212
양구군,2021-12-08,5604
양구군,2021-12-09,5834
양구군,2021-12-10,6562
양구군,2021-12-11,7256
양구군,2021-12-12,6524
양구군,2021-12-13,5964
양구군,2021-12-14,5932
양구군,2021-12-15,5376
양구군,2021-12-16,5866
양구군,2021-12-17,6573
양구군,2021-12-18,6996
양구군,2021-12-19,6174
양구군,2021-12-20,6048
양구군,2021-12-21,6598
양구군,2021-12-22,6478
양구군,2021-12-23,6167
양구군,2021-12-24,6436
양구군,2021-12-25,7343
양구군,2021-12-26,6730
양구군,2021-12-27,5677
양구군,2021-12-28,5870
양구군,2021-12-29,6020
양구군,2021-12-30,6346
양구군,2021-12-31,7441
양구군,2022-01-01,7892
양구군,2022-01-02,6132
양구군,2022-01-03,4672
양구군,2022-01-04,4823
양구군,2022-01-05,4991
양구군,2022-01-06,4924
양구군,2022-01-07,5148
양구군,2022-01-08,6128
양구군,2022-01-09,5761
양구군,2022-01-10,4806
양구군,2022-01-11,4795
양구군,2022-01-12,4676
양구군,2022-01-13,4988
양구군,2022-01-14,5411
양구군,2022-01-15,6696
양구군,2022-01-16,5824
양구군,2022-01-17,5316
양구군,2022-01-18,5954
양구군,2022-01-19,5428
양구군,2022-01-20,6212
양구군,2022-01-21,6570
양구군,2022-01-22,7322
양구군,2022-01-23,6758
양구군,2022-01-24,5548
양구군,2022-01-25,5484
양구군,2022-01-26,5338
양구군,2022-01-27,5894
양구군,2022-01-28,6352
양구군,2022-01-29,8722
양구군,2022-01-30,12092
양구군,2022-01-31,14301
양구군,2022-02-01,11718
양구군,2022-02-02,6520
양구군,2022-02-03,3888
양구군,2022-02-04,3871
양구군,2022-02-05,4802
양구군,2022-02-06,3902
양구군,2022-02-07,3381
양구군,2022-02-08,3990
양구군,2022-02-09,4081
양구군,2022-02-10,4378
양구군,2022-02-11,4606
양구군,2022-02-12,5096
양구군,2022-02-13,4886
양구군,2022-02-14,4935
양구군,2022-02-15,4532
양구군,2022-02-16,4358
양구군,2022-02-17,4582
양구군,2022-02-18,4914
양구군,2022-02-19,5656
양구군,2022-02-20,5635
양구군,2022-02-21,4403
양구군,2022-02-22,4844
양구군,2022-02-23,5274
양구군,2022-02-24,5512
양구군,2022-02-25,5772
양구군,2022-02-26,6542
양구군,2022-02-27,6622
양구군,2022-02-28,5778
양구군,2022-03-01,4862
양구군,2022-03-02,4540
양구군,2022-03-03,4816
양구군,2022-03-04,4876
양구군,2022-03-05,5712
양구군,2022-03-06,5089
양구군,2022-03-07,4515
양구군,2022-03-08,5082
양구군,2022-03-09,5142
양구군,2022-03-10,5464
양구군,2022-03-11,5786
양구군,2022-03-12,6608
양구군,2022-03-13,5610
양구군,2022-03-14,5800
양구군,2022-03-15,6090
양구군,2022-03-16,6461
양구군,2022-03-17,5950
양구군,2022-03-18,6006
양구군,2022-03-19,6086
양구군,2022-03-20,6058
양구군,2022-03-21,5152
양구군,2022-03-22,5670
양구군,2022-03-23,5926
양구군,2022-03-24,6198
양구군,2022-03-25,7150
양구군,2022-03-26,7308
양구군,2022-03-27,7452
양구군,2022-03-28,6804
양구군,2022-03-29,6440
양구군,2022-03-30,6842
양구군,2022-03-31,7584
양구군,2022-04-01,7917
양구군,2022-04-02,10066
양구군,2022-04-03,9096
양구군,2022-04-04,6916
양구군,2022-04-05,6990
양구군,2022-04-06,6632
양구군,2022-04-07,7105
양구군,2022-04-08,7760
양구군,2022-04-09,10962
양구군,2022-04-10,10728
양구군,2022-04-11,7970
양구군,2022-04-12,7763
양구군,2022-04-13,6786
양구군,2022-04-14,7182
양구군,2022-04-15,8592
양구군,2022-04-16,10602
양구군,2022-04-17,9723
양구군,2022-04-18,8172
양구군,2022-04-19,8012
양구군,2022-04-20,8519
양구군,2022-04-21,9404
양구군,2022-04-22,11442
양구군,2022-04-23,14248
양구군,2022-04-24,12806
양구군,2022-04-25,8225
양구군,2022-04-26,7833
양구군,2022-04-27,8242
양구군,2022-04-28,8354
양구군,2022-04-29,8680
양구군,2022-04-30,12436
양구군,2022-05-01,8592
양구군,2022-05-02,5072
양구군,2022-05-03,6052
양구군,2022-05-04,8078
양구군,2022-05-05,15718
양구군,2022-05-06,14777
양구군,2022-05-07,18246
양구군,2022-05-08,15155
양구군,2022-05-09,7651
양구군,2022-05-10,6958
양구군,2022-05-11,6612
양구군,2022-05-12,6734
양구군,2022-05-13,7878
양구군,2022-05-14,12096
양구군,2022-05-15,11596
양구군,2022-05-16,7259
양구군,2022-05-17,7018
양구군,2022-05-18,7210
양구군,2022-05-19,7399
양구군,2022-05-20,8666
양구군,2022-05-21,11144
양구군,2022-05-22,10017
양구군,2022-05-23,6654
양구군,2022-05-24,7042
양구군,2022-05-25,7154
양구군,2022-05-26,7210
양구군,2022-05-27,8508
양구군,2022-05-28,12008
양구군,2022-05-29,10230
양구군,2022-05-30,7182
양구군,2022-05-31,7696
양구군,2022-06-01,6458
양구군,2022-06-02,5506
양구군,2022-06-03,6790
양구군,2022-06-04,13139
양구군,2022-06-05,13622
양구군,2022-06-06,7623
양구군,2022-06-07,5526
양구군,2022-06-08,6062
양구군,2022-06-09,5716
양구군,2022-06-10,7346
양구군,2022-06-11,11032
양구군,2022-06-12,9534
양구군,2022-06-13,5134
양구군,2022-06-14,5292
양구군,2022-06-15,5852
양구군,2022-06-16,6412
양구군,2022-06-17,7385
양구군,2022-06-18,10594
양구군,2022-06-19,8684
양구군,2022-06-20,6962
양구군,2022-06-21,6612
양구군,2022-06-22,7301
양구군,2022-06-23,6632
양구군,2022-06-24,8190
양구군,2022-06-25,12492
양구군,2022-06-26,9930
양구군,2022-06-27,6038
양구군,2022-06-28,6220
양구군,2022-06-29,5842
양구군,2022-06-30,5376
양구군,2022-07-01,5764
양구군,2022-07-02,9412
양구군,2022-07-03,8582
양구군,2022-07-04,5534
양구군,2022-07-05,6366
양구군,2022-07-06,6422
양구군,2022-07-07,5656
양구군,2022-07-08,6503
양구군,2022-07-09,9916
양구군,2022-07-10,9884
양구군,2022-07-11,5372
양구군,2022-07-12,6080
양구군,2022-07-13,5184
양구군,2022-07-14,5772
양구군,2022-07-15,8008
양구군,2022-07-16,10367
양구군,2022-07-17,9744
양구군,2022-07-18,7602
양구군,2022-07-19,7749
양구군,2022-07-20,7392
양구군,2022-07-21,7371
양구군,2022-07-22,9702
양구군,2022-07-23,12428
양구군,2022-07-24,11098
양구군,2022-07-25,9272
양구군,2022-07-26,10003
양구군,2022-07-27,10514
양구군,2022-07-28,10420
양구군,2022-07-29,11494
양구군,2022-07-30,16219
양구군,2022-07-31,16174
양구군,2022-08-01,10822
양구군,2022-08-02,9282
양구군,2022-08-03,8484
양구군,2022-08-04,8722
양구군,2022-08-05,9796
양구군,2022-08-06,11956
양구군,2022-08-07,10472
양구군,2022-08-08,7066
양구군,2022-08-09,6422
양구군,2022-08-10,7136
양구군,2022-08-11,7084
양구군,2022-08-12,10423
양구군,2022-08-13,14948
양구군,2022-08-14,15435
양구군,2022-08-15,10552
양구군,2022-08-16,7578
양구군,2022-08-17,7550
양구군,2022-08-18,7203
양구군,2022-08-19,8372
양구군,2022-08-20,11924
양구군,2022-08-21,10826
양구군,2022-08-22,8064
양구군,2022-08-23,8256
양구군,2022-08-24,8932
양구군,2022-08-25,7952
양구군,2022-08-26,8998
양구군,2022-08-27,12334
양구군,2022-08-28,11207
양구군,2022-08-29,7256
양구군,2022-08-30,6846
양구군,2022-08-31,7080
양구군,2022-09-01,6604
양구군,2022-09-02,8841
양구군,2022-09-03,12859
양구군,2022-09-04,7644
양구군,2022-09-05,4494
양구군,2022-09-06,4812
양구군,2022-09-07,7266
양구군,2022-09-08,8830
양구군,2022-09-09,17132
양구군,2022-09-10,23905
양구군,2022-09-11,17591
양구군,2022-09-12,10367
양구군,2022-09-13,7262
양구군,2022-09-14,7766
양구군,2022-09-15,8554
양구군,2022-09-16,8442
양구군,2022-09-17,11050
양구군,2022-09-18,10318
양구군,2022-09-19,7868
양구군,2022-09-20,8264
양구군,2022-09-21,8096
양구군,2022-09-22,7920
양구군,2022-09-23,8508
양구군,2022-09-24,11672
양구군,2022-09-25,10888
양구군,2022-09-26,7112
양구군,2022-09-27,9086
양구군,2022-09-28,8617
양구군,2022-09-29,8214
양구군,2022-09-30,9219
양구군,2022-10-01,12985
양구군,2022-10-02,12586
양구군,2022-10-03,7584
양구군,2022-10-04,5061
양구군,2022-10-05,6510
양구군,2022-10-06,6692
양구군,2022-10-07,7396
양구군,2022-10-08,12134
양구군,2022-10-09,11501
양구군,2022-10-10,8505
양구군,2022-10-11,7130
양구군,2022-10-12,6517
양구군,2022-10-13,7168
양구군,2022-10-14,8144
양구군,2022-10-15,11840
양구군,2022-10-16,9744
양구군,2022-10-17,6321
양구군,2022-10-18,7424
양구군,2022-10-19,7238
양구군,2022-10-20,8082
양구군,2022-10-21,8488
양구군,2022-10-22,11644
양구군,2022-10-23,10339
양구군,2022-10-24,6702
양구군,2022-10-25,7914
양구군,2022-10-26,7259
양구군,2022-10-27,7570
양구군,2022-10-28,8914
양구군,2022-10-29,15512
양구군,2022-10-30,14035
양구군,2022-10-31,7385
양구군,2022-11-01,5859
양구군,2022-11-02,5810
양구군,2022-11-03,6356
양구군,2022-11-04,8096
양구군,2022-11-05,11490
양구군,2022-11-06,9748
양구군,2022-11-07,6576
양구군,2022-11-08,6178
양구군,2022-11-09,6086
양구군,2022-11-10,6643
양구군,2022-11-11,8152
양구군,2022-11-12,10692
양구군,2022-11-13,9026
양구군,2022-11-14,5698
양구군,2022-11-15,6688
양구군,2022-11-16,7224
양구군,2022-11-17,6934
양구군,2022-11-18,7732
양구군,2022-11-19,10178
양구군,2022-11-20,9618
양구군,2022-11-21,6741
양구군,2022-11-22,6566
양구군,2022-11-23,6380
양구군,2022-11-24,7035
양구군,2022-11-25,7924
양구군,2022-11-26,9219
양구군,2022-11-27,8348
양구군,2022-11-28,5932
양구군,2022-11-29,6671
양구군,2022-11-30,7343
양구군,2022-12-01,5036
양구군,2022-12-02,5796
양구군,2022-12-03,6384
양구군,2022-12-04,6002
양구군,2022-12-05,5901
양구군,2022-12-06,5439
양구군,2022-12-07,5775
양구군,2022-12-08,5957
양구군,2022-12-09,6898
양구군,2022-12-10,8144
양구군,2022-12-11,7158
양구군,2022-12-12,5820
양구군,2022-12-13,5422
양구군,2022-12-14,5652
양구군,2022-12-15,5450
양구군,2022-12-16,7000
양구군,2022-12-17,7693
양구군,2022-12-18,6674
양구군,2022-12-19,6230
양구군,2022-12-20,7126
양구군,2022-12-21,4774
양구군,2022-12-22,5880
양구군,2022-12-23,6464
양구군,2022-12-24,6850
양구군,2022-12-25,6920
양구군,2022-12-26,7270
양구군,2022-12-27,6262
양구군,2022-12-28,6422
양구군,2022-12-29,6360
양구군,2022-12-30,7732
양구군,2022-12-31,8302
양양군,2021-01-01,60736
양양군,2021-01-02,52416
양양군,2021-01-03,30412
양양군,2021-01-04,17500
양양군,2021-01-05,17104
양양군,2021-01-06,15270
양양군,2021-01-07,12908
양양군,2021-01-08,15774
양양군,2021-01-09,23835
양양군,2021-01-10,23958
양양군,2021-01-11,16132
양양군,2021-01-12,17059
양양군,2021-01-13,18739
양양군,2021-01-14,21588
양양군,2021-01-15,24962
양양군,2021-01-16,40110
양양군,2021-01-17,34097
양양군,2021-01-18,17216
양양군,2021-01-19,17916
양양군,2021-01-20,20850
양양군,2021-01-21,21245
양양군,2021-01-22,25067
양양군,2021-01-23,36704
양양군,2021-01-24,41318
양양군,2021-01-25,25176
양양군,2021-01-26,22771
양양군,2021-01-27,22813
양양군,2021-01-28,19260
양양군,2021-01-29,24640
양양군,2021-01-30,40026
양양군,2021-01-31,42126
양양군,2021-02-01,19831
양양군,2021-02-02,17822
양양군,2021-02-03,17328
양양군,2021-02-04,19576
양양군,2021-02-05,23527
양양군,2021-02-06,40968
양양군,2021-02-07,36855
양양군,2021-02-08,17997
양양군,2021-02-09,21816
양양군,2021-02-10,23443
양양군,2021-02-11,49136
양양군,2021-02-12,73882
양양군,2021-02-13,73840
양양군,2021-02-14,42990
양양군,2021-02-15,22372
양양군,2021-02-16,17871
양양군,2021-02-17,17720
양양군,2021-02-18,20916
양양군,2021-02-19,29505
양양군,2021-02-20,48836
양양군,2021-02-21,47134
양양군,2021-02-22,27584
양양군,2021-02-23,25728
양양군,2021-02-24,29354
양양군,2021-02-25,26306
양양군,2021-02-26,34279
양양군,2021-02-27,62447
양양군,2021-02-28,97156
양양군,2021-03-01,48244
양양군,2021-03-02,14200
양양군,2021-03-03,13612
양양군,2021-03-04,17168
양양군,2021-03-05,21581
양양군,2021-03-06,24476
양양군,2021-03-07,28133
양양군,2021-03-08,17462
양양군,2021-03-09,21788
양양군,2021-03-10,18742
양양군,2021-03-11,20615
양양군,2021-03-12,23118
양양군,2021-03-13,46543
양양군,2021-03-14,50046
양양군,2021-03-15,21371
양양군,2021-03-16,21070
양양군,2021-03-17,21070
양양군,2021-03-18,20909
양양군,2021-03-19,29988
양양군,2021-03-20,38524
양양군,2021-03-21,36449
양양군,2021-03-22,22232
양양군,2021-03-23,20612
양양군,2021-03-24,23835
양양군,2021-03-25,22522
양양군,2021-03-26,29750
양양군,2021-03-27,43144
양양군,2021-03-28,39151
양양군,2021-03-29,24714
양양군,2021-03-30,22964
양양군,2021-03-31,23506
양양군,2021-04-01,20237
양양군,2021-04-02,28340
양양군,2021-04-03,36757
양양군,2021-04-04,40985
양양군,2021-04-05,24006
양양군,2021-04-06,22701
양양군,2021-04-07,22830
양양군,2021-04-08,22827
양양군,2021-04-09,36088
양양군,2021-04-10,59756
양양군,2021-04-11,55937
양양군,2021-04-12,22190
양양군,2021-04-13,20111
양양군,2021-04-14,27272
양양군,2021-04-15,24262
양양군,2021-04-16,30824
양양군,2021-04-17,52696
양양군,2021-04-18,51146
양양군,2021-04-19,30118
양양군,2021-04-20,23552
양양군,2021-04-21,24202
양양군,2021-04-22,24300
양양군,2021-04-23,33005
양양군,2021-04-24,65202
양양군,2021-04-25,55164
양양군,2021-04-26,27660
양양군,2021-04-27,24591
양양군,2021-04-28,24468
양양군,2021-04-29,27982
양양군,2021-04-30,31122
양양군,2021-05-01,50186
양양군,2021-05-02,54698
양양군,2021-05-03,33187
양양군,2021-05-04,33768
양양군,2021-05-05,42868
양양군,2021-05-06,33148
양양군,2021-05-07,36578
양양군,2021-05-08,53378
양양군,2021-05-09,55786
양양군,2021-05-10,25529
양양군,2021-05-11,25438
양양군,2021-05-12,25938
양양군,2021-05-13,28364
양양군,2021-05-14,40086
양양군,2021-05-15,55164
양양군,2021-05-16,40019
양양군,2021-05-17,24913
양양군,2021-05-18,34066
양양군,2021-05-19,58720
양양군,2021-05-20,29309
양양군,2021-05-21,35196
양양군,2021-05-22,70700
양양군,2021-05-23,63945
양양군,2021-05-24,33376
양양군,2021-05-25,26100
양양군,2021-05-26,27265
양양군,2021-05-27,25252
양양군,2021-05-28,32498
양양군,2021-05-29,70060
양양군,2021-05-30,61873
양양군,2021-05-31,27398
양양군,2021-06-01,21749
양양군,2021-06-02,23961
양양군,2021-06-03,21931
양양군,2021-06-04,38616
양양군,2021-06-05,69797
양양군,2021-06-06,63458
양양군,2021-06-07,29124
양양군,2021-06-08,26610
양양군,2021-06-09,29390
양양군,2021-06-10,26296
양양군,2021-06-11,36029
양양군,2021-06-12,71694
양양군,2021-06-13,65695
양양군,2021-06-14,34562
양양군,2021-06-15,27314
양양군,2021-06-16,25844
양양군,2021-06-17,28914
양양군,2021-06-18,41318
양양군,2021-06-19,83836
양양군,2021-06-20,73174
양양군,2021-06-21,33670
양양군,2021-06-22,31966
양양군,2021-06-23,33173
양양군,2021-06-24,40376
양양군,2021-06-25,48671
양양군,2021-06-26,73507
양양군,2021-06-27,74848
양양군,2021-06-28,40428
양양군,2021-06-29,37124
양양군,2021-06-30,33568
양양군,2021-07-01,33674
양양군,2021-07-02,46820
양양군,2021-07-03,66080
양양군,2021-07-04,59164
양양군,2021-07-05,36904
양양군,2021-07-06,35402
양양군,2021-07-07,33092
양양군,2021-07-08,31594
양양군,2021-07-09,46028
양양군,2021-07-10,72968
양양군,2021-07-11,70322
양양군,2021-07-12,37782
양양군,2021-07-13,36760
양양군,2021-07-14,39123
양양군,2021-07-15,38944
양양군,2021-07-16,51905
양양군,2021-07-17,80546
양양군,2021-07-18,79163
양양군,2021-07-19,47128
양양군,2021-07-20,40950
양양군,2021-07-21,40540
양양군,2021-07-22,43414
양양군,2021-07-23,51114
양양군,2021-07-24,73826
양양군,2021-07-25,67375
양양군,2021-07-26,44268
양양군,2021-07-27,41083
양양군,2021-07-28,42990
양양군,2021-07-29,51401
양양군,2021-07-30,60840
양양군,2021-07-31,84836
양양군,2021-08-01,83226
양양군,2021-08-02,69618
양양군,2021-08-03,66101
양양군,2021-08-04,56203
양양군,2021-08-05,55128
양양군,2021-08-06,61296
양양군,2021-08-07,64470
양양군,2021-08-08,68996
양양군,2021-08-09,45168
양양군,2021-08-10,43743
양양군,2021-08-11,45815
양양군,2021-08-12,50754
양양군,2021-08-13,60042
양양군,2021-08-14,84914
양양군,2021-08-15,103086
양양군,2021-08-16,74722
양양군,2021-08-17,39792
양양군,2021-08-18,34167
양양군,2021-08-19,39546
양양군,2021-08-20,48464
양양군,2021-08-21,60655
양양군,2021-08-22,64970
양양군,2021-08-23,38546
양양군,2021-08-24,31003
양양군,2021-08-25,31815
양양군,2021-08-26,36197
양양군,2021-08-27,43522
양양군,2021-08-28,72135
양양군,2021-08-29,70924
양양군,2021-08-30,36596
양양군,2021-08-31,28514
양양군,2021-09-01,20394
양양군,2021-09-02,27153
양양군,2021-09-03,37496
양양군,2021-09-04,71505
양양군,2021-09-05,57880
양양군,2021-09-06,27430
양양군,2021-09-07,20758
양양군,2021-09-08,24808
양양군,2021-09-09,33530
양양군,2021-09-10,36656
양양군,2021-09-11,61712
양양군,2021-09-12,57194
양양군,2021-09-13,28518
양양군,2021-09-14,31668
양양군,2021-09-15,25571
양양군,2021-09-16,25263
양양군,2021-09-17,29428
양양군,2021-09-18,65037
양양군,2021-09-19,105396
양양군,2021-09-20,100950
양양군,2021-09-21,85148
양양군,2021-09-22,56273
양양군,2021-09-23,35938
양양군,2021-09-24,39753
양양군,2021-09-25,49413
양양군,2021-09-26,50774
양양군,2021-09-27,28378
양양군,2021-09-28,26880
양양군,2021-09-29,24773
양양군,2021-09-30,27646
양양군,2021-10-01,35455
양양군,2021-10-02,76867
양양군,2021-10-03,93163
양양군,2021-10-04,57494
양양군,2021-10-05,21010
양양군,2021-10-06,19044
양양군,2021-10-07,23404
양양군,2021-10-08,32686
양양군,2021-10-09,83580
양양군,2021-10-10,104062
양양군,2021-10-11,57484
양양군,2021-10-12,31084
양양군,2021-10-13,31700
양양군,2021-10-14,38924
양양군,2021-10-15,35242
양양군,2021-10-16,65065
양양군,2021-10-17,63340
양양군,2021-10-18,36218
양양군,2021-10-19,33551
양양군,2021-10-20,33474
양양군,2021-10-21,35732
양양군,2021-10-22,40887
양양군,2021-10-23,78046
양양군,2021-10-24,76790
양양군,2021-10-25,37324
양양군,2021-10-26,34408
양양군,2021-10-27,33282
양양군,2021-10-28,35452
양양군,2021-10-29,47204
양양군,2021-10-30,75002
양양군,2021-10-31,67518
양양군,2021-11-01,30401
양양군,2021-11-02,26159
양양군,2021-11-03,28287
양양군,2021-11-04,32896
양양군,2021-11-05,38500
양양군,2021-11-06,65079
양양군,2021-11-07,57078
양양군,2021-11-08,24493
양양군,2021-11-09,26292
양양군,2021-11-10,23426
양양군,2021-11-11,25750
양양군,2021-11-12,34832
양양군,2021-11-13,59420
양양군,2021-11-14,58632
양양군,2021-11-15,28168
양양군,2021-11-16,25694
양양군,2021-11-17,25459
양양군,2021-11-18,28214
양양군,2021-11-19,39396
양양군,2021-11-20,60781
양양군,2021-11-21,51628
양양군,2021-11-22,26128
양양군,2021-11-23,22491
양양군,2021-11-24,25298
양양군,2021-11-25,25536
양양군,2021-11-26,33474
양양군,2021-11-27,54537
양양군,2021-11-28,51698
양양군,2021-11-29,30793
양양군,2021-11-30,20724
양양군,2021-12-01,18739
양양군,2021-12-02,20503
양양군,2021-12-03,28332
양양군,2021-12-04,52692
양양군,2021-12-05,45140
양양군,2021-12-06,24406
양양군,2021-12-07,19716
양양군,2021-12-08,21819
양양군,2021-12-09,25788
양양군,2021-12-10,29792
양양군,2021-12-11,51926
양양군,2021-12-12,47733
양양군,2021-12-13,24920
양양군,2021-12-14,24402
양양군,2021-12-15,21861
양양군,2021-12-16,22785
양양군,2021-12-17,29904
양양군,2021-12-18,43491
양양군,2021-12-19,41335
양양군,2021-12-20,25904
양양군,2021-12-21,24409
양양군,2021-12-22,24948
양양군,2021-12-23,26428
양양군,2021-12-24,32232
양양군,2021-12-25,39865
양양군,2021-12-26,39718
양양군,2021-12-27,25918
양양군,2021-12-28,25368
양양군,2021-12-29,29124
양양군,2021-12-30,32882
양양군,2021-12-31,54033
양양군,2022-01-01,107170
양양군,2022-01-02,51142
양양군,2022-01-03,23460
양양군,2022-01-04,23303
양양군,2022-01-05,21546
양양군,2022-01-06,22848
양양군,2022-01-07,29176
양양군,2022-01-08,47236
양양군,2022-01-09,48006
양양군,2022-01-10,28158
양양군,2022-01-11,25088
양양군,2022-01-12,24790
양양군,2022-01-13,25739
양양군,2022-01-14,35690
양양군,2022-01-15,52734
양양군,2022-01-16,52048
양양군,2022-01-17,27790
양양군,2022-01-18,25560
양양군,2022-01-19,26212
양양군,2022-01-20,22050
양양군,2022-01-21,31297
양양군,2022-01-22,49858
양양군,2022-01-23,49066
양양군,2022-01-24,29088
양양군,2022-01-25,24374
양양군,2022-01-26,24542
양양군,2022-01-27,24745
양양군,2022-01-28,35816
양양군,2022-01-29,65874
양양군,2022-01-30,87336
양양군,2022-01-31,95708
양양군,2022-02-01,86184
양양군,2022-02-02,55374
양양군,2022-02-03,36337
양양군,2022-02-04,32658
양양군,2022-02-05,42340
양양군,2022-02-06,36176
양양군,2022-02-07,23114
양양군,2022-02-08,23314
양양군,2022-02-09,26400
양양군,2022-02-10,24472
양양군,2022-02-11,31084
양양군,2022-02-12,52504
양양군,2022-02-13,52633
양양군,2022-02-14,27584
양양군,2022-02-15,24622
양양군,2022-02-16,22645
양양군,2022-02-17,25011
양양군,2022-02-18,33092
양양군,2022-02-19,58198
양양군,2022-02-20,59836
양양군,2022-02-21,32081
양양군,2022-02-22,25078
양양군,2022-02-23,25784
양양군,2022-02-24,29736
양양군,2022-02-25,31986
양양군,2022-02-26,54103
양양군,2022-02-27,62276
양양군,2022-02-28,42665
양양군,2022-03-01,42602
양양군,2022-03-02,21315
양양군,2022-03-03,22320
양양군,2022-03-04,29830
양양군,2022-03-05,41184
양양군,2022-03-06,39848
양양군,2022-03-07,20402
양양군,2022-03-08,19817
양양군,2022-03-09,29715
양양군,2022-03-10,20010
양양군,2022-03-11,25554
양양군,2022-03-12,41324
양양군,2022-03-13,30247
양양군,2022-03-14,18428
양양군,2022-03-15,19078
양양군,2022-03-16,20713
양양군,2022-03-17,17322
양양군,2022-03-18,20618
양양군,2022-03-19,35060
양양군,2022-03-20,34363
양양군,2022-03-21,20860
양양군,2022-03-22,20202
양양군,2022-03-23,19936
양양군,2022-03-24,25025
양양군,2022-03-25,27426
양양군,2022-03-26,40971
양양군,2022-03-27,45846
양양군,2022-03-28,24843
양양군,2022-03-29,27923
양양군,2022-03-30,22124
양양군,2022-03-31,20660
양양군,2022-04-01,31112
양양군,2022-04-02,57480
양양군,2022-04-03,52402
양양군,2022-04-04,30356
양양군,2022-04-05,24770
양양군,2022-04-06,24224
양양군,2022-04-07,24868
양양군,2022-04-08,37754
양양군,2022-04-09,70024
양양군,2022-04-10,62937
양양군,2022-04-11,31479
양양군,2022-04-12,27640
양양군,2022-04-13,21413
양양군,2022-04-14,29704
양양군,2022-04-15,37926
양양군,2022-04-16,67718
양양군,2022-04-17,62972
양양군,2022-04-18,31780
양양군,2022-04-19,33810
양양군,2022-04-20,29043
양양군,2022-04-21,29666
양양군,2022-04-22,41100
양양군,2022-04-23,68817
양양군,2022-04-24,70990
양양군,2022-04-25,32837
양양군,2022-04-26,28784
양양군,2022-04-27,31094
양양군,2022-04-28,30838
양양군,2022-04-29,41990
양양군,2022-04-30,70024
양양군,2022-05-01,66570
양양군,2022-05-02,29477
양양군,2022-05-03,28556
양양군,2022-05-04,40803
양양군,2022-05-05,76272
양양군,2022-05-06,81900
양양군,2022-05-07,89190
양양군,2022-05-08,65709
양양군,2022-05-09,35511
양양군,2022-05-10,32998
양양군,2022-05-11,32459
양양군,2022-05-12,34528
양양군,2022-05-13,44292
양양군,2022-05-14,84238
양양군,2022-05-15,79177
양양군,2022-05-16,39602
양양군,2022-05-17,35430
양양군,2022-05-18,34464
양양군,2022-05-19,39466
양양군,2022-05-20,49518
양양군,2022-05-21,87804
양양군,2022-05-22,82215
양양군,2022-05-23,43936
양양군,2022-05-24,42126
양양군,2022-05-25,34716
양양군,2022-05-26,35434
양양군,2022-05-27,45430
양양군,2022-05-28,79698
양양군,2022-05-29,78082
양양군,2022-05-30,35364
양양군,2022-05-31,38626
양양군,2022-06-01,54400
양양군,2022-06-02,42620
양양군,2022-06-03,58320
양양군,2022-06-04,117638
양양군,2022-06-05,139398
양양군,2022-06-06,60200
양양군,2022-06-07,28077
양양군,2022-06-08,29813
양양군,2022-06-09,33596
양양군,2022-06-10,40442
양양군,2022-06-11,69464
양양군,2022-06-12,67680
양양군,2022-06-13,33890
양양군,2022-06-14,32280
양양군,2022-06-15,28105
양양군,2022-06-16,33222
양양군,2022-06-17,45560
양양군,2022-06-18,77970
양양군,2022-06-19,74830
양양군,2022-06-20,38350
양양군,2022-06-21,36200
양양군,2022-06-22,37286
양양군,2022-06-23,34038
양양군,2022-06-24,51362
양양군,2022-06-25,84402
양양군,2022-06-26,71673
양양군,2022-06-27,36782
양양군,2022-06-28,32487
양양군,2022-06-29,31584
양양군,2022-06-30,27394
양양군,2022-07-01,41990
양양군,2022-07-02,78330
양양군,2022-07-03,71992
양양군,2022-07-04,39375
양양군,2022-07-05,34772
양양군,2022-07-06,32106
양양군,2022-07-07,34296
양양군,2022-07-08,45762
양양군,2022-07-09,87486
양양군,2022-07-10,78785
양양군,2022-07-11,36410
양양군,2022-07-12,36754
양양군,2022-07-13,30992
양양군,2022-07-14,37874
양양군,2022-07-15,49077
양양군,2022-07-16,75044
양양군,2022-07-17,72194
양양군,2022-07-18,44590
양양군,2022-07-19,45224
양양군,2022-07-20,42175
양양군,2022-07-21,39214
양양군,2022-07-22,58604
양양군,2022-07-23,89054
양양군,2022-07-24,87538
양양군,2022-07-25,60732
양양군,2022-07-26,59829
양양군,2022-07-27,62748
양양군,2022-07-28,70914
양양군,2022-07-29,89296
양양군,2022-07-30,121639
양양군,2022-07-31,121692
양양군,2022-08-01,97615
양양군,2022-08-02,89621
양양군,2022-08-03,78330
양양군,2022-08-04,79026
양양군,2022-08-05,87010
양양군,2022-08-06,104139
양양군,2022-08-07,92022
양양군,2022-08-08,59426
양양군,2022-08-09,50102
양양군,2022-08-10,50113
양양군,2022-08-11,53952
양양군,2022-08-12,75072
양양군,2022-08-13,117635
양양군,2022-08-14,133182
양양군,2022-08-15,95865
양양군,2022-08-16,57498
양양군,2022-08-17,50435
양양군,2022-08-18,53932
양양군,2022-08-19,60340
양양군,2022-08-20,86600
양양군,2022-08-21,89086
양양군,2022-08-22,53298
양양군,2022-08-23,45248
양양군,2022-08-24,46770
양양군,2022-08-25,43568
양양군,2022-08-26,55114
양양군,2022-08-27,88340
양양군,2022-08-28,82327
양양군,2022-08-29,49833
양양군,2022-08-30,33820
양양군,2022-08-31,30660
양양군,2022-09-01,32498
양양군,2022-09-02,41006
양양군,2022-09-03,63595
양양군,2022-09-04,47341
양양군,2022-09-05,17290
양양군,2022-09-06,15603
양양군,2022-09-07,22911
양양군,2022-09-08,32991
양양군,2022-09-09,81414
양양군,2022-09-10,109792
양양군,2022-09-11,99152
양양군,2022-09-12,58916
양양군,2022-09-13,31112
양양군,2022-09-14,30740
양양군,2022-09-15,30156
양양군,2022-09-16,35984
양양군,2022-09-17,59906
양양군,2022-09-18,53946
양양군,2022-09-19,27209
양양군,2022-09-20,29246
양양군,2022-09-21,30961
양양군,2022-09-22,34013
양양군,2022-09-23,43746
양양군,2022-09-24,79772
양양군,2022-09-25,66031
양양군,2022-09-26,37198
양양군,2022-09-27,35420
양양군,2022-09-28,34380
양양군,2022-09-29,40187
양양군,2022-09-30,48856
양양군,2022-10-01,99614
양양군,2022-10-02,112598
양양군,2022-10-03,58726
양양군,2022-10-04,23597
양양군,2022-10-05,22614
양양군,2022-10-06,23639
양양군,2022-10-07,34086
양양군,2022-10-08,91259
양양군,2022-10-09,109644
양양군,2022-10-10,64194
양양군,2022-10-11,38612
양양군,2022-10-12,36512
양양군,2022-10-13,38738
양양군,2022-10-14,47285
양양군,2022-10-15,78932
양양군,2022-10-16,70682
양양군,2022-10-17,41062
양양군,2022-10-18,45784
양양군,2022-10-19,47478
양양군,2022-10-20,48430
양양군,2022-10-21,55335
양양군,2022-10-22,89642
양양군,2022-10-23,67284
양양군,2022-10-24,39456
양양군,2022-10-25,42564
양양군,2022-10-26,41160
양양군,2022-10-27,40310
양양군,2022-10-28,46473
양양군,2022-10-29,86429
양양군,2022-10-30,70511
양양군,2022-10-31,35984
양양군,2022-11-01,29666
양양군,2022-11-02,28658
양양군,2022-11-03,27934
양양군,2022-11-04,40436
양양군,2022-11-05,61054
양양군,2022-11-06,54985
양양군,2022-11-07,29190
양양군,2022-11-08,27356
양양군,2022-11-09,29648
양양군,2022-11-10,27206
양양군,2022-11-11,35634
양양군,2022-11-12,55612
양양군,2022-11-13,45045
양양군,2022-11-14,31874
양양군,2022-11-15,26484
양양군,2022-11-16,26201
양양군,2022-11-17,29110
양양군,2022-11-18,38535
양양군,2022-11-19,61254
양양군,2022-11-20,50410
양양군,2022-11-21,28574
양양군,2022-11-22,24826
양양군,2022-11-23,23254
양양군,2022-11-24,29064
양양군,2022-11-25,33404
양양군,2022-11-26,52990
양양군,2022-11-27,48622
양양군,2022-11-28,26964
양양군,2022-11-29,25112
양양군,2022-11-30,21948
양양군,2022-12-01,19999
양양군,2022-12-02,28164
양양군,2022-12-03,43782
양양군,2022-12-04,45552
양양군,2022-12-05,23954
양양군,2022-12-06,21276
양양군,2022-12-07,21122
양양군,2022-12-08,22659
양양군,2022-12-09,31787
양양군,2022-12-10,46935
양양군,2022-12-11,44244
양양군,2022-12-12,24860
양양군,2022-12-13,21560
양양군,2022-12-14,20223
양양군,2022-12-15,20100
양양군,2022-12-16,27920
양양군,2022-12-17,42238
양양군,2022-12-18,38395
양양군,2022-12-19,25050
양양군,2022-12-20,21844
양양군,2022-12-21,18714
양양군,2022-12-22,21644
양양군,2022-12-23,26579
양양군,2022-12-24,47684
양양군,2022-12-25,43463
양양군,2022-12-26,31252
양양군,2022-12-27,29340
양양군,2022-12-28,29186
양양군,2022-12-29,34433
양양군,2022-12-30,44796
양양군,2022-12-31,72636
영월군,2021-01-01,15190
영월군,2021-01-02,14606
영월군,2021-01-03,10339
영월군,2021-01-04,7301
영월군,2021-01-05,7084
영월군,2021-01-06,7259
영월군,2021-01-07,5488
영월군,2021-01-08,6762
영월군,2021-01-09,8484
영월군,2021-01-10,8040
영월군,2021-01-11,7581
영월군,2021-01-12,8012
영월군,2021-01-13,7868
영월군,2021-01-14,9412
영월군,2021-01-15,9566
영월군,2021-01-16,13570
영월군,2021-01-17,11606
영월군,2021-01-18,5915
영월군,2021-01-19,8029
영월군,2021-01-20,9034
영월군,2021-01-21,9502
영월군,2021-01-22,10367
영월군,2021-01-23,15225
영월군,2021-01-24,15256
영월군,2021-01-25,9916
영월군,2021-01-26,9954
영월군,2021-01-27,9975
영월군,2021-01-28,8194
영월군,2021-01-29,10178
영월군,2021-01-30,13489
영월군,2021-01-31,13962
영월군,2021-02-01,7122
영월군,2021-02-02,7910
영월군,2021-02-03,7780
영월군,2021-02-04,7203
영월군,2021-02-05,9079
영월군,2021-02-06,12778
영월군,2021-02-07,11938
영월군,2021-02-08,8519
영월군,2021-02-09,9954
영월군,2021-02-10,12338
영월군,2021-02-11,23275
영월군,2021-02-12,33148
영월군,2021-02-13,27146
영월군,2021-02-14,14959
영월군,2021-02-15,8858
영월군,2021-02-16,9037
영월군,2021-02-17,8344
영월군,2021-02-18,8715
영월군,2021-02-19,12040
영월군,2021-02-20,16866
영월군,2021-02-21,16520
영월군,2021-02-22,11095
영월군,2021-02-23,11420
영월군,2021-02-24,11753
영월군,2021-02-25,10927
영월군,2021-02-26,13920
영월군,2021-02-27,24941
영월군,2021-02-28,27436
영월군,2021-03-01,12624
영월군,2021-03-02,7172
영월군,2021-03-03,8715
영월군,2021-03-04,10132
영월군,2021-03-05,11466
영월군,2021-03-06,14917
영월군,2021-03-07,15648
영월군,2021-03-08,10202
영월군,2021-03-09,11830
영월군,2021-03-10,11571
영월군,2021-03-11,11624
영월군,2021-03-12,11946
영월군,2021-03-13,18774
영월군,2021-03-14,17616
영월군,2021-03-15,11053
영월군,2021-03-16,11669
영월군,2021-03-17,11938
영월군,2021-03-18,12040
영월군,2021-03-19,14644
영월군,2021-03-20,16936
영월군,2021-03-21,16723
영월군,2021-03-22,11900
영월군,2021-03-23,12884
영월군,2021-03-24,13804
영월군,2021-03-25,13153
영월군,2021-03-26,15376
영월군,2021-03-27,19246
영월군,2021-03-28,16306
영월군,2021-03-29,12691
영월군,2021-03-30,12978
영월군,2021-03-31,13338
영월군,2021-04-01,10185
영월군,2021-04-02,12394
영월군,2021-04-03,16618
영월군,2021-04-04,16534
영월군,2021-04-05,10626
영월군,2021-04-06,11574
영월군,2021-04-07,11340
영월군,2021-04-08,11694
영월군,2021-04-09,16366
영월군,2021-04-10,27363
영월군,2021-04-11,25200
영월군,2021-04-12,10014
영월군,2021-04-13,10602
영월군,2021-04-14,12008
영월군,2021-04-15,11515
영월군,2021-04-16,14304
영월군,2021-04-17,24426
영월군,2021-04-18,23244
영월군,2021-04-19,12562
영월군,2021-04-20,12460
영월군,2021-04-21,12352
영월군,2021-04-22,12362
영월군,2021-04-23,16611
영월군,2021-04-24,30090
영월군,2021-04-25,27090
영월군,2021-04-26,13174
영월군,2021-04-27,12688
영월군,2021-04-28,12740
영월군,2021-04-29,14504
영월군,2021-04-30,16356
영월군,2021-05-01,27510
영월군,2021-05-02,28248
영월군,2021-05-03,14514
영월군,2021-05-04,13965
영월군,2021-05-05,19908
영월군,2021-05-06,15096
영월군,2021-05-07,19033
영월군,2021-05-08,30796
영월군,2021-05-09,27685
영월군,2021-05-10,10451
영월군,2021-05-11,11302
영월군,2021-05-12,12036
영월군,2021-05-13,12604
영월군,2021-05-14,17392
영월군,2021-05-15,23782
영월군,2021-05-16,18372
영월군,2021-05-17,10430
영월군,2021-05-18,14648
영월군,2021-05-19,23782
영월군,2021-05-20,12358
영월군,2021-05-21,15687
영월군,2021-05-22,30226
영월군,2021-05-23,27730
영월군,2021-05-24,13142
영월군,2021-05-25,11462
영월군,2021-05-26,13062
영월군,2021-05-27,11725
영월군,2021-05-28,14924
영월군,2021-05-29,29295
영월군,2021-05-30,28430
영월군,2021-05-31,12674
영월군,2021-06-01,11512
영월군,2021-06-02,11921
영월군,2021-06-03,10304
영월군,2021-06-04,17339
영월군,2021-06-05,31808
영월군,2021-06-06,29354
영월군,2021-06-07,12677
영월군,2021-06-08,12428
영월군,2021-06-09,13276
영월군,2021-06-10,13034
영월군,2021-06-11,16660
영월군,2021-06-12,31514
영월군,2021-06-13,30632
영월군,2021-06-14,14105
영월군,2021-06-15,13142
영월군,2021-06-16,14004
영월군,2021-06-17,13727
영월군,2021-06-18,18532
영월군,2021-06-19,36620
영월군,2021-06-20,34244
영월군,2021-06-21,14959
영월군,2021-06-22,13640
영월군,2021-06-23,14049
영월군,2021-06-24,16286
영월군,2021-06-25,21315
영월군,2021-06-26,34654
영월군,2021-06-27,33971
영월군,2021-06-28,15995
영월군,2021-06-29,14693
영월군,2021-06-30,14462
영월군,2021-07-01,13671
영월군,2021-07-02,19376
영월군,2021-07-03,29918
영월군,2021-07-04,24658
영월군,2021-07-05,13318
영월군,2021-07-06,12540
영월군,2021-07-07,11690
영월군,2021-07-08,12075
영월군,2021-07-09,17255
영월군,2021-07-10,29432
영월군,2021-07-11,27335
영월군,2021-07-12,14004
영월군,2021-07-13,14522
영월군,2021-07-14,15348
영월군,2021-07-15,15694
영월군,2021-07-16,23026
영월군,2021-07-17,38770
영월군,2021-07-18,37205
영월군,2021-07-19,18540
영월군,2021-07-20,17969
영월군,2021-07-21,18907
영월군,2021-07-22,19540
영월군,2021-07-23,27132
영월군,2021-07-24,44166
영월군,2021-07-25,42581
영월군,2021-07-26,24563
영월군,2021-07-27,22393
영월군,2021-07-28,24258
영월군,2021-07-29,28242
영월군,2021-07-30,36676
영월군,2021-07-31,58331
영월군,2021-08-01,54026
영월군,2021-08-02,40562
영월군,2021-08-03,37429
영월군,2021-08-04,32578
영월군,2021-08-05,32196
영월군,2021-08-06,36666
영월군,2021-08-07,39504
영월군,2021-08-08,42186
영월군,2021-08-09,24784
영월군,2021-08-10,22802
영월군,2021-08-11,22722
영월군,2021-08-12,24420
영월군,2021-08-13,31524
영월군,2021-08-14,53872
영월군,2021-08-15,58202
영월군,2021-08-16,37905
영월군,2021-08-17,20328
영월군,2021-08-18,18344
영월군,2021-08-19,18697
영월군,2021-08-20,22494
영월군,2021-08-21,27556
영월군,2021-08-22,28910
영월군,2021-08-23,14830
영월군,2021-08-24,13027
영월군,2021-08-25,13013
영월군,2021-08-26,15288
영월군,2021-08-27,18851
영월군,2021-08-28,31766
영월군,2021-08-29,30230
영월군,2021-08-30,15810
영월군,2021-08-31,13094
영월군,2021-09-01,10048
영월군,2021-09-02,12282
영월군,2021-09-03,19068
영월군,2021-09-04,35805
영월군,2021-09-05,31560
영월군,2021-09-06,13842
영월군,2021-09-07,11186
영월군,2021-09-08,12782
영월군,2021-09-09,14368
영월군,2021-09-10,18613
영월군,2021-09-11,33425
영월군,2021-09-12,29281
영월군,2021-09-13,13888
영월군,2021-09-14,14752
영월군,2021-09-15,13916
영월군,2021-09-16,14004
영월군,2021-09-17,14854
영월군,2021-09-18,33240
영월군,2021-09-19,50043
영월군,2021-09-20,54852
영월군,2021-09-21,47450
영월군,2021-09-22,28238
영월군,2021-09-23,17014
영월군,2021-09-24,19176
영월군,2021-09-25,26366
영월군,2021-09-26,25270
영월군,2021-09-27,13713
영월군,2021-09-28,14158
영월군,2021-09-29,12134
영월군,2021-09-30,14836
영월군,2021-10-01,16821
영월군,2021-10-02,36992
영월군,2021-10-03,43110
영월군,2021-10-04,29138
영월군,2021-10-05,12856
영월군,2021-10-06,11932
영월군,2021-10-07,11984
영월군,2021-10-08,16835
영월군,2021-10-09,41713
영월군,2021-10-10,45602
영월군,2021-10-11,28098
영월군,2021-10-12,12828
영월군,2021-10-13,13556
영월군,2021-10-14,15603
영월군,2021-10-15,17412
영월군,2021-10-16,28648
영월군,2021-10-17,28508
영월군,2021-10-18,13930
영월군,2021-10-19,13370
영월군,2021-10-20,13979
영월군,2021-10-21,14028
영월군,2021-10-22,19278
영월군,2021-10-23,33236
영월군,2021-10-24,32372
영월군,2021-10-25,15295
영월군,2021-10-26,14616
영월군,2021-10-27,14581
영월군,2021-10-28,15060
영월군,2021-10-29,20954
영월군,2021-10-30,35738
영월군,2021-10-31,33509
영월군,2021-11-01,12912
영월군,2021-11-02,12614
영월군,2021-11-03,12509
영월군,2021-11-04,13552
영월군,2021-11-05,18795
영월군,2021-11-06,32476
영월군,2021-11-07,29407
영월군,2021-11-08,10759
영월군,2021-11-09,10528
영월군,2021-11-10,10682
영월군,2021-11-11,12652
영월군,2021-11-12,17986
영월군,2021-11-13,31150
영월군,2021-11-14,28318
영월군,2021-11-15,12159
영월군,2021-11-16,12292
영월군,2021-11-17,12404
영월군,2021-11-18,12516
영월군,2021-11-19,16958
영월군,2021-11-20,25375
영월군,2021-11-21,22134
영월군,2021-11-22,11340
영월군,2021-11-23,11137
영월군,2021-11-24,11238
영월군,2021-11-25,11641
영월군,2021-11-26,14371
영월군,2021-11-27,22176
영월군,2021-11-28,20716
영월군,2021-11-29,12484
영월군,2021-11-30,9244
영월군,2021-12-01,8554
영월군,2021-12-02,9194
영월군,2021-12-03,11382
영월군,2021-12-04,18893
영월군,2021-12-05,16320
영월군,2021-12-06,9870
영월군,2021-12-07,9562
영월군,2021-12-08,9440
영월군,2021-12-09,10332
영월군,2021-12-10,12117
영월군,2021-12-11,17724
영월군,2021-12-12,16408
영월군,2021-12-13,8788
영월군,2021-12-14,9212
영월군,2021-12-15,8960
영월군,2021-12-16,9653
영월군,2021-12-17,11326
영월군,2021-12-18,14595
영월군,2021-12-19,13142
영월군,2021-12-20,9160
영월군,2021-12-21,10350
영월군,2021-12-22,10272
영월군,2021-12-23,10234
영월군,2021-12-24,13972
영월군,2021-12-25,18522
영월군,2021-12-26,17216
영월군,2021-12-27,10458
영월군,2021-12-28,10248
영월군,2021-12-29,10846
영월군,2021-12-30,11459
영월군,2021-12-31,16846
영월군,2022-01-01,21812
영월군,2022-01-02,15824
영월군,2022-01-03,8536
영월군,2022-01-04,9121
영월군,2022-01-05,9569
영월군,2022-01-06,9670
영월군,2022-01-07,11686
영월군,2022-01-08,16734
영월군,2022-01-09,15628
영월군,2022-01-10,9740
영월군,2022-01-11,9286
영월군,2022-01-12,9418
영월군,2022-01-13,9468
영월군,2022-01-14,12187
영월군,2022-01-15,16860
영월군,2022-01-16,14595
영월군,2022-01-17,9888
영월군,2022-01-18,10384
영월군,2022-01-19,9404
영월군,2022-01-20,9121
영월군,2022-01-21,11750
영월군,2022-01-22,16793
영월군,2022-01-23,15988
영월군,2022-01-24,11256
영월군,2022-01-25,9664
영월군,2022-01-26,10969
영월군,2022-01-27,10843
영월군,2022-01-28,12754
영월군,2022-01-29,22032
영월군,2022-01-30,30188
영월군,2022-01-31,35010
영월군,2022-02-01,28504
영월군,2022-02-02,17136
영월군,2022-02-03,10570
영월군,2022-02-04,11168
영월군,2022-02-05,13360
영월군,2022-02-06,11767
영월군,2022-02-07,9002
영월군,2022-02-08,9180
영월군,2022-02-09,9264
영월군,2022-02-10,10084
영월군,2022-02-11,10868
영월군,2022-02-12,17104
영월군,2022-02-13,16012
영월군,2022-02-14,9933
영월군,2022-02-15,9790
영월군,2022-02-16,9499
영월군,2022-02-17,9506
영월군,2022-02-18,11344
영월군,2022-02-19,16233
영월군,2022-02-20,14637
영월군,2022-02-21,9776
영월군,2022-02-22,9706
영월군,2022-02-23,9919
영월군,2022-02-24,10892
영월군,2022-02-25,11634
영월군,2022-02-26,17283
영월군,2022-02-27,18431
영월군,2022-02-28,13993
영월군,2022-03-01,11256
영월군,2022-03-02,9219
영월군,2022-03-03,9348
영월군,2022-03-04,11700
영월군,2022-03-05,14136
영월군,2022-03-06,13556
영월군,2022-03-07,9594
영월군,2022-03-08,10370
영월군,2022-03-09,12180
영월군,2022-03-10,9810
영월군,2022-03-11,11606
영월군,2022-03-12,15323
영월군,2022-03-13,11319
영월군,2022-03-14,9782
영월군,2022-03-15,10997
영월군,2022-03-16,11652
영월군,2022-03-17,10794
영월군,2022-03-18,11221
영월군,2022-03-19,12954
영월군,2022-03-20,13461
영월군,2022-03-21,10927
영월군,2022-03-22,11410
영월군,2022-03-23,11396
영월군,2022-03-24,12012
영월군,2022-03-25,13223
영월군,2022-03-26,15729
영월군,2022-03-27,17882
영월군,2022-03-28,12302
영월군,2022-03-29,13188
영월군,2022-03-30,12019
영월군,2022-03-31,12131
영월군,2022-04-01,12908
영월군,2022-04-02,21438
영월군,2022-04-03,19789
영월군,2022-04-04,10748
영월군,2022-04-05,10944
영월군,2022-04-06,10703
영월군,2022-04-07,10742
영월군,2022-04-08,14567
영월군,2022-04-09,24409
영월군,2022-04-10,21630
영월군,2022-04-11,11694
영월군,2022-04-12,11872
영월군,2022-04-13,9762
영월군,2022-04-14,10647
영월군,2022-04-15,16006
영월군,2022-04-16,27202
영월군,2022-04-17,25406
영월군,2022-04-18,12551
영월군,2022-04-19,13646
영월군,2022-04-20,12866
영월군,2022-04-21,12887
영월군,2022-04-22,17304
영월군,2022-04-23,30345
영월군,2022-04-24,28070
영월군,2022-04-25,13363
영월군,2022-04-26,12292
영월군,2022-04-27,13752
영월군,2022-04-28,13990
영월군,2022-04-29,18700
영월군,2022-04-30,32932
영월군,2022-05-01,27615
영월군,2022-05-02,11728
영월군,2022-05-03,12425
영월군,2022-05-04,15732
영월군,2022-05-05,34307
영월군,2022-05-06,35808
영월군,2022-05-07,44723
영월군,2022-05-08,34139
영월군,2022-05-09,13192
영월군,2022-05-10,13237
영월군,2022-05-11,12705
영월군,2022-05-12,13156
영월군,2022-05-13,15992
영월군,2022-05-14,30782
영월군,2022-05-15,28301
영월군,2022-05-16,13615
영월군,2022-05-17,13559
영월군,2022-05-18,12789
영월군,2022-05-19,14018
영월군,2022-05-20,19358
영월군,2022-05-21,33674
영월군,2022-05-22,30387
영월군,2022-05-23,13548
영월군,2022-05-24,14466
영월군,2022-05-25,14108
영월군,2022-05-26,14438
영월군,2022-05-27,18620
영월군,2022-05-28,33698
영월군,2022-05-29,33232
영월군,2022-05-30,13654
영월군,2022-05-31,15432
영월군,2022-06-01,17248
영월군,2022-06-02,13702
영월군,2022-06-03,20444
영월군,2022-06-04,49158
영월군,2022-06-05,53308
영월군,2022-06-06,32214
영월군,2022-06-07,13111
영월군,2022-06-08,12330
영월군,2022-06-09,13587
영월군,2022-06-10,17728
영월군,2022-06-11,33047
영월군,2022-06-12,33418
영월군,2022-06-13,15172
영월군,2022-06-14,15211
영월군,2022-06-15,14259
영월군,2022-06-16,15074
영월군,2022-06-17,21494
영월군,2022-06-18,36323
영월군,2022-06-19,34626
영월군,2022-06-20,15932
영월군,2022-06-21,16520
영월군,2022-06-22,15792
영월군,2022-06-23,14966
영월군,2022-06-24,19722
영월군,2022-06-25,34534
영월군,2022-06-26,31636
영월군,2022-06-27,13948
영월군,2022-06-28,13321
영월군,2022-06-29,12824
영월군,2022-06-30,11764
영월군,2022-07-01,17948
영월군,2022-07-02,33954
영월군,2022-07-03,32655
영월군,2022-07-04,14382
영월군,2022-07-05,13776
영월군,2022-07-06,13860
영월군,2022-07-07,14018
영월군,2022-07-08,20104
영월군,2022-07-09,38507
영월군,2022-07-10,36624
영월군,2022-07-11,13251
영월군,2022-07-12,14178
영월군,2022-07-13,12862
영월군,2022-07-14,14430
영월군,2022-07-15,21217
영월군,2022-07-16,36186
영월군,2022-07-17,35434
영월군,2022-07-18,16268
영월군,2022-07-19,17766
영월군,2022-07-20,17924
영월군,2022-07-21,17196
영월군,2022-07-22,24458
영월군,2022-07-23,41391
영월군,2022-07-24,41906
영월군,2022-07-25,24034
영월군,2022-07-26,24356
영월군,2022-07-27,25613
영월군,2022-07-28,29435
영월군,2022-07-29,39816
영월군,2022-07-30,63826
영월군,2022-07-31,63441
영월군,2022-08-01,45182
영월군,2022-08-02,39543
영월군,2022-08-03,33705
영월군,2022-08-04,33922
영월군,2022-08-05,38052
영월군,2022-08-06,48930
영월군,2022-08-07,45692
영월군,2022-08-08,23362
영월군,2022-08-09,19761
영월군,2022-08-10,16614
영월군,2022-08-11,17115
영월군,2022-08-12,26708
영월군,2022-08-13,49056
영월군,2022-08-14,52255
영월군,2022-08-15,39102
영월군,2022-08-16,19698
영월군,2022-08-17,18879
영월군,2022-08-18,19632
영월군,2022-08-19,23387
영월군,2022-08-20,37684
영월군,2022-08-21,38272
영월군,2022-08-22,17633
영월군,2022-08-23,16835
영월군,2022-08-24,17752
영월군,2022-08-25,17230
영월군,2022-08-26,22880
영월군,2022-08-27,42640
영월군,2022-08-28,39820
영월군,2022-08-29,16740
영월군,2022-08-30,13710
영월군,2022-08-31,12988
영월군,2022-09-01,13699
영월군,2022-09-02,17622
영월군,2022-09-03,28875
영월군,2022-09-04,22113
영월군,2022-09-05,9135
영월군,2022-09-06,8670
영월군,2022-09-07,12240
영월군,2022-09-08,17465
영월군,2022-09-09,45216
영월군,2022-09-10,64606
영월군,2022-09-11,50256
영월군,2022-09-12,27209
영월군,2022-09-13,13671
영월군,2022-09-14,13251
영월군,2022-09-15,14052
영월군,2022-09-16,17339
영월군,2022-09-17,28032
영월군,2022-09-18,25022
영월군,2022-09-19,13968
영월군,2022-09-20,14906
영월군,2022-09-21,14850
영월군,2022-09-22,15057
영월군,2022-09-23,19646
영월군,2022-09-24,33089
영월군,2022-09-25,29886
영월군,2022-09-26,15088
영월군,2022-09-27,15589
영월군,2022-09-28,14847
영월군,2022-09-29,16138
영월군,2022-09-30,20072
영월군,2022-10-01,42980
영월군,2022-10-02,46406
영월군,2022-10-03,28966
영월군,2022-10-04,11830
영월군,2022-10-05,12712
영월군,2022-10-06,13010
영월군,2022-10-07,17185
영월군,2022-10-08,41906
영월군,2022-10-09,45682
영월군,2022-10-10,29092
영월군,2022-10-11,13422
영월군,2022-10-12,13836
영월군,2022-10-13,14150
영월군,2022-10-14,17724
영월군,2022-10-15,31808
영월군,2022-10-16,29628
영월군,2022-10-17,13832
영월군,2022-10-18,14147
영월군,2022-10-19,14368
영월군,2022-10-20,14581
영월군,2022-10-21,19894
영월군,2022-10-22,34741
영월군,2022-10-23,32126
영월군,2022-10-24,15446
영월군,2022-10-25,15344
영월군,2022-10-26,16436
영월군,2022-10-27,17860
영월군,2022-10-28,23390
영월군,2022-10-29,39526
영월군,2022-10-30,34968
영월군,2022-10-31,14444
영월군,2022-11-01,11826
영월군,2022-11-02,12386
영월군,2022-11-03,12400
영월군,2022-11-04,17773
영월군,2022-11-05,29474
영월군,2022-11-06,27506
영월군,2022-11-07,12316
영월군,2022-11-08,12488
영월군,2022-11-09,12691
영월군,2022-11-10,13181
영월군,2022-11-11,18616
영월군,2022-11-12,28784
영월군,2022-11-13,24118
영월군,2022-11-14,12495
영월군,2022-11-15,11802
영월군,2022-11-16,12061
영월군,2022-11-17,13076
영월군,2022-11-18,16874
영월군,2022-11-19,26456
영월군,2022-11-20,22855
영월군,2022-11-21,11756
영월군,2022-11-22,11014
영월군,2022-11-23,11764
영월군,2022-11-24,12593
영월군,2022-11-25,15267
영월군,2022-11-26,21966
영월군,2022-11-27,19716
영월군,2022-11-28,11214
영월군,2022-11-29,11414
영월군,2022-11-30,11557
영월군,2022-12-01,9110
영월군,2022-12-02,11960
영월군,2022-12-03,16842
영월군,2022-12-04,16219
영월군,2022-12-05,9244
영월군,2022-12-06,8292
영월군,2022-12-07,9306
영월군,2022-12-08,10482
영월군,2022-12-09,12551
영월군,2022-12-10,18196
영월군,2022-12-11,17090
영월군,2022-12-12,9670
영월군,2022-12-13,8096
영월군,2022-12-14,7500
영월군,2022-12-15,7693
영월군,2022-12-16,9842
영월군,2022-12-17,15155
영월군,2022-12-18,14245
영월군,2022-12-19,9821
영월군,2022-12-20,10094
영월군,2022-12-21,6766
영월군,2022-12-22,8606
영월군,2022-12-23,11158
영월군,2022-12-24,16422
영월군,2022-12-25,16054
영월군,2022-12-26,11487
영월군,2022-12-27,11060
영월군,2022-12-28,10650
영월군,2022-12-29,11760
영월군,2022-12-30,15337
영월군,2022-12-31,20380
원주시,2021-01-01,60592
원주시,2021-01-02,66808
원주시,2021-01-03,50858
원주시,2021-01-04,43519
원주시,2021-01-05,42634
원주시,2021-01-06,41524
원주시,2021-01-07,36480
원주시,2021-01-08,45108
원주시,2021-01-09,58170
원주시,2021-01-10,51989
원주시,2021-01-11,47047
원주시,2021-01-12,48097
원주시,2021-01-13,47075
원주시,2021-01-14,52346
원주시,2021-01-15,61450
원주시,2021-01-16,74228
원주시,2021-01-17,62454
원주시,2021-01-18,43386
원주시,2021-01-19,49721
원주시,2021-01-20,53977
원주시,2021-01-21,54534
원주시,2021-01-22,63581
원주시,2021-01-23,78638
원주시,2021-01-24,70609
원주시,2021-01-25,60151
원주시,2021-01-26,59794
원주시,2021-01-27,58950
원주시,2021-01-28,52314
원주시,2021-01-29,62118
원주시,2021-01-30,76520
원주시,2021-01-31,70931
원주시,2021-02-01,45832
원주시,2021-02-02,45066
원주시,2021-02-03,44754
원주시,2021-02-04,42119
원주시,2021-02-05,55104
원주시,2021-02-06,72583
원주시,2021-02-07,61232
원주시,2021-02-08,51404
원주시,2021-02-09,54236
원주시,2021-02-10,69636
원주시,2021-02-11,95277
원주시,2021-02-12,112966
원주시,2021-02-13,102680
원주시,2021-02-14,71169
원주시,2021-02-15,54936
원주시,2021-02-16,51632
원주시,2021-02-17,54442
원주시,2021-02-18,56602
원주시,2021-02-19,67708
원주시,2021-02-20,87556
원주시,2021-02-21,77360
원주시,2021-02-22,63340
원주시,2021-02-23,64155
원주시,2021-02-24,63108
원주시,2021-02-25,65608
원주시,2021-02-26,77430
원주시,2021-02-27,109176
원주시,2021-02-28,109414
원주시,2021-03-01,66342
원주시,2021-03-02,51558
원주시,2021-03-03,56626
원주시,2021-03-04,58268
원주시,2021-03-05,66644
원주시,2021-03-06,79782
원주시,2021-03-07,74025
원주시,2021-03-08,61050
원주시,2021-03-09,63514
원주시,2021-03-10,63266
원주시,2021-03-11,64452
원주시,2021-03-12,72016
원주시,2021-03-13,91304
원주시,2021-03-14,82870
원주시,2021-03-15,64256
원주시,2021-03-16,64866
원주시,2021-03-17,66332
원주시,2021-03-18,73598
원주시,2021-03-19,80112
원주시,2021-03-20,92099
원주시,2021-03-21,82159
원주시,2021-03-22,68128
원주시,2021-03-23,68982
원주시,2021-03-24,69125
원주시,2021-03-25,71323
원주시,2021-03-26,80255
원주시,2021-03-27,94402
원주시,2021-03-28,81784
원주시,2021-03-29,71088
원주시,2021-03-30,72670
원주시,2021-03-31,71953
원주시,2021-04-01,49231
원주시,2021-04-02,63150
원주시,2021-04-03,80003
원주시,2021-04-04,72401
원주시,2021-04-05,52406
원주시,2021-04-06,51639
원주시,2021-04-07,52314
원주시,2021-04-08,54246
원주시,2021-04-09,69178
원주시,2021-04-10,98476
원주시,2021-04-11,87101
원주시,2021-04-12,53806
원주시,2021-04-13,54075
원주시,2021-04-14,56172
원주시,2021-04-15,57750
원주시,2021-04-16,69839
원주시,2021-04-17,99278
원주시,2021-04-18,85774
원주시,2021-04-19,60221
원주시,2021-04-20,59927
원주시,2021-04-21,58562
원주시,2021-04-22,61929
원주시,2021-04-23,78253
원주시,2021-04-24,103506
원주시,2021-04-25,93418
원주시,2021-04-26,64320
원주시,2021-04-27,62436
원주시,2021-04-28,61610
원주시,2021-04-29,62678
원주시,2021-04-30,78295
원주시,2021-05-01,93548
원주시,2021-05-02,87885
원주시,2021-05-03,58432
원주시,2021-05-04,62713
원주시,2021-05-05,73220
원주시,2021-05-06,62650
원주시,2021-05-07,77654
원주시,2021-05-08,110852
원주시,2021-05-09,96600
원주시,2021-05-10,55923
원주시,2021-05-11,57197
원주시,2021-05-12,57782
원주시,2021-05-13,59314
원주시,2021-05-14,72905
원주시,2021-05-15,97724
원주시,2021-05-16,75348
원주시,2021-05-17,58614
원주시,2021-05-18,70042
원주시,2021-05-19,78922
원주시,2021-05-20,60592
원주시,2021-05-21,72124
원주시,2021-05-22,103495
원주시,2021-05-23,89691
원주시,2021-05-24,62699
원주시,2021-05-25,61397
원주시,2021-05-26,62237
원주시,2021-05-27,61019
원주시,2021-05-28,72208
원주시,2021-05-29,103912
원주시,2021-05-30,92606
원주시,2021-05-31,64460
원주시,2021-06-01,51356
원주시,2021-06-02,52906
원주시,2021-06-03,50883
원주시,2021-06-04,69909
원주시,2021-06-05,102627
원주시,2021-06-06,85673
원주시,2021-06-07,56094
원주시,2021-06-08,56140
원주시,2021-06-09,57166
원주시,2021-06-10,58632
원주시,2021-06-11,70956
원주시,2021-06-12,101297
원주시,2021-06-13,87843
원주시,2021-06-14,62419
원주시,2021-06-15,62188
원주시,2021-06-16,65646
원주시,2021-06-17,64547
원주시,2021-06-18,77472
원주시,2021-06-19,110170
원주시,2021-06-20,97174
원주시,2021-06-21,66860
원주시,2021-06-22,65656
원주시,2021-06-23,63718
원주시,2021-06-24,68565
원주시,2021-06-25,82764
원주시,2021-06-26,109081
원주시,2021-06-27,100950
원주시,2021-06-28,68803
원주시,2021-06-29,63906
원주시,2021-06-30,65947
원주시,2021-07-01,60386
원주시,2021-07-02,75719
원주시,2021-07-03,99124
원주시,2021-07-04,80896
원주시,2021-07-05,60372
원주시,2021-07-06,58933
원주시,2021-07-07,58040
원주시,2021-07-08,56662
원주시,2021-07-09,73112
원주시,2021-07-10,99068
원주시,2021-07-11,86216
원주시,2021-07-12,62538
원주시,2021-07-13,61974
원주시,2021-07-14,62178
원주시,2021-07-15,65076
원주시,2021-07-16,80402
원주시,2021-07-17,107625
원주시,2021-07-18,98018
원주시,2021-07-19,68460
원주시,2021-07-20,69444
원주시,2021-07-21,66678
원주시,2021-07-22,69856
원주시,2021-07-23,83279
원주시,2021-07-24,105763
원주시,2021-07-25,95196
원주시,2021-07-26,73686
원주시,2021-07-27,72306
원주시,2021-07-28,74865
원주시,2021-07-29,80280
원주시,2021-07-30,96904
원주시,2021-07-31,118164
원주시,2021-08-01,94899
원주시,2021-08-02,80563
원주시,2021-08-03,78376
원주시,2021-08-04,73350
원주시,2021-08-05,75254
원주시,2021-08-06,84766
원주시,2021-08-07,84147
원주시,2021-08-08,91406
원주시,2021-08-09,69174
원주시,2021-08-10,68131
원주시,2021-08-11,70900
원주시,2021-08-12,71974
원주시,2021-08-13,86208
원주시,2021-08-14,118688
원주시,2021-08-15,115434
원주시,2021-08-16,93527
원주시,2021-08-17,69846
원주시,2021-08-18,66300
원주시,2021-08-19,68516
원주시,2021-08-20,78645
원주시,2021-08-21,89292
원주시,2021-08-22,86342
원주시,2021-08-23,64956
원주시,2021-08-24,61366
원주시,2021-08-25,65166
원주시,2021-08-26,69108
원주시,2021-08-27,78670
원주시,2021-08-28,105564
원주시,2021-08-29,96915
원주시,2021-08-30,70448
원주시,2021-08-31,66185
원주시,2021-09-01,51170
원주시,2021-09-02,56752
원주시,2021-09-03,72054
원주시,2021-09-04,103226
원주시,2021-09-05,91928
원주시,2021-09-06,61236
원주시,2021-09-07,56763
원주시,2021-09-08,61509
원주시,2021-09-09,65426
원주시,2021-09-10,76114
원주시,2021-09-11,103551
원주시,2021-09-12,92407
원주시,2021-09-13,63724
원주시,2021-09-14,68002
원주시,2021-09-15,69542
원주시,2021-09-16,71155
원주시,2021-09-17,81599
원주시,2021-09-18,115899
원주시,2021-09-19,138180
원주시,2021-09-20,147906
원주시,2021-09-21,153160
원주시,2021-09-22,102473
원주시,2021-09-23,74669
원주시,2021-09-24,79961
원주시,2021-09-25,97570
원주시,2021-09-26,86950
원주시,2021-09-27,70791
원주시,2021-09-28,69468
원주시,2021-09-29,65086
원주시,2021-09-30,71964
원주시,2021-10-01,70024
원주시,2021-10-02,108381
원주시,2021-10-03,104990
원주시,2021-10-04,80479
원주시,2021-10-05,60662
원주시,2021-10-06,58394
원주시,2021-10-07,60890
원주시,2021-10-08,77004
원주시,2021-10-09,121590
원주시,2021-10-10,112973
원주시,2021-10-11,89866
원주시,2021-10-12,64838
원주시,2021-10-13,65618
원주시,2021-10-14,67529
원주시,2021-10-15,79324
원주시,2021-10-16,103257
원주시,2021-10-17,93079
원주시,2021-10-18,67960
원주시,2021-10-19,67484
원주시,2021-10-20,67809
원주시,2021-10-21,68960
원주시,2021-10-22,86233
원주시,2021-10-23,115804
원주시,2021-10-24,106183
원주시,2021-10-25,76006
원주시,2021-10-26,73304
원주시,2021-10-27,72436
원주시,2021-10-28,74746
원주시,2021-10-29,93838
원주시,2021-10-30,123046
원주시,2021-10-31,113180
원주시,2021-11-01,58222
원주시,2021-11-02,58758
원주시,2021-11-03,58502
원주시,2021-11-04,64449
원주시,2021-11-05,77966
원주시,2021-11-06,113813
원주시,2021-11-07,100692
원주시,2021-11-08,57253
원주시,2021-11-09,56514
원주시,2021-11-10,58846
원주시,2021-11-11,62374
원주시,2021-11-12,80164
원주시,2021-11-13,113026
원주시,2021-11-14,98914
원주시,2021-11-15,63693
원주시,2021-11-16,65082
원주시,2021-11-17,65642
원주시,2021-11-18,66154
원주시,2021-11-19,80048
원주시,2021-11-20,108538
원주시,2021-11-21,94990
원주시,2021-11-22,65156
원주시,2021-11-23,61866
원주시,2021-11-24,61530
원주시,2021-11-25,65912
원주시,2021-11-26,82800
원주시,2021-11-27,106715
원주시,2021-11-28,93205
원주시,2021-11-29,66322
원주시,2021-11-30,60004
원주시,2021-12-01,57284
원주시,2021-12-02,59416
원주시,2021-12-03,72810
원주시,2021-12-04,97993
원주시,2021-12-05,87241
원주시,2021-12-06,60652
원주시,2021-12-07,64582
원주시,2021-12-08,63889
원주시,2021-12-09,63872
원주시,2021-12-10,75299
원주시,2021-12-11,102442
원주시,2021-12-12,88753
원주시,2021-12-13,64652
원주시,2021-12-14,64148
원주시,2021-12-15,63245
원주시,2021-12-16,66563
원주시,2021-12-17,81305
원주시,2021-12-18,98886
원주시,2021-12-19,85659
원주시,2021-12-20,68747
원주시,2021-12-21,69223
원주시,2021-12-22,72233
원주시,2021-12-23,72618
원주시,2021-12-24,86485
원주시,2021-12-25,100471
원주시,2021-12-26,91990
원주시,2021-12-27,73815
원주시,2021-12-28,73766
원주시,2021-12-29,73070
원주시,2021-12-30,78239
원주시,2021-12-31,103516
원주시,2022-01-01,91259
원주시,2022-01-02,76713
원주시,2022-01-03,49578
원주시,2022-01-04,50687
원주시,2022-01-05,52094
원주시,2022-01-06,54086
원주시,2022-01-07,65205
원주시,2022-01-08,89656
원주시,2022-01-09,76867
원주시,2022-01-10,58286
원주시,2022-01-11,59038
원주시,2022-01-12,56602
원주시,2022-01-13,58779
원주시,2022-01-14,69993
원주시,2022-01-15,96432
원주시,2022-01-16,80616
원주시,2022-01-17,60697
원주시,2022-01-18,59854
원주시,2022-01-19,57376
원주시,2022-01-20,59472
원주시,2022-01-21,71684
원주시,2022-01-22,96929
원주시,2022-01-23,94784
원주시,2022-01-24,66066
원주시,2022-01-25,63144
원주시,2022-01-26,67025
원주시,2022-01-27,66860
원주시,2022-01-28,76752
원주시,2022-01-29,101524
원주시,2022-01-30,118472
원주시,2022-01-31,130760
원주시,2022-02-01,111576
원주시,2022-02-02,77382
원주시,2022-02-03,55094
원주시,2022-02-04,61492
원주시,2022-02-05,74795
원주시,2022-02-06,60644
원주시,2022-02-07,51838
원주시,2022-02-08,56910
원주시,2022-02-09,56900
원주시,2022-02-10,55846
원주시,2022-02-11,65590
원주시,2022-02-12,94682
원주시,2022-02-13,80748
원주시,2022-02-14,60501
원주시,2022-02-15,55556
원주시,2022-02-16,60704
원주시,2022-02-17,57925
원주시,2022-02-18,69010
원주시,2022-02-19,95840
원주시,2022-02-20,78606
원주시,2022-02-21,64400
원주시,2022-02-22,62601
원주시,2022-02-23,63056
원주시,2022-02-24,66518
원주시,2022-02-25,69240
원주시,2022-02-26,93510
원주시,2022-02-27,99732
원주시,2022-02-28,80773
원주시,2022-03-01,81550
원주시,2022-03-02,74508
원주시,2022-03-03,74616
원주시,2022-03-04,76804
원주시,2022-03-05,91998
원주시,2022-03-06,82344
원주시,2022-03-07,76398
원주시,2022-03-08,79670
원주시,2022-03-09,81382
원주시,2022-03-10,77976
원주시,2022-03-11,84424
원주시,2022-03-12,96586
원주시,2022-03-13,81977
원주시,2022-03-14,77066
원주시,2022-03-15,78981
원주시,2022-03-16,81246
원주시,2022-03-17,94416
원주시,2022-03-18,99320
원주시,2022-03-19,104332
원주시,2022-03-20,107093
원주시,2022-03-21,93548
원주시,2022-03-22,95882
원주시,2022-03-23,96208
원주시,2022-03-24,97209
원주시,2022-03-25,101829
원주시,2022-03-26,113176
원주시,2022-03-27,112242
원주시,2022-03-28,95910
원주시,2022-03-29,94591
원주시,2022-03-30,92792
원주시,2022-03-31,94801
원주시,2022-04-01,71666
원주시,2022-04-02,99673
원주시,2022-04-03,87738
원주시,2022-04-04,60214
원주시,2022-04-05,62433
원주시,2022-04-06,61050
원주시,2022-04-07,63714
원주시,2022-04-08,78320
원주시,2022-04-09,107765
원주시,2022-04-10,96348
원주시,2022-04-11,67644
원주시,2022-04-12,66868
원주시,2022-04-13,61604
원주시,2022-04-14,66966
원주시,2022-04-15,87958
원주시,2022-04-16,119504
원주시,2022-04-17,109403
원주시,2022-04-18,78071
원주시,2022-04-19,75775
원주시,2022-04-20,75642
원주시,2022-04-21,77382
원주시,2022-04-22,92043
원주시,2022-04-23,125531
원주시,2022-04-24,113774
원주시,2022-04-25,78967
원주시,2022-04-26,77861
원주시,2022-04-27,78718
원주시,2022-04-28,81210
원주시,2022-04-29,97044
원주시,2022-04-30,134572
원주시,2022-05-01,104828
원주시,2022-05-02,63938
원주시,2022-05-03,66300
원주시,2022-05-04,80612
원주시,2022-05-05,114212
원주시,2022-05-06,116386
원주시,2022-05-07,147868
원주시,2022-05-08,124100
원주시,2022-05-09,73857
원주시,2022-05-10,70525
원주시,2022-05-11,69195
원주시,2022-05-12,73238
원주시,2022-05-13,85544
원주시,2022-05-14,123333
원주시,2022-05-15,111734
원주시,2022-05-16,73402
원주시,2022-05-17,74676
원주시,2022-05-18,73776
원주시,2022-05-19,76965
원주시,2022-05-20,92400
원주시,2022-05-21,126494
원주시,2022-05-22,115188
원주시,2022-05-23,75663
원주시,2022-05-24,76706
원주시,2022-05-25,74974
원주시,2022-05-26,78162
원주시,2022-05-27,93933
원주시,2022-05-28,129206
원주시,2022-05-29,113824
원주시,2022-05-30,76335
원주시,2022-05-31,83436
원주시,2022-06-01,72030
원주시,2022-06-02,62321
원주시,2022-06-03,79888
원주시,2022-06-04,136766
원주시,2022-06-05,137053
원주시,2022-06-06,101896
원주시,2022-06-07,65216
원주시,2022-06-08,62744
원주시,2022-06-09,62892
원주시,2022-06-10,77766
원주시,2022-06-11,111912
원주시,2022-06-12,98315
원주시,2022-06-13,66843
원주시,2022-06-14,64680
원주시,2022-06-15,65202
원주시,2022-06-16,66952
원주시,2022-06-17,84528
원주시,2022-06-18,119952
원주시,2022-06-19,105396
원주시,2022-06-20,67260
원주시,2022-06-21,68646
원주시,2022-06-22,68596
원주시,2022-06-23,66448
원주시,2022-06-24,82390
원주시,2022-06-25,118951
원주시,2022-06-26,102784
원주시,2022-06-27,66073
원주시,2022-06-28,65030
원주시,2022-06-29,61957
원주시,2022-06-30,60305
원주시,2022-07-01,75898
원주시,2022-07-02,109949
원주시,2022-07-03,98273
원주시,2022-07-04,62937
원주시,2022-07-05,63168
원주시,2022-07-06,63088
원주시,2022-07-07,63322
원주시,2022-07-08,82383
원주시,2022-07-09,120869
원주시,2022-07-10,110554
원주시,2022-07-11,67242
원주시,2022-07-12,69346
원주시,2022-07-13,65278
원주시,2022-07-14,68534
원주시,2022-07-15,87318
원주시,2022-07-16,117110
원주시,2022-07-17,107292
원주시,2022-07-18,78925
원주시,2022-07-19,79118
원주시,2022-07-20,80636
원주시,2022-07-21,80538
원주시,2022-07-22,96621
원주시,2022-07-23,124708
원주시,2022-07-24,117054
원주시,2022-07-25,91798
원주시,2022-07-26,92956
원주시,2022-07-27,94364
원주시,2022-07-28,98014
원주시,2022-07-29,115402
원주시,2022-07-30,151092
원주시,2022-07-31,143549
원주시,2022-08-01,107541
원주시,2022-08-02,103586
원주시,2022-08-03,94098
원주시,2022-08-04,93174
원주시,2022-08-05,103568
원주시,2022-08-06,123182
원주시,2022-08-07,108906
원주시,2022-08-08,76198
원주시,2022-08-09,72065
원주시,2022-08-10,71466
원주시,2022-08-11,71148
원주시,2022-08-12,96436
원주시,2022-08-13,133098
원주시,2022-08-14,125902
원주시,2022-08-15,106060
원주시,2022-08-16,79716
원주시,2022-08-17,82376
원주시,2022-08-18,81340
원주시,2022-08-19,87784
원주시,2022-08-20,116092
원주시,2022-08-21,104654
원주시,2022-08-22,74403
원주시,2022-08-23,73860
원주시,2022-08-24,74011
원주시,2022-08-25,75940
원주시,2022-08-26,92953
원주시,2022-08-27,128068
원주시,2022-08-28,121118
원주시,2022-08-29,83083
원주시,2022-08-30,77049
원주시,2022-08-31,81680
원주시,2022-09-01,73112
원주시,2022-09-02,85116
원주시,2022-09-03,107824
원주시,2022-09-04,86552
원주시,2022-09-05,62528
원주시,2022-09-06,61792
원주시,2022-09-07,75565
원주시,2022-09-08,106942
원주시,2022-09-09,167178
원주시,2022-09-10,191398
원주시,2022-09-11,156978
원주시,2022-09-12,109890
원주시,2022-09-13,80776
원주시,2022-09-14,77682
원주시,2022-09-15,81585
원주시,2022-09-16,90468
원주시,2022-09-17,110456
원주시,2022-09-18,99572
원주시,2022-09-19,80556
원주시,2022-09-20,84410
원주시,2022-09-21,83790
원주시,2022-09-22,86807
원주시,2022-09-23,98172
원주시,2022-09-24,126906
원주시,2022-09-25,113004
원주시,2022-09-26,86723
원주시,2022-09-27,87199
원주시,2022-09-28,86387
원주시,2022-09-29,86646
원주시,2022-09-30,97878
원주시,2022-10-01,134362
원주시,2022-10-02,132524
원주시,2022-10-03,96614
원주시,2022-10-04,62937
원주시,2022-10-05,65408
원주시,2022-10-06,68201
원주시,2022-10-07,90118
원주시,2022-10-08,140014
원주시,2022-10-09,128944
원주시,2022-10-10,100860
원주시,2022-10-11,71974
원주시,2022-10-12,74501
원주시,2022-10-13,76650
원주시,2022-10-14,92354
원주시,2022-10-15,126518
원주시,2022-10-16,112564
원주시,2022-10-17,72244
원주시,2022-10-18,75898
원주시,2022-10-19,79597
원주시,2022-10-20,81932
원주시,2022-10-21,98007
원주시,2022-10-22,141004
원주시,2022-10-23,129332
원주시,2022-10-24,81722
원주시,2022-10-25,82306
원주시,2022-10-26,84154
원주시,2022-10-27,86639
원주시,2022-10-28,104398
원주시,2022-10-29,141799
원주시,2022-10-30,127134
원주시,2022-10-31,80594
원주시,2022-11-01,65160
원주시,2022-11-02,66160
원주시,2022-11-03,68876
원주시,2022-11-04,83489
원주시,2022-11-05,124918
원주시,2022-11-06,107023
원주시,2022-11-07,69006
원주시,2022-11-08,68842
원주시,2022-11-09,67764
원주시,2022-11-10,72219
원주시,2022-11-11,88070
원주시,2022-11-12,129066
원주시,2022-11-13,111916
원주시,2022-11-14,75610
원주시,2022-11-15,74868
원주시,2022-11-16,73798
원주시,2022-11-17,79292
원주시,2022-11-18,95326
원주시,2022-11-19,126609
원주시,2022-11-20,110607
원주시,2022-11-21,77574
원주시,2022-11-22,77672
원주시,2022-11-23,76769
원주시,2022-11-24,79205
원주시,2022-11-25,96240
원주시,2022-11-26,121457
원주시,2022-11-27,106572
원주시,2022-11-28,74896
원주시,2022-11-29,73958
원주시,2022-11-30,72390
원주시,2022-12-01,52314
원주시,2022-12-02,68624
원주시,2022-12-03,93468
원주시,2022-12-04,81414
원주시,2022-12-05,55832
원주시,2022-12-06,52224
원주시,2022-12-07,54453
원주시,2022-12-08,57463
원주시,2022-12-09,71222
원주시,2022-12-10,100149
원주시,2022-12-11,88802
원주시,2022-12-12,61002
원주시,2022-12-13,56914
원주시,2022-12-14,54117
원주시,2022-12-15,54033
원주시,2022-12-16,70644
원주시,2022-12-17,100614
원주시,2022-12-18,85288
원주시,2022-12-19,61954
원주시,2022-12-20,63234
원주시,2022-12-21,49273
원주시,2022-12-22,60792
원주시,2022-12-23,74263
원주시,2022-12-24,101048
원주시,2022-12-25,94322
원주시,2022-12-26,71225
원주시,2022-12-27,70318
원주시,2022-12-28,69240
원주시,2022-12-29,71925
원주시,2022-12-30,92463
원주시,2022-12-31,113575
인제군,2021-01-01,26047
인제군,2021-01-02,22897
인제군,2021-01-03,14882
인제군,2021-01-04,9114
인제군,2021-01-05,8540
인제군,2021-01-06,8295
인제군,2021-01-07,7056
인제군,2021-01-08,8232
인제군,2021-01-09,11501
인제군,2021-01-10,12558
인제군,2021-01-11,8946
인제군,2021-01-12,10070
인제군,2021-01-13,10353
인제군,2021-01-14,12572
인제군,2021-01-15,13062
인제군,2021-01-16,19806
인제군,2021-01-17,18064
인제군,2021-01-18,9180
인제군,2021-01-19,10164
인제군,2021-01-20,12026
인제군,2021-01-21,12019
인제군,2021-01-22,13640
인제군,2021-01-23,20374
인제군,2021-01-24,22278
인제군,2021-01-25,13517
인제군,2021-01-26,13125
인제군,2021-01-27,13818
인제군,2021-01-28,10472
인제군,2021-01-29,12988
인제군,2021-01-30,19936
인제군,2021-01-31,21756
인제군,2021-02-01,10318
인제군,2021-02-02,9198
인제군,2021-02-03,9804
인제군,2021-02-04,8278
인제군,2021-02-05,11546
인제군,2021-02-06,19240
인제군,2021-02-07,19302
인제군,2021-02-08,11358
인제군,2021-02-09,10958
인제군,2021-02-10,13660
인제군,2021-02-11,27202
인제군,2021-02-12,38468
인제군,2021-02-13,41608
인제군,2021-02-14,22428
인제군,2021-02-15,12932
인제군,2021-02-16,10584
인제군,2021-02-17,10664
인제군,2021-02-18,12100
인제군,2021-02-19,15480
인제군,2021-02-20,24787
인제군,2021-02-21,26344
인제군,2021-02-22,15932
인제군,2021-02-23,15022
인제군,2021-02-24,15284
인제군,2021-02-25,15634
인제군,2021-02-26,19400
인제군,2021-02-27,34307
인제군,2021-02-28,46396
인제군,2021-03-01,23762
인제군,2021-03-02,9618
인제군,2021-03-03,10160
인제군,2021-03-04,10913
인제군,2021-03-05,13020
인제군,2021-03-06,15631
인제군,2021-03-07,17920
인제군,2021-03-08,13724
인제군,2021-03-09,13433
인제군,2021-03-10,13842
인제군,2021-03-11,14224
인제군,2021-03-12,15676
인제군,2021-03-13,22446
인제군,2021-03-14,22522
인제군,2021-03-15,14018
인제군,2021-03-16,14346
인제군,2021-03-17,14808
인제군,2021-03-18,14816
인제군,2021-03-19,16996
인제군,2021-03-20,21598
인제군,2021-03-21,21490
인제군,2021-03-22,15505
인제군,2021-03-23,15040
인제군,2021-03-24,16037
인제군,2021-03-25,16989
인제군,2021-03-26,19579
인제군,2021-03-27,23790
인제군,2021-03-28,21556
인제군,2021-03-29,16930
인제군,2021-03-30,16958
인제군,2021-03-31,17664
인제군,2021-04-01,13538
인제군,2021-04-02,15645
인제군,2021-04-03,21158
인제군,2021-04-04,19526
인제군,2021-04-05,14378
인제군,2021-04-06,14140
인제군,2021-04-07,14528
인제군,2021-04-08,14721
인제군,2021-04-09,17997
인제군,2021-04-10,30062
인제군,2021-04-11,31766
인제군,2021-04-12,14248
인제군,2021-04-13,12761
인제군,2021-04-14,14658
인제군,2021-04-15,16432
인제군,2021-04-16,22592
인제군,2021-04-17,28791
인제군,2021-04-18,29477
인제군,2021-04-19,18354
인제군,2021-04-20,16706
인제군,2021-04-21,17658
인제군,2021-04-22,18462
인제군,2021-04-23,22505
인제군,2021-04-24,34132
인제군,2021-04-25,35872
인제군,2021-04-26,17976
인제군,2021-04-27,18718
인제군,2021-04-28,17706
인제군,2021-04-29,17692
인제군,2021-04-30,19621
인제군,2021-05-01,29120
인제군,2021-05-02,31944
인제군,2021-05-03,18022
인제군,2021-05-04,17070
인제군,2021-05-05,26222
인제군,2021-05-06,19674
인제군,2021-05-07,23236
인제군,2021-05-08,32123
인제군,2021-05-09,31402
인제군,2021-05-10,20678
인제군,2021-05-11,19694
인제군,2021-05-12,21080
인제군,2021-05-13,22421
인제군,2021-05-14,26016
인제군,2021-05-15,36456
인제군,2021-05-16,27500
인제군,2021-05-17,15704
인제군,2021-05-18,23933
인제군,2021-05-19,35679
인제군,2021-05-20,22848
인제군,2021-05-21,25277
인제군,2021-05-22,41741
인제군,2021-05-23,41069
인제군,2021-05-24,18414
인제군,2021-05-25,17048
인제군,2021-05-26,20188
인제군,2021-05-27,17398
인제군,2021-05-28,20128
인제군,2021-05-29,39028
인제군,2021-05-30,38154
인제군,2021-05-31,19506
인제군,2021-06-01,12677
인제군,2021-06-02,14497
인제군,2021-06-03,13391
인제군,2021-06-04,19593
인제군,2021-06-05,38549
인제군,2021-06-06,39176
인제군,2021-06-07,16426
인제군,2021-06-08,15288
인제군,2021-06-09,16947
인제군,2021-06-10,16454
인제군,2021-06-11,19162
인제군,2021-06-12,39067
인제군,2021-06-13,39347
인제군,2021-06-14,19614
인제군,2021-06-15,16202
인제군,2021-06-16,16373
인제군,2021-06-17,18938
인제군,2021-06-18,22312
인제군,2021-06-19,44236
인제군,2021-06-20,44566
인제군,2021-06-21,21385
인제군,2021-06-22,18991
인제군,2021-06-23,21164
인제군,2021-06-24,22862
인제군,2021-06-25,27685
인제군,2021-06-26,42189
인제군,2021-06-27,48926
인제군,2021-06-28,23135
인제군,2021-06-29,19166
인제군,2021-06-30,19884
인제군,2021-07-01,21648
인제군,2021-07-02,25070
인제군,2021-07-03,37510
인제군,2021-07-04,32536
인제군,2021-07-05,19467
인제군,2021-07-06,20230
인제군,2021-07-07,19582
인제군,2021-07-08,17696
인제군,2021-07-09,22631
인제군,2021-07-10,40047
인제군,2021-07-11,40586
인제군,2021-07-12,21959
인제군,2021-07-13,21700
인제군,2021-07-14,24650
인제군,2021-07-15,24745
인제군,2021-07-16,30058
인제군,2021-07-17,46610
인제군,2021-07-18,49760
인제군,2021-07-19,24003
인제군,2021-07-20,23499
인제군,2021-07-21,25400
인제군,2021-07-22,25330
인제군,2021-07-23,31955
인제군,2021-07-24,47064
인제군,2021-07-25,47418
인제군,2021-07-26,28805
인제군,2021-07-27,27496
인제군,2021-07-28,30016
인제군,2021-07-29,33918
인제군,2021-07-30,42938
인제군,2021-07-31,63276
인제군,2021-08-01,61876
인제군,2021-08-02,47698
인제군,2021-08-03,43942
인제군,2021-08-04,38864
인제군,2021-08-05,35486
인제군,2021-08-06,40691
인제군,2021-08-07,42994
인제군,2021-08-08,51006
인제군,2021-08-09,26464
인제군,2021-08-10,27870
인제군,2021-08-11,29085
인제군,2021-08-12,31213
인제군,2021-08-13,36320
인제군,2021-08-14,54019
인제군,2021-08-15,65104
인제군,2021-08-16,47306
인제군,2021-08-17,25578
인제군,2021-08-18,22561
인제군,2021-08-19,23048
인제군,2021-08-20,26590
인제군,2021-08-21,32375
인제군,2021-08-22,36932
인제군,2021-08-23,21626
인제군,2021-08-24,17409
인제군,2021-08-25,19792
인제군,2021-08-26,21948
인제군,2021-08-27,24056
인제군,2021-08-28,40411
인제군,2021-08-29,41846
인제군,2021-08-30,20318
인제군,2021-08-31,17174
인제군,2021-09-01,11848
인제군,2021-09-02,15743
인제군,2021-09-03,21844
인제군,2021-09-04,38094
인제군,2021-09-05,36568
인제군,2021-09-06,16590
인제군,2021-09-07,12516
인제군,2021-09-08,16180
인제군,2021-09-09,19582
인제군,2021-09-10,21906
인제군,2021-09-11,36334
인제군,2021-09-12,34654
인제군,2021-09-13,19033
인제군,2021-09-14,18347
인제군,2021-09-15,17280
인제군,2021-09-16,16800
인제군,2021-09-17,18508
인제군,2021-09-18,38202
인제군,2021-09-19,55342
인제군,2021-09-20,57750
인제군,2021-09-21,51219
인제군,2021-09-22,32582
인제군,2021-09-23,21441
인제군,2021-09-24,21539
인제군,2021-09-25,30566
인제군,2021-09-26,29950
인제군,2021-09-27,16790
인제군,2021-09-28,17300
인제군,2021-09-29,14014
인제군,2021-09-30,18560
인제군,2021-10-01,19708
인제군,2021-10-02,44821
인제군,2021-10-03,54194
인제군,2021-10-04,30660
인제군,2021-10-05,13909
인제군,2021-10-06,12688
인제군,2021-10-07,15246
인제군,2021-10-08,21119
인제군,2021-10-09,55139
인제군,2021-10-10,70994
인제군,2021-10-11,40862
인제군,2021-10-12,22718
인제군,2021-10-13,24962
인제군,2021-10-14,25179
인제군,2021-10-15,25312
인제군,2021-10-16,45650
인제군,2021-10-17,47040
인제군,2021-10-18,22978
인제군,2021-10-19,20531
인제군,2021-10-20,24822
인제군,2021-10-21,26134
인제군,2021-10-22,29869
인제군,2021-10-23,54268
인제군,2021-10-24,52325
인제군,2021-10-25,25462
인제군,2021-10-26,23034
인제군,2021-10-27,23838
인제군,2021-10-28,24622
인제군,2021-10-29,28648
인제군,2021-10-30,49798
인제군,2021-10-31,45434
인제군,2021-11-01,18354
인제군,2021-11-02,16944
인제군,2021-11-03,17122
인제군,2021-11-04,17882
인제군,2021-11-05,22820
인제군,2021-11-06,38490
인제군,2021-11-07,34422
인제군,2021-11-08,13769
인제군,2021-11-09,12170
인제군,2021-11-10,13965
인제군,2021-11-11,15242
인제군,2021-11-12,20062
인제군,2021-11-13,31986
인제군,2021-11-14,30380
인제군,2021-11-15,15698
인제군,2021-11-16,15712
인제군,2021-11-17,15722
인제군,2021-11-18,16618
인제군,2021-11-19,19926
인제군,2021-11-20,29862
인제군,2021-11-21,29138
인제군,2021-11-22,14245
인제군,2021-11-23,14329
인제군,2021-11-24,14696
인제군,2021-11-25,15782
인제군,2021-11-26,19204
인제군,2021-11-27,29589
인제군,2021-11-28,28721
인제군,2021-11-29,15589
인제군,2021-11-30,12110
인제군,2021-12-01,11228
인제군,2021-12-02,11998
인제군,2021-12-03,15858
인제군,2021-12-04,26922
인제군,2021-12-05,26464
인제군,2021-12-06,15270
인제군,2021-12-07,13374
인제군,2021-12-08,14329
인제군,2021-12-09,14536
인제군,2021-12-10,17087
인제군,2021-12-11,25494
인제군,2021-12-12,28458
인제군,2021-12-13,14931
인제군,2021-12-14,13545
인제군,2021-12-15,12506
인제군,2021-12-16,13822
인제군,2021-12-17,16776
인제군,2021-12-18,20944
인제군,2021-12-19,19674
인제군,2021-12-20,13898
인제군,2021-12-21,13506
인제군,2021-12-22,14763
인제군,2021-12-23,15068
인제군,2021-12-24,16604
인제군,2021-12-25,25042
인제군,2021-12-26,24622
인제군,2021-12-27,15158
인제군,2021-12-28,15250
인제군,2021-12-29,16146
인제군,2021-12-30,18274
인제군,2021-12-31,26324
인제군,2022-01-01,47432
인제군,2022-01-02,26859
인제군,2022-01-03,12372
인제군,2022-01-04,12092
인제군,2022-01-05,12579
인제군,2022-01-06,12845
인제군,2022-01-07,15610
인제군,2022-01-08,24829
인제군,2022-01-09,24528
인제군,2022-01-10,13783
인제군,2022-01-11,13206
인제군,2022-01-12,14007
인제군,2022-01-13,14542
인제군,2022-01-14,17258
인제군,2022-01-15,27580
인제군,2022-01-16,27559
인제군,2022-01-17,15508
인제군,2022-01-18,15015
인제군,2022-01-19,13926
인제군,2022-01-20,13678
인제군,2022-01-21,17952
인제군,2022-01-22,28336
인제군,2022-01-23,32862
인제군,2022-01-24,14378
인제군,2022-01-25,12824
인제군,2022-01-26,14262
인제군,2022-01-27,14402
인제군,2022-01-28,17255
인제군,2022-01-29,29344
인제군,2022-01-30,39568
인제군,2022-01-31,40870
인제군,2022-02-01,30499
인제군,2022-02-02,20307
인제군,2022-02-03,14063
인제군,2022-02-04,14966
인제군,2022-02-05,20027
인제군,2022-02-06,18092
인제군,2022-02-07,11606
인제군,2022-02-08,12828
인제군,2022-02-09,13825
인제군,2022-02-10,15186
인제군,2022-02-11,17566
인제군,2022-02-12,25004
인제군,2022-02-13,24178
인제군,2022-02-14,12358
인제군,2022-02-15,11476
인제군,2022-02-16,12537
인제군,2022-02-17,13293
인제군,2022-02-18,16132
인제군,2022-02-19,25270
인제군,2022-02-20,25319
인제군,2022-02-21,15204
인제군,2022-02-22,16079
인제군,2022-02-23,16160
인제군,2022-02-24,15617
인제군,2022-02-25,15932
인제군,2022-02-26,23681
인제군,2022-02-27,27114
인제군,2022-02-28,19880
인제군,2022-03-01,16950
인제군,2022-03-02,11088
인제군,2022-03-03,12887
인제군,2022-03-04,12800
인제군,2022-03-05,17720
인제군,2022-03-06,16226
인제군,2022-03-07,11291
인제군,2022-03-08,11532
인제군,2022-03-09,12828
인제군,2022-03-10,11487
인제군,2022-03-11,13226
인제군,2022-03-12,17885
인제군,2022-03-13,15932
인제군,2022-03-14,11294
인제군,2022-03-15,12072
인제군,2022-03-16,12316
인제군,2022-03-17,11655
인제군,2022-03-18,12604
인제군,2022-03-19,16506
인제군,2022-03-20,18522
인제군,2022-03-21,13472
인제군,2022-03-22,13850
인제군,2022-03-23,13545
인제군,2022-03-24,13860
인제군,2022-03-25,16261
인제군,2022-03-26,19208
인제군,2022-03-27,21668
인제군,2022-03-28,16278
인제군,2022-03-29,15407
인제군,2022-03-30,14858
인제군,2022-03-31,14444
인제군,2022-04-01,16030
인제군,2022-04-02,24815
인제군,2022-04-03,25476
인제군,2022-04-04,13360
인제군,2022-04-05,13734
인제군,2022-04-06,13394
인제군,2022-04-07,13174
인제군,2022-04-08,17588
인제군,2022-04-09,26926
인제군,2022-04-10,28049
인제군,2022-04-11,16320
인제군,2022-04-12,15508
인제군,2022-04-13,13142
인제군,2022-04-14,15270
인제군,2022-04-15,19946
인제군,2022-04-16,30348
인제군,2022-04-17,31664
인제군,2022-04-18,17724
인제군,2022-04-19,16992
인제군,2022-04-20,16734
인제군,2022-04-21,17692
인제군,2022-04-22,21693
인제군,2022-04-23,34972
인제군,2022-04-24,36894
인제군,2022-04-25,19492
인제군,2022-04-26,18378
인제군,2022-04-27,18389
인제군,2022-04-28,18410
인제군,2022-04-29,20902
인제군,2022-04-30,34559
인제군,2022-05-01,31378
인제군,2022-05-02,14612
인제군,2022-05-03,14620
인제군,2022-05-04,19481
인제군,2022-05-05,39672
인제군,2022-05-06,36351
인제군,2022-05-07,45678
인제군,2022-05-08,35472
인제군,2022-05-09,20286
인제군,2022-05-10,18350
인제군,2022-05-11,19712
인제군,2022-05-12,20248
인제군,2022-05-13,23716
인제군,2022-05-14,37835
인제군,2022-05-15,36950
인제군,2022-05-16,20436
인제군,2022-05-17,20307
인제군,2022-05-18,21679
인제군,2022-05-19,23586
인제군,2022-05-20,29012
인제군,2022-05-21,44692
인제군,2022-05-22,40285
인제군,2022-05-23,18235
인제군,2022-05-24,19072
인제군,2022-05-25,20640
인제군,2022-05-26,20626
인제군,2022-05-27,24664
인제군,2022-05-28,42976
인제군,2022-05-29,39112
인제군,2022-05-30,19240
인제군,2022-05-31,20780
인제군,2022-06-01,24132
인제군,2022-06-02,19428
인제군,2022-06-03,26708
인제군,2022-06-04,67452
인제군,2022-06-05,64656
인제군,2022-06-06,37212
인제군,2022-06-07,15008
인제군,2022-06-08,18196
인제군,2022-06-09,17098
인제군,2022-06-10,23492
인제군,2022-06-11,44709
인제군,2022-06-12,41013
인제군,2022-06-13,19842
인제군,2022-06-14,17682
인제군,2022-06-15,16846
인제군,2022-06-16,19016
인제군,2022-06-17,25732
인제군,2022-06-18,47058
인제군,2022-06-19,49910
인제군,2022-06-20,21676
인제군,2022-06-21,20839
인제군,2022-06-22,22068
인제군,2022-06-23,17910
인제군,2022-06-24,23334
인제군,2022-06-25,44716
인제군,2022-06-26,42959
인제군,2022-06-27,18652
인제군,2022-06-28,16110
인제군,2022-06-29,14931
인제군,2022-06-30,12362
인제군,2022-07-01,17762
인제군,2022-07-02,40974
인제군,2022-07-03,42346
인제군,2022-07-04,20111
인제군,2022-07-05,19008
인제군,2022-07-06,18252
인제군,2022-07-07,17938
인제군,2022-07-08,22722
인제군,2022-07-09,44681
인제군,2022-07-10,47992
인제군,2022-07-11,18977
인제군,2022-07-12,19922
인제군,2022-07-13,17630
인제군,2022-07-14,19936
인제군,2022-07-15,26971
인제군,2022-07-16,43586
인제군,2022-07-17,44835
인제군,2022-07-18,25116
인제군,2022-07-19,24325
인제군,2022-07-20,26264
인제군,2022-07-21,22897
인제군,2022-07-22,29396
인제군,2022-07-23,49900
인제군,2022-07-24,48682
인제군,2022-07-25,29452
인제군,2022-07-26,28924
인제군,2022-07-27,32277
인제군,2022-07-28,35518
인제군,2022-07-29,43088
인제군,2022-07-30,72482
인제군,2022-07-31,73636
인제군,2022-08-01,50631
인제군,2022-08-02,46060
인제군,2022-08-03,40870
인제군,2022-08-04,38762
인제군,2022-08-05,45370
인제군,2022-08-06,56938
인제군,2022-08-07,54386
인제군,2022-08-08,26362
인제군,2022-08-09,21532
인제군,2022-08-10,21770
인제군,2022-08-11,24941
인제군,2022-08-12,36166
인제군,2022-08-13,66406
인제군,2022-08-14,70984
인제군,2022-08-15,50582
인제군,2022-08-16,27738
인제군,2022-08-17,26702
인제군,2022-08-18,26694
인제군,2022-08-19,29463
인제군,2022-08-20,45906
인제군,2022-08-21,55209
인제군,2022-08-22,31504
인제군,2022-08-23,25816
인제군,2022-08-24,24045
인제군,2022-08-25,22869
인제군,2022-08-26,27990
인제군,2022-08-27,48825
인제군,2022-08-28,49164
인제군,2022-08-29,23986
인제군,2022-08-30,19884
인제군,2022-08-31,18599
인제군,2022-09-01,17759
인제군,2022-09-02,22334
인제군,2022-09-03,32151
인제군,2022-09-04,24714
인제군,2022-09-05,10458
인제군,2022-09-06,9947
인제군,2022-09-07,14819
인제군,2022-09-08,20496
인제군,2022-09-09,47684
인제군,2022-09-10,61268
인제군,2022-09-11,58450
인제군,2022-09-12,35238
인제군,2022-09-13,18162
인제군,2022-09-14,18218
인제군,2022-09-15,19232
인제군,2022-09-16,22942
인제군,2022-09-17,36603
인제군,2022-09-18,35819
인제군,2022-09-19,17927
인제군,2022-09-20,19806
인제군,2022-09-21,22404
인제군,2022-09-22,24070
인제군,2022-09-23,26369
인제군,2022-09-24,46854
인제군,2022-09-25,40082
인제군,2022-09-26,21290
인제군,2022-09-27,21766
인제군,2022-09-28,22200
인제군,2022-09-29,21984
인제군,2022-09-30,26852
인제군,2022-10-01,58628
인제군,2022-10-02,67966
인제군,2022-10-03,41142
인제군,2022-10-04,13867
인제군,2022-10-05,16457
인제군,2022-10-06,18368
인제군,2022-10-07,22670
인제군,2022-10-08,67358
인제군,2022-10-09,72163
인제군,2022-10-10,44296
인제군,2022-10-11,26506
인제군,2022-10-12,27528
인제군,2022-10-13,30436
인제군,2022-10-14,31580
인제군,2022-10-15,64040
인제군,2022-10-16,60732
인제군,2022-10-17,29162
인제군,2022-10-18,31444
인제군,2022-10-19,34202
인제군,2022-10-20,35833
인제군,2022-10-21,38815
인제군,2022-10-22,66882
인제군,2022-10-23,59286
인제군,2022-10-24,27538
인제군,2022-10-25,30436
인제군,2022-10-26,28364
인제군,2022-10-27,28094
인제군,2022-10-28,30569
인제군,2022-10-29,50158
인제군,2022-10-30,46358
인제군,2022-10-31,24224
인제군,2022-11-01,18204
인제군,2022-11-02,18882
인제군,2022-11-03,17420
인제군,2022-11-04,21623
인제군,2022-11-05,37359
인제군,2022-11-06,33982
인제군,2022-11-07,16464
인제군,2022-11-08,16726
인제군,2022-11-09,15760
인제군,2022-11-10,16734
인제군,2022-11-11,21189
인제군,2022-11-12,31241
인제군,2022-11-13,28364
인제군,2022-11-14,15162
인제군,2022-11-15,15152
인제군,2022-11-16,16726
인제군,2022-11-17,17038
인제군,2022-11-18,19677
인제군,2022-11-19,28220
인제군,2022-11-20,28644
인제군,2022-11-21,16370
인제군,2022-11-22,15414
인제군,2022-11-23,14388
인제군,2022-11-24,15284
인제군,2022-11-25,17756
인제군,2022-11-26,26173
인제군,2022-11-27,27069
인제군,2022-11-28,16040
인제군,2022-11-29,15092
인제군,2022-11-30,13202
인제군,2022-12-01,10773
인제군,2022-12-02,14102
인제군,2022-12-03,20668
인제군,2022-12-04,20552
인제군,2022-12-05,12422
인제군,2022-12-06,11932
인제군,2022-12-07,13643
인제군,2022-12-08,13090
인제군,2022-12-09,15886
인제군,2022-12-10,24626
인제군,2022-12-11,23499
인제군,2022-12-12,14382
인제군,2022-12-13,13013
인제군,2022-12-14,12803
인제군,2022-12-15,12222
인제군,2022-12-16,15785
인제군,2022-12-17,24272
인제군,2022-12-18,22995
인제군,2022-12-19,13954
인제군,2022-12-20,14392
인제군,2022-12-21,11840
인제군,2022-12-22,13548
인제군,2022-12-23,15561
인제군,2022-12-24,22470
인제군,2022-12-25,23930
인제군,2022-12-26,15586
인제군,2022-12-27,15032
인제군,2022-12-28,16240
인제군,2022-12-29,17328
인제군,2022-12-30,22704
인제군,2022-12-31,32294
정선군,2021-01-01,12943
정선군,2021-01-02,12628
정선군,2021-01-03,8242
정선군,2021-01-04,6318
정선군,2021-01-05,7119
정선군,2021-01-06,7256
정선군,2021-01-07,6279
정선군,2021-01-08,6912
정선군,2021-01-09,9300
정선군,2021-01-10,9580
정선군,2021-01-11,7942
정선군,2021-01-12,8568
정선군,2021-01-13,8470
정선군,2021-01-14,9376
정선군,2021-01-15,10220
정선군,2021-01-16,13618
정선군,2021-01-17,13584
정선군,2021-01-18,7266
정선군,2021-01-19,8337
정선군,2021-01-20,8984
정선군,2021-01-21,9376
정선군,2021-01-22,11137
정선군,2021-01-23,14854
정선군,2021-01-24,14833
정선군,2021-01-25,9972
정선군,2021-01-26,9552
정선군,2021-01-27,11176
정선군,2021-01-28,9166
정선군,2021-01-29,10759
정선군,2021-01-30,14836
정선군,2021-01-31,15253
정선군,2021-02-01,7819
정선군,2021-02-02,8614
정선군,2021-02-03,8218
정선군,2021-02-04,7161
정선군,2021-02-05,9328
정선군,2021-02-06,13730
정선군,2021-02-07,14802
정선군,2021-02-08,9289
정선군,2021-02-09,9264
정선군,2021-02-10,13094
정선군,2021-02-11,25263
정선군,2021-02-12,33656
정선군,2021-02-13,28326
정선군,2021-02-14,16852
정선군,2021-02-15,12610
정선군,2021-02-16,13286
정선군,2021-02-17,13604
정선군,2021-02-18,14196
정선군,2021-02-19,16356
정선군,2021-02-20,21896
정선군,2021-02-21,20111
정선군,2021-02-22,15186
정선군,2021-02-23,14640
정선군,2021-02-24,14518
정선군,2021-02-25,14504
정선군,2021-02-26,17336
정선군,2021-02-27,27464
정선군,2021-02-28,29400
정선군,2021-03-01,14200
정선군,2021-03-02,7906
정선군,2021-03-03,9387
정선군,2021-03-04,9744
정선군,2021-03-05,11298
정선군,2021-03-06,13559
정선군,2021-03-07,15610
정선군,2021-03-08,10941
정선군,2021-03-09,11802
정선군,2021-03-10,11588
정선군,2021-03-11,11994
정선군,2021-03-12,12320
정선군,2021-03-13,17276
정선군,2021-03-14,16674
정선군,2021-03-15,11792
정선군,2021-03-16,11865
정선군,2021-03-17,13104
정선군,2021-03-18,12792
정선군,2021-03-19,13636
정선군,2021-03-20,16051
정선군,2021-03-21,16586
정선군,2021-03-22,12740
정선군,2021-03-23,13433
정선군,2021-03-24,13517
정선군,2021-03-25,13608
정선군,2021-03-26,15096
정선군,2021-03-27,19138
정선군,2021-03-28,15939
정선군,2021-03-29,12898
정선군,2021-03-30,13562
정선군,2021-03-31,14084
정선군,2021-04-01,9814
정선군,2021-04-02,12036
정선군,2021-04-03,14308
정선군,2021-04-04,13881
정선군,2021-04-05,9958
정선군,2021-04-06,10598
정선군,2021-04-07,11396
정선군,2021-04-08,10860
정선군,2021-04-09,12862
정선군,2021-04-10,20352
정선군,2021-04-11,19530
정선군,2021-04-12,10902
정선군,2021-04-13,9716
정선군,2021-04-14,10836
정선군,2021-04-15,11620
정선군,2021-04-16,12876
정선군,2021-04-17,22680
정선군,2021-04-18,18998
정선군,2021-04-19,12194
정선군,2021-04-20,12271
정선군,2021-04-21,12324
정선군,2021-04-22,14021
정선군,2021-04-23,15012
정선군,2021-04-24,23698
정선군,2021-04-25,22169
정선군,2021-04-26,13156
정선군,2021-04-27,15110
정선군,2021-04-28,13013
정선군,2021-04-29,13258
정선군,2021-04-30,15662
정선군,2021-05-01,23314
정선군,2021-05-02,28546
정선군,2021-05-03,14938
정선군,2021-05-04,14654
정선군,2021-05-05,19201
정선군,2021-05-06,16474
정선군,2021-05-07,20650
정선군,2021-05-08,29617
정선군,2021-05-09,25652
정선군,2021-05-10,11697
정선군,2021-05-11,13321
정선군,2021-05-12,15046
정선군,2021-05-13,13822
정선군,2021-05-14,15662
정선군,2021-05-15,21256
정선군,2021-05-16,17570
정선군,2021-05-17,12646
정선군,2021-05-18,15250
정선군,2021-05-19,21844
정선군,2021-05-20,13814
정선군,2021-05-21,15652
정선군,2021-05-22,29936
정선군,2021-05-23,24332
정선군,2021-05-24,13394
정선군,2021-05-25,12554
정선군,2021-05-26,13884
정선군,2021-05-27,13646
정선군,2021-05-28,14270
정선군,2021-05-29,24622
정선군,2021-05-30,24164
정선군,2021-05-31,13328
정선군,2021-06-01,12005
정선군,2021-06-02,13010
정선군,2021-06-03,11302
정선군,2021-06-04,15288
정선군,2021-06-05,26274
정선군,2021-06-06,24528
정선군,2021-06-07,14280
정선군,2021-06-08,12988
정선군,2021-06-09,12954
정선군,2021-06-10,13832
정선군,2021-06-11,15502
정선군,2021-06-12,32190
정선군,2021-06-13,27440
정선군,2021-06-14,15172
정선군,2021-06-15,15004
정선군,2021-06-16,15348
정선군,2021-06-17,17542
정선군,2021-06-18,18722
정선군,2021-06-19,36897
정선군,2021-06-20,34472
정선군,2021-06-21,18176
정선군,2021-06-22,19100
정선군,2021-06-23,17696
정선군,2021-06-24,19600
정선군,2021-06-25,23947
정선군,2021-06-26,34304
정선군,2021-06-27,38434
정선군,2021-06-28,20566
정선군,2021-06-29,17745
정선군,2021-06-30,17689
정선군,2021-07-01,16058
정선군,2021-07-02,21872
정선군,2021-07-03,28514
정선군,2021-07-04,23513
정선군,2021-07-05,16408
정선군,2021-07-06,16800
정선군,2021-07-07,15869
정선군,2021-07-08,15918
정선군,2021-07-09,19502
정선군,2021-07-10,28550
정선군,2021-07-11,27090
정선군,2021-07-12,17619
정선군,2021-07-13,17514
정선군,2021-07-14,16919
정선군,2021-07-15,17367
정선군,2021-07-16,22106
정선군,2021-07-17,33870
정선군,2021-07-18,31640
정선군,2021-07-19,20548
정선군,2021-07-20,21182
정선군,2021-07-21,21980
정선군,2021-07-22,24367
정선군,2021-07-23,27926
정선군,2021-07-24,36498
정선군,2021-07-25,34542
정선군,2021-07-26,25224
정선군,2021-07-27,25648
정선군,2021-07-28,26548
정선군,2021-07-29,29606
정선군,2021-07-30,35777
정선군,2021-07-31,49588
정선군,2021-08-01,45577
정선군,2021-08-02,38927
정선군,2021-08-03,34436
정선군,2021-08-04,29904
정선군,2021-08-05,29624
정선군,2021-08-06,33380
정선군,2021-08-07,33908
정선군,2021-08-08,36152
정선군,2021-08-09,24164
정선군,2021-08-10,25196
정선군,2021-08-11,24476
정선군,2021-08-12,25896
정선군,2021-08-13,30177
정선군,2021-08-14,41892
정선군,2021-08-15,45353
정선군,2021-08-16,30894
정선군,2021-08-17,18620
정선군,2021-08-18,18770
정선군,2021-08-19,19313
정선군,2021-08-20,21494
정선군,2021-08-21,22582
정선군,2021-08-22,26173
정선군,2021-08-23,16054
정선군,2021-08-24,14161
정선군,2021-08-25,14875
정선군,2021-08-26,17168
정선군,2021-08-27,18742
정선군,2021-08-28,28287
정선군,2021-08-29,26064
정선군,2021-08-30,17804
정선군,2021-08-31,15547
정선군,2021-09-01,11834
정선군,2021-09-02,14980
정선군,2021-09-03,19061
정선군,2021-09-04,30580
정선군,2021-09-05,27856
정선군,2021-09-06,15712
정선군,2021-09-07,13475
정선군,2021-09-08,14952
정선군,2021-09-09,16807
정선군,2021-09-10,18830
정선군,2021-09-11,29830
정선군,2021-09-12,27724
정선군,2021-09-13,16068
정선군,2021-09-14,16342
정선군,2021-09-15,16170
정선군,2021-09-16,15463
정선군,2021-09-17,16030
정선군,2021-09-18,31770
정선군,2021-09-19,48566
정선군,2021-09-20,54943
정선군,2021-09-21,48664
정선군,2021-09-22,30583
정선군,2021-09-23,18848
정선군,2021-09-24,20321
정선군,2021-09-25,24392
정선군,2021-09-26,22900
정선군,2021-09-27,16964
정선군,2021-09-28,16286
정선군,2021-09-29,13916
정선군,2021-09-30,16356
정선군,2021-10-01,16499
정선군,2021-10-02,35116
정선군,2021-10-03,37345
정선군,2021-10-04,23506
정선군,2021-10-05,12544
정선군,2021-10-06,11704
정선군,2021-10-07,13794
정선군,2021-10-08,16930
정선군,2021-10-09,38860
정선군,2021-10-10,44096
정선군,2021-10-11,26436
정선군,2021-10-12,15642
정선군,2021-10-13,15648
정선군,2021-10-14,16639
정선군,2021-10-15,18490
정선군,2021-10-16,29953
정선군,2021-10-17,34482
정선군,2021-10-18,16258
정선군,2021-10-19,15788
정선군,2021-10-20,17154
정선군,2021-10-21,17990
정선군,2021-10-22,23776
정선군,2021-10-23,37198
정선군,2021-10-24,34671
정선군,2021-10-25,18414
정선군,2021-10-26,18627
정선군,2021-10-27,20542
정선군,2021-10-28,18396
정선군,2021-10-29,22516
정선군,2021-10-30,38402
정선군,2021-10-31,36222
정선군,2021-11-01,15200
정선군,2021-11-02,17538
정선군,2021-11-03,15904
정선군,2021-11-04,16090
정선군,2021-11-05,20408
정선군,2021-11-06,35581
정선군,2021-11-07,34335
정선군,2021-11-08,12999
정선군,2021-11-09,12386
정선군,2021-11-10,12992
정선군,2021-11-11,14318
정선군,2021-11-12,19232
정선군,2021-11-13,29320
정선군,2021-11-14,26432
정선군,2021-11-15,14514
정선군,2021-11-16,14192
정선군,2021-11-17,15928
정선군,2021-11-18,15586
정선군,2021-11-19,18778
정선군,2021-11-20,26680
정선군,2021-11-21,22848
정선군,2021-11-22,13976
정선군,2021-11-23,12848
정선군,2021-11-24,12915
정선군,2021-11-25,13584
정선군,2021-11-26,16079
정선군,2021-11-27,26159
정선군,2021-11-28,22880
정선군,2021-11-29,14332
정선군,2021-11-30,11890
정선군,2021-12-01,9926
정선군,2021-12-02,11753
정선군,2021-12-03,15365
정선군,2021-12-04,24178
정선군,2021-12-05,23628
정선군,2021-12-06,13436
정선군,2021-12-07,13178
정선군,2021-12-08,12600
정선군,2021-12-09,13212
정선군,2021-12-10,17756
정선군,2021-12-11,26548
정선군,2021-12-12,26208
정선군,2021-12-13,14014
정선군,2021-12-14,13612
정선군,2021-12-15,13276
정선군,2021-12-16,14578
정선군,2021-12-17,20188
정선군,2021-12-18,25862
정선군,2021-12-19,23502
정선군,2021-12-20,15568
정선군,2021-12-21,15729
정선군,2021-12-22,16678
정선군,2021-12-23,16650
정선군,2021-12-24,20552
정선군,2021-12-25,27892
정선군,2021-12-26,26156
정선군,2021-12-27,18074
정선군,2021-12-28,17885
정선군,2021-12-29,17868
정선군,2021-12-30,20426
정선군,2021-12-31,28175
정선군,2022-01-01,35812
정선군,2022-01-02,27748
정선군,2022-01-03,13720
정선군,2022-01-04,13685
정선군,2022-01-05,14315
정선군,2022-01-06,15284
정선군,2022-01-07,18932
정선군,2022-01-08,26436
정선군,2022-01-09,27713
정선군,2022-01-10,17874
정선군,2022-01-11,18396
정선군,2022-01-12,17762
정선군,2022-01-13,17000
정선군,2022-01-14,20640
정선군,2022-01-15,30034
정선군,2022-01-16,30250
정선군,2022-01-17,19768
정선군,2022-01-18,18284
정선군,2022-01-19,16982
정선군,2022-01-20,16846
정선군,2022-01-21,20786
정선군,2022-01-22,32098
정선군,2022-01-23,29410
정선군,2022-01-24,19880
정선군,2022-01-25,18896
정선군,2022-01-26,19526
정선군,2022-01-27,17776
정선군,2022-01-28,19772
정선군,2022-01-29,33026
정선군,2022-01-30,45384
정선군,2022-01-31,48216
정선군,2022-02-01,37314
정선군,2022-02-02,26898
정선군,2022-02-03,18280
정선군,2022-02-04,18599
정선군,2022-02-05,22778
정선군,2022-02-06,21746
정선군,2022-02-07,15071
정선군,2022-02-08,15194
정선군,2022-02-09,14220
정선군,2022-02-10,14298
정선군,2022-02-11,17724
정선군,2022-02-12,27976
정선군,2022-02-13,26691
정선군,2022-02-14,16608
정선군,2022-02-15,15281
정선군,2022-02-16,14388
정선군,2022-02-17,15043
정선군,2022-02-18,17976
정선군,2022-02-19,26380
정선군,2022-02-20,26404
정선군,2022-02-21,16450
정선군,2022-02-22,16250
정선군,2022-02-23,14917
정선군,2022-02-24,14952
정선군,2022-02-25,17241
정선군,2022-02-26,25330
정선군,2022-02-27,29106
정선군,2022-02-28,19394
정선군,2022-03-01,15274
정선군,2022-03-02,11274
정선군,2022-03-03,11109
정선군,2022-03-04,12442
정선군,2022-03-05,16968
정선군,2022-03-06,15438
정선군,2022-03-07,11400
정선군,2022-03-08,11574
정선군,2022-03-09,13038
정선군,2022-03-10,10815
정선군,2022-03-11,12484
정선군,2022-03-12,16877
정선군,2022-03-13,12558
정선군,2022-03-14,10395
정선군,2022-03-15,11613
정선군,2022-03-16,11546
정선군,2022-03-17,11319
정선군,2022-03-18,11672
정선군,2022-03-19,13724
정선군,2022-03-20,15260
정선군,2022-03-21,11316
정선군,2022-03-22,12516
정선군,2022-03-23,11336
정선군,2022-03-24,11795
정선군,2022-03-25,13254
정선군,2022-03-26,15750
정선군,2022-03-27,18336
정선군,2022-03-28,12932
정선군,2022-03-29,12971
정선군,2022-03-30,12691
정선군,2022-03-31,12330
정선군,2022-04-01,13374
정선군,2022-04-02,21228
정선군,2022-04-03,18336
정선군,2022-04-04,12302
정선군,2022-04-05,13058
정선군,2022-04-06,13293
정선군,2022-04-07,13874
정선군,2022-04-08,15463
정선군,2022-04-09,21396
정선군,2022-04-10,21234
정선군,2022-04-11,13517
정선군,2022-04-12,14931
정선군,2022-04-13,12516
정선군,2022-04-14,12792
정선군,2022-04-15,16530
정선군,2022-04-16,24220
정선군,2022-04-17,25876
정선군,2022-04-18,14945
정선군,2022-04-19,15866
정선군,2022-04-20,16044
정선군,2022-04-21,16600
정선군,2022-04-22,20251
정선군,2022-04-23,28144
정선군,2022-04-24,26624
정선군,2022-04-25,17437
정선군,2022-04-26,16082
정선군,2022-04-27,19120
정선군,2022-04-28,18319
정선군,2022-04-29,20542
정선군,2022-04-30,32109
정선군,2022-05-01,26450
정선군,2022-05-02,16485
정선군,2022-05-03,14808
정선군,2022-05-04,18137
정선군,2022-05-05,34657
정선군,2022-05-06,35350
정선군,2022-05-07,44968
정선군,2022-05-08,33954
정선군,2022-05-09,15568
정선군,2022-05-10,16516
정선군,2022-05-11,15925
정선군,2022-05-12,19047
정선군,2022-05-13,19551
정선군,2022-05-14,33702
정선군,2022-05-15,32081
정선군,2022-05-16,17118
정선군,2022-05-17,18242
정선군,2022-05-18,15953
정선군,2022-05-19,16208
정선군,2022-05-20,22316
정선군,2022-05-21,36358
정선군,2022-05-22,37230
정선군,2022-05-23,18246
정선군,2022-05-24,18028
정선군,2022-05-25,17896
정선군,2022-05-26,18056
정선군,2022-05-27,21980
정선군,2022-05-28,33642
정선군,2022-05-29,31164
정선군,2022-05-30,18372
정선군,2022-05-31,20727
정선군,2022-06-01,22242
정선군,2022-06-02,19842
정선군,2022-06-03,24087
정선군,2022-06-04,48576
정선군,2022-06-05,56466
정선군,2022-06-06,33792
정선군,2022-06-07,18004
정선군,2022-06-08,16132
정선군,2022-06-09,16884
정선군,2022-06-10,20934
정선군,2022-06-11,35234
정선군,2022-06-12,38801
정선군,2022-06-13,18876
정선군,2022-06-14,17524
정선군,2022-06-15,17014
정선군,2022-06-16,18582
정선군,2022-06-17,26428
정선군,2022-06-18,40257
정선군,2022-06-19,36120
정선군,2022-06-20,21560
정선군,2022-06-21,24696
정선군,2022-06-22,25252
정선군,2022-06-23,23418
정선군,2022-06-24,25708
정선군,2022-06-25,43575
정선군,2022-06-26,38258
정선군,2022-06-27,21973
정선군,2022-06-28,19302
정선군,2022-06-29,17426
정선군,2022-06-30,17566
정선군,2022-07-01,22998
정선군,2022-07-02,38878
정선군,2022-07-03,33152
정선군,2022-07-04,19842
정선군,2022-07-05,19649
정선군,2022-07-06,19842
정선군,2022-07-07,21374
정선군,2022-07-08,24584
정선군,2022-07-09,39196
정선군,2022-07-10,37478
정선군,2022-07-11,20458
정선군,2022-07-12,22662
정선군,2022-07-13,19509
정선군,2022-07-14,20867
정선군,2022-07-15,25890
정선군,2022-07-16,38955
정선군,2022-07-17,40110
정선군,2022-07-18,26271
정선군,2022-07-19,26414
정선군,2022-07-20,26544
정선군,2022-07-21,25834
정선군,2022-07-22,32872
정선군,2022-07-23,44474
정선군,2022-07-24,42182
정선군,2022-07-25,32718
정선군,2022-07-26,34002
정선군,2022-07-27,36407
정선군,2022-07-28,39697
정선군,2022-07-29,45636
정선군,2022-07-30,68540
정선군,2022-07-31,67662
정선군,2022-08-01,52920
정선군,2022-08-02,50404
정선군,2022-08-03,40572
정선군,2022-08-04,41744
정선군,2022-08-05,45906
정선군,2022-08-06,54250
정선군,2022-08-07,51698
정선군,2022-08-08,31633
정선군,2022-08-09,27783
정선군,2022-08-10,25928
정선군,2022-08-11,27534
정선군,2022-08-12,40008
정선군,2022-08-13,59650
정선군,2022-08-14,60970
정선군,2022-08-15,46550
정선군,2022-08-16,29578
정선군,2022-08-17,28934
정선군,2022-08-18,26856
정선군,2022-08-19,29099
정선군,2022-08-20,40442
정선군,2022-08-21,41038
정선군,2022-08-22,26786
정선군,2022-08-23,24706
정선군,2022-08-24,23772
정선군,2022-08-25,23618
정선군,2022-08-26,27580
정선군,2022-08-27,46564
정선군,2022-08-28,40425
정선군,2022-08-29,22652
정선군,2022-08-30,19782
정선군,2022-08-31,18368
정선군,2022-09-01,18344
정선군,2022-09-02,22978
정선군,2022-09-03,30586
정선군,2022-09-04,23023
정선군,2022-09-05,13013
정선군,2022-09-06,12380
정선군,2022-09-07,16744
정선군,2022-09-08,21056
정선군,2022-09-09,49791
정선군,2022-09-10,72776
정선군,2022-09-11,59808
정선군,2022-09-12,37320
정선군,2022-09-13,19642
정선군,2022-09-14,18179
정선군,2022-09-15,21298
정선군,2022-09-16,24059
정선군,2022-09-17,38392
정선군,2022-09-18,34370
정선군,2022-09-19,16600
정선군,2022-09-20,18557
정선군,2022-09-21,19240
정선군,2022-09-22,21329
정선군,2022-09-23,23044
정선군,2022-09-24,35098
정선군,2022-09-25,32910
정선군,2022-09-26,18904
정선군,2022-09-27,20937
정선군,2022-09-28,19400
정선군,2022-09-29,21802
정선군,2022-09-30,24899
정선군,2022-10-01,47148
정선군,2022-10-02,57026
정선군,2022-10-03,32974
정선군,2022-10-04,15414
정선군,2022-10-05,16366
정선군,2022-10-06,16765
정선군,2022-10-07,22715
정선군,2022-10-08,48170
정선군,2022-10-09,50911
정선군,2022-10-10,32907
정선군,2022-10-11,17972
정선군,2022-10-12,19460
정선군,2022-10-13,18988
정선군,2022-10-14,23030
정선군,2022-10-15,39596
정선군,2022-10-16,38087
정선군,2022-10-17,22572
정선군,2022-10-18,21382
정선군,2022-10-19,20888
정선군,2022-10-20,22558
정선군,2022-10-21,27416
정선군,2022-10-22,46554
정선군,2022-10-23,38854
정선군,2022-10-24,21049
정선군,2022-10-25,20216
정선군,2022-10-26,21214
정선군,2022-10-27,23835
정선군,2022-10-28,26428
정선군,2022-10-29,42514
정선군,2022-10-30,38486
정선군,2022-10-31,20216
정선군,2022-11-01,16964
정선군,2022-11-02,19761
정선군,2022-11-03,17563
정선군,2022-11-04,22886
정선군,2022-11-05,35466
정선군,2022-11-06,33394
정선군,2022-11-07,18739
정선군,2022-11-08,16009
정선군,2022-11-09,15211
정선군,2022-11-10,16692
정선군,2022-11-11,21892
정선군,2022-11-12,33649
정선군,2022-11-13,26758
정선군,2022-11-14,15225
정선군,2022-11-15,15631
정선군,2022-11-16,16002
정선군,2022-11-17,19481
정선군,2022-11-18,21556
정선군,2022-11-19,31283
정선군,2022-11-20,28458
정선군,2022-11-21,17112
정선군,2022-11-22,16930
정선군,2022-11-23,15914
정선군,2022-11-24,15554
정선군,2022-11-25,20254
정선군,2022-11-26,28570
정선군,2022-11-27,28200
정선군,2022-11-28,15673
정선군,2022-11-29,15026
정선군,2022-11-30,15484
정선군,2022-12-01,13566
정선군,2022-12-02,17398
정선군,2022-12-03,22844
정선군,2022-12-04,21578
정선군,2022-12-05,13934
정선군,2022-12-06,12747
정선군,2022-12-07,14102
정선군,2022-12-08,15544
정선군,2022-12-09,21172
정선군,2022-12-10,31556
정선군,2022-12-11,29302
정선군,2022-12-12,20142
정선군,2022-12-13,18116
정선군,2022-12-14,17616
정선군,2022-12-15,18106
정선군,2022-12-16,23516
정선군,2022-12-17,33068
정선군,2022-12-18,31066
정선군,2022-12-19,21469
정선군,2022-12-20,21984
정선군,2022-12-21,19418
정선군,2022-12-22,21430
정선군,2022-12-23,24899
정선군,2022-12-24,34342
정선군,2022-12-25,34458
정선군,2022-12-26,25018
정선군,2022-12-27,24594
정선군,2022-12-28,24490
정선군,2022-12-29,26033
정선군,2022-12-30,33768
정선군,2022-12-31,44520
철원군,2021-01-01,16706
철원군,2021-01-02,16356
철원군,2021-01-03,12719
철원군,2021-01-04,8816
철원군,2021-01-05,8494
철원군,2021-01-06,8550
철원군,2021-01-07,7735
철원군,2021-01-08,8474
철원군,2021-01-09,11788
철원군,2021-01-10,12456
철원군,2021-01-11,9236
철원군,2021-01-12,10304
철원군,2021-01-13,9482
철원군,2021-01-14,10668
철원군,2021-01-15,10493
철원군,2021-01-16,15834
철원군,2021-01-17,15092
철원군,2021-01-18,8390
철원군,2021-01-19,10101
철원군,2021-01-20,10986
철원군,2021-01-21,11064
철원군,2021-01-22,12019
철원군,2021-01-23,17353
철원군,2021-01-24,18014
철원군,2021-01-25,12285
철원군,2021-01-26,11672
철원군,2021-01-27,11417
철원군,2021-01-28,9513
철원군,2021-01-29,11554
철원군,2021-01-30,16362
철원군,2021-01-31,16849
철원군,2021-02-01,7710
철원군,2021-02-02,7774
철원군,2021-02-03,7952
철원군,2021-02-04,6587
철원군,2021-02-05,8729
철원군,2021-02-06,12677
철원군,2021-02-07,12282
철원군,2021-02-08,8358
철원군,2021-02-09,9268
철원군,2021-02-10,11336
철원군,2021-02-11,23898
철원군,2021-02-12,35038
철원군,2021-02-13,27640
철원군,2021-02-14,15435
철원군,2021-02-15,9842
철원군,2021-02-16,9226
철원군,2021-02-17,9681
철원군,2021-02-18,10300
철원군,2021-02-19,11260
철원군,2021-02-20,16656
철원군,2021-02-21,16370
철원군,2021-02-22,10892
철원군,2021-02-23,12187
철원군,2021-02-24,12488
철원군,2021-02-25,12670
철원군,2021-02-26,13626
철원군,2021-02-27,22180
철원군,2021-02-28,27198
철원군,2021-03-01,9520
철원군,2021-03-02,7728
철원군,2021-03-03,9258
철원군,2021-03-04,10174
철원군,2021-03-05,11344
철원군,2021-03-06,16790
철원군,2021-03-07,17762
철원군,2021-03-08,11764
철원군,2021-03-09,12103
철원군,2021-03-10,12568
철원군,2021-03-11,12708
철원군,2021-03-12,13181
철원군,2021-03-13,21024
철원군,2021-03-14,19646
철원군,2021-03-15,14042
철원군,2021-03-16,14312
철원군,2021-03-17,14234
철원군,2021-03-18,14878
철원군,2021-03-19,15232
철원군,2021-03-20,17952
철원군,2021-03-21,19170
철원군,2021-03-22,13650
철원군,2021-03-23,14452
철원군,2021-03-24,14553
철원군,2021-03-25,15477
철원군,2021-03-26,15942
철원군,2021-03-27,20426
철원군,2021-03-28,17924
철원군,2021-03-29,15242
철원군,2021-03-30,16334
철원군,2021-03-31,16180
철원군,2021-04-01,12194
철원군,2021-04-02,13108
철원군,2021-04-03,16233
철원군,2021-04-04,19212
철원군,2021-04-05,13388
철원군,2021-04-06,13296
철원군,2021-04-07,12862
철원군,2021-04-08,13167
철원군,2021-04-09,14486
철원군,2021-04-10,25592
철원군,2021-04-11,24714
철원군,2021-04-12,11658
철원군,2021-04-13,11966
철원군,2021-04-14,13755
철원군,2021-04-15,14130
철원군,2021-04-16,14088
철원군,2021-04-17,21847
철원군,2021-04-18,24454
철원군,2021-04-19,15582
철원군,2021-04-20,14749
철원군,2021-04-21,14903
철원군,2021-04-22,15505
철원군,2021-04-23,17178
철원군,2021-04-24,26226
철원군,2021-04-25,27125
철원군,2021-04-26,16566
철원군,2021-04-27,15631
철원군,2021-04-28,15376
철원군,2021-04-29,16002
철원군,2021-04-30,16090
철원군,2021-05-01,19663
철원군,2021-05-02,23597
철원군,2021-05-03,12394
철원군,2021-05-04,10784
철원군,2021-05-05,20853
철원군,2021-05-06,13104
철원군,2021-05-07,13881
철원군,2021-05-08,26100
철원군,2021-05-09,25886
철원군,2021-05-10,12254
철원군,2021-05-11,13192
철원군,2021-05-12,13388
철원군,2021-05-13,13548
철원군,2021-05-14,15561
철원군,2021-05-15,20674
철원군,2021-05-16,15442
철원군,2021-05-17,12474
철원군,2021-05-18,16044
철원군,2021-05-19,23734
철원군,2021-05-20,15414
철원군,2021-05-21,15806
철원군,2021-05-22,25722
철원군,2021-05-23,25554
철원군,2021-05-24,15659
철원군,2021-05-25,14469
철원군,2021-05-26,15526
철원군,2021-05-27,14220
철원군,2021-05-28,14136
철원군,2021-05-29,23006
철원군,2021-05-30,24402
철원군,2021-05-31,14084
철원군,2021-06-01,9286
철원군,2021-06-02,9614
철원군,2021-06-03,8764
철원군,2021-06-04,12215
철원군,2021-06-05,21192
철원군,2021-06-06,21882
철원군,2021-06-07,10980
철원군,2021-06-08,11788
철원군,2021-06-09,11708
철원군,2021-06-10,11949
철원군,2021-06-11,11658
철원군,2021-06-12,21175
철원군,2021-06-13,20752
철원군,2021-06-14,12418
철원군,2021-06-15,11638
철원군,2021-06-16,12565
철원군,2021-06-17,12985
철원군,2021-06-18,12859
철원군,2021-06-19,23552
철원군,2021-06-20,23230
철원군,2021-06-21,14161
철원군,2021-06-22,13601
철원군,2021-06-23,13668
철원군,2021-06-24,14504
철원군,2021-06-25,16306
철원군,2021-06-26,23499
철원군,2021-06-27,24542
철원군,2021-06-28,15099
철원군,2021-06-29,13878
철원군,2021-06-30,14084
철원군,2021-07-01,11151
철원군,2021-07-02,13142
철원군,2021-07-03,21196
철원군,2021-07-04,15992
철원군,2021-07-05,11392
철원군,2021-07-06,12208
철원군,2021-07-07,11890
철원군,2021-07-08,11980
철원군,2021-07-09,13296
철원군,2021-07-10,23776
철원군,2021-07-11,21350
철원군,2021-07-12,12026
철원군,2021-07-13,12652
철원군,2021-07-14,12834
철원군,2021-07-15,13328
철원군,2021-07-16,14780
철원군,2021-07-17,24612
철원군,2021-07-18,25172
철원군,2021-07-19,13430
철원군,2021-07-20,13912
철원군,2021-07-21,14094
철원군,2021-07-22,14217
철원군,2021-07-23,16992
철원군,2021-07-24,26442
철원군,2021-07-25,26316
철원군,2021-07-26,16114
철원군,2021-07-27,14388
철원군,2021-07-28,15988
철원군,2021-07-29,16320
철원군,2021-07-30,19106
철원군,2021-07-31,29382
철원군,2021-08-01,24062
철원군,2021-08-02,15698
철원군,2021-08-03,16170
철원군,2021-08-04,14094
철원군,2021-08-05,14273
철원군,2021-08-06,15946
철원군,2021-08-07,20626
철원군,2021-08-08,22866
철원군,2021-08-09,13114
철원군,2021-08-10,13531
철원군,2021-08-11,13842
철원군,2021-08-12,13881
철원군,2021-08-13,15456
철원군,2021-08-14,28010
철원군,2021-08-15,31787
철원군,2021-08-16,20356
철원군,2021-08-17,13170
철원군,2021-08-18,12394
철원군,2021-08-19,13356
철원군,2021-08-20,13776
철원군,2021-08-21,16709
철원군,2021-08-22,19380
철원군,2021-08-23,11638
철원군,2021-08-24,10560
철원군,2021-08-25,12310
철원군,2021-08-26,13713
철원군,2021-08-27,14140
철원군,2021-08-28,22404
철원군,2021-08-29,21903
철원군,2021-08-30,14612
철원군,2021-08-31,13384
철원군,2021-09-01,9751
철원군,2021-09-02,12310
철원군,2021-09-03,14220
철원군,2021-09-04,23268
철원군,2021-09-05,23538
철원군,2021-09-06,13853
철원군,2021-09-07,10944
철원군,2021-09-08,14203
철원군,2021-09-09,15393
철원군,2021-09-10,15757
철원군,2021-09-11,26663
철원군,2021-09-12,27293
철원군,2021-09-13,15894
철원군,2021-09-14,16468
철원군,2021-09-15,16170
철원군,2021-09-16,16758
철원군,2021-09-17,16726
철원군,2021-09-18,32630
철원군,2021-09-19,42413
철원군,2021-09-20,49756
철원군,2021-09-21,50204
철원군,2021-09-22,34528
철원군,2021-09-23,17780
철원군,2021-09-24,18522
철원군,2021-09-25,27654
철원군,2021-09-26,27122
철원군,2021-09-27,17003
철원군,2021-09-28,16054
철원군,2021-09-29,13416
철원군,2021-09-30,17378
철원군,2021-10-01,13328
철원군,2021-10-02,26470
철원군,2021-10-03,34436
철원군,2021-10-04,17412
철원군,2021-10-05,9656
철원군,2021-10-06,9296
철원군,2021-10-07,10675
철원군,2021-10-08,13601
철원군,2021-10-09,29558
철원군,2021-10-10,25494
철원군,2021-10-11,22421
철원군,2021-10-12,13066
철원군,2021-10-13,14388
철원군,2021-10-14,13906
철원군,2021-10-15,15029
철원군,2021-10-16,25106
철원군,2021-10-17,23502
철원군,2021-10-18,12642
철원군,2021-10-19,12834
철원군,2021-10-20,13464
철원군,2021-10-21,14340
철원군,2021-10-22,16132
철원군,2021-10-23,27556
철원군,2021-10-24,26708
철원군,2021-10-25,15088
철원군,2021-10-26,15680
철원군,2021-10-27,15816
철원군,2021-10-28,16888
철원군,2021-10-29,17962
철원군,2021-10-30,30541
철원군,2021-10-31,30558
철원군,2021-11-01,11326
철원군,2021-11-02,11400
철원군,2021-11-03,12005
철원군,2021-11-04,12649
철원군,2021-11-05,16009
철원군,2021-11-06,28144
철원군,2021-11-07,26050
철원군,2021-11-08,9828
철원군,2021-11-09,11050
철원군,2021-11-10,11704
철원군,2021-11-11,13587
철원군,2021-11-12,15001
철원군,2021-11-13,24892
철원군,2021-11-14,23516
철원군,2021-11-15,13668
철원군,2021-11-16,13206
철원군,2021-11-17,13692
철원군,2021-11-18,13212
철원군,2021-11-19,17140
철원군,2021-11-20,27391
철원군,2021-11-21,25358
철원군,2021-11-22,13598
철원군,2021-11-23,15533
철원군,2021-11-24,15558
철원군,2021-11-25,17160
철원군,2021-11-26,18008
철원군,2021-11-27,27044
철원군,2021-11-28,27408
철원군,2021-11-29,14574
철원군,2021-11-30,10983
철원군,2021-12-01,10787
철원군,2021-12-02,11767
철원군,2021-12-03,13374
철원군,2021-12-04,25067
철원군,2021-12-05,25210
철원군,2021-12-06,13062
철원군,2021-12-07,13458
철원군,2021-12-08,14354
철원군,2021-12-09,13678
철원군,2021-12-10,14234
철원군,2021-12-11,24594
철원군,2021-12-12,24944
철원군,2021-12-13,11728
철원군,2021-12-14,12610
철원군,2021-12-15,13100
철원군,2021-12-16,14476
철원군,2021-12-17,14808
철원군,2021-12-18,18952
철원군,2021-12-19,17938
철원군,2021-12-20,13839
철원군,2021-12-21,15302
철원군,2021-12-22,14896
철원군,2021-12-23,14864
철원군,2021-12-24,15026
철원군,2021-12-25,20884
철원군,2021-12-26,18526
철원군,2021-12-27,13153
철원군,2021-12-28,13412
철원군,2021-12-29,14252
철원군,2021-12-30,14994
철원군,2021-12-31,17748
철원군,2022-01-01,25158
철원군,2022-01-02,19562
철원군,2022-01-03,9250
철원군,2022-01-04,9793
철원군,2022-01-05,10132
철원군,2022-01-06,11204
철원군,2022-01-07,12064
철원군,2022-01-08,21378
철원군,2022-01-09,20993
철원군,2022-01-10,12222
철원군,2022-01-11,9306
철원군,2022-01-12,10174
철원군,2022-01-13,11319
철원군,2022-01-14,12299
철원군,2022-01-15,22270
철원군,2022-01-16,22536
철원군,2022-01-17,12096
철원군,2022-01-18,11434
철원군,2022-01-19,9520
철원군,2022-01-20,12159
철원군,2022-01-21,13500
철원군,2022-01-22,22334
철원군,2022-01-23,23110
철원군,2022-01-24,12806
철원군,2022-01-25,10682
철원군,2022-01-26,12932
철원군,2022-01-27,13251
철원군,2022-01-28,13408
철원군,2022-01-29,25375
철원군,2022-01-30,34892
철원군,2022-01-31,42945
철원군,2022-02-01,31836
철원군,2022-02-02,23734
철원군,2022-02-03,10658
철원군,2022-02-04,10658
철원군,2022-02-05,15824
철원군,2022-02-06,15617
철원군,2022-02-07,9250
철원군,2022-02-08,9730
철원군,2022-02-09,10808
철원군,2022-02-10,11424
철원군,2022-02-11,11938
철원군,2022-02-12,20874
철원군,2022-02-13,20710
철원군,2022-02-14,10672
철원군,2022-02-15,9590
철원군,2022-02-16,10472
철원군,2022-02-17,10966
철원군,2022-02-18,12348
철원군,2022-02-19,20304
철원군,2022-02-20,19008
철원군,2022-02-21,11498
철원군,2022-02-22,11722
철원군,2022-02-23,11844
철원군,2022-02-24,12551
철원군,2022-02-25,13472
철원군,2022-02-26,18406
철원군,2022-02-27,22768
철원군,2022-02-28,15715
철원군,2022-03-01,14399
철원군,2022-03-02,11088
철원군,2022-03-03,12092
철원군,2022-03-04,11644
철원군,2022-03-05,17776
철원군,2022-03-06,18182
철원군,2022-03-07,12022
철원군,2022-03-08,11739
철원군,2022-03-09,18974
철원군,2022-03-10,12338
철원군,2022-03-11,13027
철원군,2022-03-12,19324
철원군,2022-03-13,13590
철원군,2022-03-14,11291
철원군,2022-03-15,13332
철원군,2022-03-16,14399
철원군,2022-03-17,13702
철원군,2022-03-18,13150
철원군,2022-03-19,15544
철원군,2022-03-20,19404
철원군,2022-03-21,14392
철원군,2022-03-22,13881
철원군,2022-03-23,14588
철원군,2022-03-24,14588
철원군,2022-03-25,15617
철원군,2022-03-26,19712
철원군,2022-03-27,23359
철원군,2022-03-28,15166
철원군,2022-03-29,15617
철원군,2022-03-30,15340
철원군,2022-03-31,16124
철원군,2022-04-01,13794
철원군,2022-04-02,22914
철원군,2022-04-03,22236
철원군,2022-04-04,12372
철원군,2022-04-05,11599
철원군,2022-04-06,13125
철원군,2022-04-07,12450
철원군,2022-04-08,14920
철원군,2022-04-09,26145
철원군,2022-04-10,24938
철원군,2022-04-11,13192
철원군,2022-04-12,13160
철원군,2022-04-13,13458
철원군,2022-04-14,13696
철원군,2022-04-15,17420
철원군,2022-04-16,30163
철원군,2022-04-17,28878
철원군,2022-04-18,17262
철원군,2022-04-19,15208
철원군,2022-04-20,17465
철원군,2022-04-21,17668
철원군,2022-04-22,17476
철원군,2022-04-23,31398
철원군,2022-04-24,29589
철원군,2022-04-25,15806
철원군,2022-04-26,15984
철원군,2022-04-27,20500
철원군,2022-04-28,20307
철원군,2022-04-29,18144
철원군,2022-04-30,31930
철원군,2022-05-01,28091
철원군,2022-05-02,13016
철원군,2022-05-03,12506
철원군,2022-05-04,15858
철원군,2022-05-05,31938
철원군,2022-05-06,26684
철원군,2022-05-07,36757
철원군,2022-05-08,32095
철원군,2022-05-09,16051
철원군,2022-05-10,14900
철원군,2022-05-11,17094
철원군,2022-05-12,18344
철원군,2022-05-13,18417
철원군,2022-05-14,32784
철원군,2022-05-15,31230
철원군,2022-05-16,15484
철원군,2022-05-17,14980
철원군,2022-05-18,16072
철원군,2022-05-19,17510
철원군,2022-05-20,17927
철원군,2022-05-21,33390
철원군,2022-05-22,31087
철원군,2022-05-23,17164
철원군,2022-05-24,15474
철원군,2022-05-25,17762
철원군,2022-05-26,17342
철원군,2022-05-27,18826
철원군,2022-05-28,32942
철원군,2022-05-29,30254
철원군,2022-05-30,16975
철원군,2022-05-31,16838
철원군,2022-06-01,19702
철원군,2022-06-02,13696
철원군,2022-06-03,15046
철원군,2022-06-04,33026
철원군,2022-06-05,42161
철원군,2022-06-06,23800
철원군,2022-06-07,12148
철원군,2022-06-08,14794
철원군,2022-06-09,13464
철원군,2022-06-10,15684
철원군,2022-06-11,35074
철원군,2022-06-12,28539
철원군,2022-06-13,12960
철원군,2022-06-14,13548
철원군,2022-06-15,14749
철원군,2022-06-16,15348
철원군,2022-06-17,16132
철원군,2022-06-18,30597
철원군,2022-06-19,29253
철원군,2022-06-20,16474
철원군,2022-06-21,14945
철원군,2022-06-22,17248
철원군,2022-06-23,14606
철원군,2022-06-24,17038
철원군,2022-06-25,32396
철원군,2022-06-26,26758
철원군,2022-06-27,13783
철원군,2022-06-28,12904
철원군,2022-06-29,13405
철원군,2022-06-30,11214
철원군,2022-07-01,12988
철원군,2022-07-02,25690
철원군,2022-07-03,24717
철원군,2022-07-04,12712
철원군,2022-07-05,12124
철원군,2022-07-06,13080
철원군,2022-07-07,12274
철원군,2022-07-08,14466
철원군,2022-07-09,25984
철원군,2022-07-10,25235
철원군,2022-07-11,14021
철원군,2022-07-12,13318
철원군,2022-07-13,11848
철원군,2022-07-14,13860
철원군,2022-07-15,16628
철원군,2022-07-16,27612
철원군,2022-07-17,27016
철원군,2022-07-18,15340
철원군,2022-07-19,15386
철원군,2022-07-20,17238
철원군,2022-07-21,16870
철원군,2022-07-22,19268
철원군,2022-07-23,31574
철원군,2022-07-24,29796
철원군,2022-07-25,19338
철원군,2022-07-26,18106
철원군,2022-07-27,19586
철원군,2022-07-28,19936
철원군,2022-07-29,23804
철원군,2022-07-30,38689
철원군,2022-07-31,36428
철원군,2022-08-01,22540
철원군,2022-08-02,19246
철원군,2022-08-03,17738
철원군,2022-08-04,21494
철원군,2022-08-05,22600
철원군,2022-08-06,32406
철원군,2022-08-07,29673
철원군,2022-08-08,14570
철원군,2022-08-09,11683
철원군,2022-08-10,13472
철원군,2022-08-11,14444
철원군,2022-08-12,18473
철원군,2022-08-13,29956
철원군,2022-08-14,37692
철원군,2022-08-15,23804
철원군,2022-08-16,15568
철원군,2022-08-17,16012
철원군,2022-08-18,15974
철원군,2022-08-19,15253
철원군,2022-08-20,28480
철원군,2022-08-21,28532
철원군,2022-08-22,15344
철원군,2022-08-23,14640
철원군,2022-08-24,16320
철원군,2022-08-25,15463
철원군,2022-08-26,17682
철원군,2022-08-27,30695
철원군,2022-08-28,30552
철원군,2022-08-29,14280
철원군,2022-08-30,12320
철원군,2022-08-31,15298
철원군,2022-09-01,14080
철원군,2022-09-02,14970
철원군,2022-09-03,26016
철원군,2022-09-04,20706
철원군,2022-09-05,8312
철원군,2022-09-06,9376
철원군,2022-09-07,13846
철원군,2022-09-08,16646
철원군,2022-09-09,43620
철원군,2022-09-10,63010
철원군,2022-09-11,51510
철원군,2022-09-12,32102
철원군,2022-09-13,14500
철원군,2022-09-14,15096
철원군,2022-09-15,17241
철원군,2022-09-16,16114
철원군,2022-09-17,27167
철원군,2022-09-18,30936
철원군,2022-09-19,17682
철원군,2022-09-20,15830
철원군,2022-09-21,20167
철원군,2022-09-22,19789
철원군,2022-09-23,20902
철원군,2022-09-24,37282
철원군,2022-09-25,36508
철원군,2022-09-26,19383
철원군,2022-09-27,18011
철원군,2022-09-28,21567
철원군,2022-09-29,21252
철원군,2022-09-30,21469
철원군,2022-10-01,41290
철원군,2022-10-02,48002
철원군,2022-10-03,22141
철원군,2022-10-04,13118
철원군,2022-10-05,16734
철원군,2022-10-06,18966
철원군,2022-10-07,19880
철원군,2022-10-08,46196
철원군,2022-10-09,38798
철원군,2022-10-10,30653
철원군,2022-10-11,15746
철원군,2022-10-12,21318
철원군,2022-10-13,22186
철원군,2022-10-14,21882
철원군,2022-10-15,44048
철원군,2022-10-16,40792
철원군,2022-10-17,22348
철원군,2022-10-18,17465
철원군,2022-10-19,23961
철원군,2022-10-20,26030
철원군,2022-10-21,25697
철원군,2022-10-22,50225
철원군,2022-10-23,47030
철원군,2022-10-24,24972
철원군,2022-10-25,19810
철원군,2022-10-26,26411
철원군,2022-10-27,27906
철원군,2022-10-28,28917
철원군,2022-10-29,55248
철원군,2022-10-30,50292
철원군,2022-10-31,25417
철원군,2022-11-01,13156
철원군,2022-11-02,19618
철원군,2022-11-03,18686
철원군,2022-11-04,20342
철원군,2022-11-05,40274
철원군,2022-11-06,36390
철원군,2022-11-07,17286
철원군,2022-11-08,15134
철원군,2022-11-09,18274
철원군,2022-11-10,19292
철원군,2022-11-11,20762
철원군,2022-11-12,31266
철원군,2022-11-13,26901
철원군,2022-11-14,15708
철원군,2022-11-15,13559
철원군,2022-11-16,17402
철원군,2022-11-17,17286
철원군,2022-11-18,18655
철원군,2022-11-19,29799
철원군,2022-11-20,27520
철원군,2022-11-21,14886
철원군,2022-11-22,13282
철원군,2022-11-23,15113
철원군,2022-11-24,16384
철원군,2022-11-25,15872
철원군,2022-11-26,26170
철원군,2022-11-27,23653
철원군,2022-11-28,12957
철원군,2022-11-29,12712
철원군,2022-11-30,14136
철원군,2022-12-01,9821
철원군,2022-12-02,12586
철원군,2022-12-03,17675
철원군,2022-12-04,16793
철원군,2022-12-05,11756
철원군,2022-12-06,10234
철원군,2022-12-07,11854
철원군,2022-12-08,12240
철원군,2022-12-09,12992
철원군,2022-12-10,20094
철원군,2022-12-11,18652
철원군,2022-12-12,10661
철원군,2022-12-13,10997
철원군,2022-12-14,9009
철원군,2022-12-15,9730
철원군,2022-12-16,11459
철원군,2022-12-17,16096
철원군,2022-12-18,15544
철원군,2022-12-19,12250
철원군,2022-12-20,12026
철원군,2022-12-21,9002
철원군,2022-12-22,10952
철원군,2022-12-23,11834
철원군,2022-12-24,17006
철원군,2022-12-25,17136
철원군,2022-12-26,12422
철원군,2022-12-27,12719
철원군,2022-12-28,13279
철원군,2022-12-29,13198
철원군,2022-12-30,15575
철원군,2022-12-31,22362
춘천시,2021-01-01,68698
춘천시,2021-01-02,72328
춘천시,2021-01-03,51160
춘천시,2021-01-04,37026
춘천시,2021-01-05,37779
춘천시,2021-01-06,37006
춘천시,2021-01-07,32641
춘천시,2021-01-08,40086
춘천시,2021-01-09,54030
춘천시,2021-01-10,49402
춘천시,2021-01-11,41094
춘천시,2021-01-12,41608
춘천시,2021-01-13,42410
춘천시,2021-01-14,48282
춘천시,2021-01-15,52454
춘천시,2021-01-16,74358
춘천시,2021-01-17,61646
춘천시,2021-01-18,38300
춘천시,2021-01-19,43824
춘천시,2021-01-20,47768
춘천시,2021-01-21,48618
춘천시,2021-01-22,55352
춘천시,2021-01-23,82285
춘천시,2021-01-24,74872
춘천시,2021-01-25,54600
춘천시,2021-01-26,51244
춘천시,2021-01-27,54968
춘천시,2021-01-28,45994
춘천시,2021-01-29,55212
춘천시,2021-01-30,75929
춘천시,2021-01-31,71960
춘천시,2021-02-01,40506
춘천시,2021-02-02,40187
춘천시,2021-02-03,39207
춘천시,2021-02-04,37828
춘천시,2021-02-05,47604
춘천시,2021-02-06,73668
춘천시,2021-02-07,65062
춘천시,2021-02-08,46568
춘천시,2021-02-09,47828
춘천시,2021-02-10,59409
춘천시,2021-02-11,94616
춘천시,2021-02-12,120900
춘천시,2021-02-13,115084
춘천시,2021-02-14,70788
춘천시,2021-02-15,51384
춘천시,2021-02-16,47327
춘천시,2021-02-17,48576
춘천시,2021-02-18,51100
춘천시,2021-02-19,61971
춘천시,2021-02-20,91122
춘천시,2021-02-21,81186
춘천시,2021-02-22,62223
춘천시,2021-02-23,59258
춘천시,2021-02-24,59997
춘천시,2021-02-25,61184
춘천시,2021-02-26,72754
춘천시,2021-02-27,115115
춘천시,2021-02-28,130123
춘천시,2021-03-01,69478
춘천시,2021-03-02,50393
춘천시,2021-03-03,53830
춘천시,2021-03-04,55713
춘천시,2021-03-05,64782
춘천시,2021-03-06,86737
춘천시,2021-03-07,80059
춘천시,2021-03-08,62402
춘천시,2021-03-09,62520
춘천시,2021-03-10,63584
춘천시,2021-03-11,63882
춘천시,2021-03-12,70427
춘천시,2021-03-13,98392
춘천시,2021-03-14,88739
춘천시,2021-03-15,65429
춘천시,2021-03-16,66524
춘천시,2021-03-17,67361
춘천시,2021-03-18,67781
춘천시,2021-03-19,76136
춘천시,2021-03-20,93702
춘천시,2021-03-21,88956
춘천시,2021-03-22,68614
춘천시,2021-03-23,67750
춘천시,2021-03-24,68957
춘천시,2021-03-25,71040
춘천시,2021-03-26,79684
춘천시,2021-03-27,97181
춘천시,2021-03-28,82114
춘천시,2021-03-29,69332
춘천시,2021-03-30,71659
춘천시,2021-03-31,72922
춘천시,2021-04-01,48629
춘천시,2021-04-02,63763
춘천시,2021-04-03,82705
춘천시,2021-04-04,79478
춘천시,2021-04-05,53949
춘천시,2021-04-06,51972
춘천시,2021-04-07,54800
춘천시,2021-04-08,54758
춘천시,2021-04-09,67697
춘천시,2021-04-10,109739
춘천시,2021-04-11,99995
춘천시,2021-04-12,52605
춘천시,2021-04-13,52087
춘천시,2021-04-14,54856
춘천시,2021-04-15,57508
춘천시,2021-04-16,66031
춘천시,2021-04-17,106732
춘천시,2021-04-18,97654
춘천시,2021-04-19,60949
춘천시,2021-04-20,60221
춘천시,2021-04-21,59829
춘천시,2021-04-22,61992
춘천시,2021-04-23,71880
춘천시,2021-04-24,112168
춘천시,2021-04-25,98952
춘천시,2021-04-26,63248
춘천시,2021-04-27,60910
춘천시,2021-04-28,59076
춘천시,2021-04-29,60168
춘천시,2021-04-30,70791
춘천시,2021-05-01,93362
춘천시,2021-05-02,97626
춘천시,2021-05-03,61744
춘천시,2021-05-04,59840
춘천시,2021-05-05,88770
춘천시,2021-05-06,63560
춘천시,2021-05-07,72390
춘천시,2021-05-08,108115
춘천시,2021-05-09,98878
춘천시,2021-05-10,54450
춘천시,2021-05-11,55734
춘천시,2021-05-12,57659
춘천시,2021-05-13,57694
춘천시,2021-05-14,70511
춘천시,2021-05-15,100240
춘천시,2021-05-16,69990
춘천시,2021-05-17,54481
춘천시,2021-05-18,66132
춘천시,2021-05-19,93068
춘천시,2021-05-20,58436
춘천시,2021-05-21,68022
춘천시,2021-05-22,110047
춘천시,2021-05-23,95984
춘천시,2021-05-24,61008
춘천시,2021-05-25,55552
춘천시,2021-05-26,58625
춘천시,2021-05-27,53056
춘천시,2021-05-28,63168
춘천시,2021-05-29,104965
춘천시,2021-05-30,96568
춘천시,2021-05-31,58919
춘천시,2021-06-01,47726
춘천시,2021-06-02,50582
춘천시,2021-06-03,46364
춘천시,2021-06-04,62727
춘천시,2021-06-05,105119
춘천시,2021-06-06,89862
춘천시,2021-06-07,55822
춘천시,2021-06-08,53914
춘천시,2021-06-09,54498
춘천시,2021-06-10,57368
춘천시,2021-06-11,63920
춘천시,2021-06-12,104020
춘천시,2021-06-13,91080
춘천시,2021-06-14,58583
춘천시,2021-06-15,57284
춘천시,2021-06-16,60802
춘천시,2021-06-17,61568
춘천시,2021-06-18,68187
춘천시,2021-06-19,112262
춘천시,2021-06-20,97954
춘천시,2021-06-21,61957
춘천시,2021-06-22,60697
춘천시,2021-06-23,59577
춘천시,2021-06-24,62234
춘천시,2021-06-25,73570
춘천시,2021-06-26,100992
춘천시,2021-06-27,96660
춘천시,2021-06-28,63340
춘천시,2021-06-29,56592
춘천시,2021-06-30,58198
춘천시,2021-07-01,52938
춘천시,2021-07-02,67641
춘천시,2021-07-03,94626
춘천시,2021-07-04,74386
춘천시,2021-07-05,56122
춘천시,2021-07-06,56388
춘천시,2021-07-07,54166
춘천시,2021-07-08,52465
춘천시,2021-07-09,64648
춘천시,2021-07-10,95536
춘천시,2021-07-11,81952
춘천시,2021-07-12,58541
춘천시,2021-07-13,57435
춘천시,2021-07-14,57995
춘천시,2021-07-15,58226
춘천시,2021-07-16,71589
춘천시,2021-07-17,107286
춘천시,2021-07-18,97954
춘천시,2021-07-19,66549
춘천시,2021-07-20,65412
춘천시,2021-07-21,64729
춘천시,2021-07-22,67554
춘천시,2021-07-23,78628
춘천시,2021-07-24,106141
춘천시,2021-07-25,98154
춘천시,2021-07-26,70931
춘천시,2021-07-27,68926
춘천시,2021-07-28,70406
춘천시,2021-07-29,76332
춘천시,2021-07-30,89478
춘천시,2021-07-31,117050
춘천시,2021-08-01,98833
춘천시,2021-08-02,81862
춘천시,2021-08-03,79684
춘천시,2021-08-04,72838
춘천시,2021-08-05,73000
춘천시,2021-08-06,81942
춘천시,2021-08-07,91700
춘천시,2021-08-08,95260
춘천시,2021-08-09,70248
춘천시,2021-08-10,66801
춘천시,2021-08-11,68243
춘천시,2021-08-12,72758
춘천시,2021-08-13,83839
춘천시,2021-08-14,122591
춘천시,2021-08-15,131516
춘천시,2021-08-16,100292
춘천시,2021-08-17,70466
춘천시,2021-08-18,65782
춘천시,2021-08-19,68565
춘천시,2021-08-20,77060
춘천시,2021-08-21,92477
춘천시,2021-08-22,91700
춘천시,2021-08-23,64911
춘천시,2021-08-24,58958
춘천시,2021-08-25,63990
춘천시,2021-08-26,67851
춘천시,2021-08-27,75974
춘천시,2021-08-28,116378
춘천시,2021-08-29,108150
춘천시,2021-08-30,74214
춘천시,2021-08-31,68408
춘천시,2021-09-01,54250
춘천시,2021-09-02,62150
춘천시,2021-09-03,73014
춘천시,2021-09-04,111052
춘천시,2021-09-05,99124
춘천시,2021-09-06,62671
춘천시,2021-09-07,54498
춘천시,2021-09-08,61600
춘천시,2021-09-09,65926
춘천시,2021-09-10,73794
춘천시,2021-09-11,106526
춘천시,2021-09-12,97860
춘천시,2021-09-13,65048
춘천시,2021-09-14,66556
춘천시,2021-09-15,65790
춘천시,2021-09-16,67865
춘천시,2021-09-17,75344
춘천시,2021-09-18,112326
춘천시,2021-09-19,139884
춘천시,2021-09-20,157056
춘천시,2021-09-21,148638
춘천시,2021-09-22,104724
춘천시,2021-09-23,73122
춘천시,2021-09-24,78386
춘천시,2021-09-25,104198
춘천시,2021-09-26,91952
춘천시,2021-09-27,70021
춘천시,2021-09-28,69720
춘천시,2021-09-29,63542
춘천시,2021-09-30,72282
춘천시,2021-10-01,65786
춘천시,2021-10-02,109830
춘천시,2021-10-03,121454
춘천시,2021-10-04,77066
춘천시,2021-10-05,52766
춘천시,2021-10-06,52616
춘천시,2021-10-07,55440
춘천시,2021-10-08,69338
춘천시,2021-10-09,123358
춘천시,2021-10-10,119998
춘천시,2021-10-11,95571
춘천시,2021-10-12,65464
춘천시,2021-10-13,65328
춘천시,2021-10-14,67543
춘천시,2021-10-15,76251
춘천시,2021-10-16,113064
춘천시,2021-10-17,100250
춘천시,2021-10-18,66703
춘천시,2021-10-19,65152
춘천시,2021-10-20,71246
춘천시,2021-10-21,71855
춘천시,2021-10-22,83804
춘천시,2021-10-23,126133
춘천시,2021-10-24,114432
춘천시,2021-10-25,73664
춘천시,2021-10-26,73962
춘천시,2021-10-27,75488
춘천시,2021-10-28,75292
춘천시,2021-10-29,87745
춘천시,2021-10-30,133945
춘천시,2021-10-31,122682
춘천시,2021-11-01,62828
춘천시,2021-11-02,63854
춘천시,2021-11-03,63056
춘천시,2021-11-04,65972
춘천시,2021-11-05,81924
춘천시,2021-11-06,132808
춘천시,2021-11-07,117922
춘천시,2021-11-08,55195
춘천시,2021-11-09,54180
춘천시,2021-11-10,58058
춘천시,2021-11-11,62531
춘천시,2021-11-12,78054
춘천시,2021-11-13,116938
춘천시,2021-11-14,98816
춘천시,2021-11-15,63308
춘천시,2021-11-16,61750
춘천시,2021-11-17,63816
춘천시,2021-11-18,64900
춘천시,2021-11-19,78138
춘천시,2021-11-20,110568
춘천시,2021-11-21,92026
춘천시,2021-11-22,62468
춘천시,2021-11-23,59024
춘천시,2021-11-24,59182
춘천시,2021-11-25,63665
춘천시,2021-11-26,78708
춘천시,2021-11-27,109644
춘천시,2021-11-28,89442
춘천시,2021-11-29,62842
춘천시,2021-11-30,52762
춘천시,2021-12-01,51352
춘천시,2021-12-02,55500
춘천시,2021-12-03,66952
춘천시,2021-12-04,97699
춘천시,2021-12-05,85498
춘천시,2021-12-06,59784
춘천시,2021-12-07,59731
춘천시,2021-12-08,59336
춘천시,2021-12-09,62517
춘천시,2021-12-10,68106
춘천시,2021-12-11,96922
춘천시,2021-12-12,86114
춘천시,2021-12-13,61040
춘천시,2021-12-14,58737
춘천시,2021-12-15,58380
춘천시,2021-12-16,61128
춘천시,2021-12-17,73322
춘천시,2021-12-18,87108
춘천시,2021-12-19,76202
춘천시,2021-12-20,63312
춘천시,2021-12-21,64974
춘천시,2021-12-22,66045
춘천시,2021-12-23,66286
춘천시,2021-12-24,76766
춘천시,2021-12-25,99382
춘천시,2021-12-26,83188
춘천시,2021-12-27,67364
춘천시,2021-12-28,65611
춘천시,2021-12-29,66720
춘천시,2021-12-30,72566
춘천시,2021-12-31,90629
춘천시,2022-01-01,101244
춘천시,2022-01-02,77724
춘천시,2022-01-03,51404
춘천시,2022-01-04,51751
춘천시,2022-01-05,52034
춘천시,2022-01-06,55223
춘천시,2022-01-07,64438
춘천시,2022-01-08,93174
춘천시,2022-01-09,81564
춘천시,2022-01-10,58838
춘천시,2022-01-11,58390
춘천시,2022-01-12,58205
춘천시,2022-01-13,58908
춘천시,2022-01-14,70336
춘천시,2022-01-15,100460
춘천시,2022-01-16,88274
춘천시,2022-01-17,63794
춘천시,2022-01-18,60694
춘천시,2022-01-19,54978
춘천시,2022-01-20,58986
춘천시,2022-01-21,69713
춘천시,2022-01-22,103904
춘천시,2022-01-23,91956
춘천시,2022-01-24,67291
춘천시,2022-01-25,63315
춘천시,2022-01-26,62500
춘천시,2022-01-27,63812
춘천시,2022-01-28,71729
춘천시,2022-01-29,101406
춘천시,2022-01-30,122076
춘천시,2022-01-31,135390
춘천시,2022-02-01,112665
춘천시,2022-02-02,79464
춘천시,2022-02-03,57050
춘천시,2022-02-04,60879
춘천시,2022-02-05,79272
춘천시,2022-02-06,67722
춘천시,2022-02-07,54019
춘천시,2022-02-08,55552
춘천시,2022-02-09,56458
춘천시,2022-02-10,58807
춘천시,2022-02-11,67602
춘천시,2022-02-12,99232
춘천시,2022-02-13,83622
춘천시,2022-02-14,59854
춘천시,2022-02-15,57386
춘천시,2022-02-16,56231
춘천시,2022-02-17,59024
춘천시,2022-02-18,67988
춘천시,2022-02-19,96918
춘천시,2022-02-20,82236
춘천시,2022-02-21,62258
춘천시,2022-02-22,63770
춘천시,2022-02-23,63819
춘천시,2022-02-24,64124
춘천시,2022-02-25,71239
춘천시,2022-02-26,101538
춘천시,2022-02-27,106967
춘천시,2022-02-28,88837
춘천시,2022-03-01,82540
춘천시,2022-03-02,70189
춘천시,2022-03-03,70606
춘천시,2022-03-04,72884
춘천시,2022-03-05,89782
춘천시,2022-03-06,84010
춘천시,2022-03-07,71876
춘천시,2022-03-08,76090
춘천시,2022-03-09,85046
춘천시,2022-03-10,72950
춘천시,2022-03-11,79758
춘천시,2022-03-12,99134
춘천시,2022-03-13,77752
춘천시,2022-03-14,74067
춘천시,2022-03-15,78393
춘천시,2022-03-16,78838
춘천시,2022-03-17,97230
춘천시,2022-03-18,98826
춘천시,2022-03-19,102977
춘천시,2022-03-20,105231
춘천시,2022-03-21,94384
춘천시,2022-03-22,96702
춘천시,2022-03-23,95893
춘천시,2022-03-24,97125
춘천시,2022-03-25,104622
춘천시,2022-03-26,119532
춘천시,2022-03-27,122378
춘천시,2022-03-28,101311
춘천시,2022-03-29,102868
춘천시,2022-03-30,98920
춘천시,2022-03-31,102732
춘천시,2022-04-01,70210
춘천시,2022-04-02,110862
춘천시,2022-04-03,94510
춘천시,2022-04-04,60949
춘천시,2022-04-05,59892
춘천시,2022-04-06,61302
춘천시,2022-04-07,65096
춘천시,2022-04-08,77826
춘천시,2022-04-09,122794
춘천시,2022-04-10,108328
춘천시,2022-04-11,69604
춘천시,2022-04-12,70476
춘천시,2022-04-13,63924
춘천시,2022-04-14,70360
춘천시,2022-04-15,89058
춘천시,2022-04-16,131204
춘천시,2022-04-17,119980
춘천시,2022-04-18,75806
춘천시,2022-04-19,75092
춘천시,2022-04-20,72978
춘천시,2022-04-21,74988
춘천시,2022-04-22,88277
춘천시,2022-04-23,133500
춘천시,2022-04-24,117887
춘천시,2022-04-25,79642
춘천시,2022-04-26,75082
춘천시,2022-04-27,79180
춘천시,2022-04-28,79961
춘천시,2022-04-29,92953
춘천시,2022-04-30,138646
춘천시,2022-05-01,112861
춘천시,2022-05-02,64096
춘천시,2022-05-03,63763
춘천시,2022-05-04,78148
춘천시,2022-05-05,129552
춘천시,2022-05-06,127900
춘천시,2022-05-07,155312
춘천시,2022-05-08,119910
춘천시,2022-05-09,72184
춘천시,2022-05-10,69132
춘천시,2022-05-11,67708
춘천시,2022-05-12,72100
춘천시,2022-05-13,85200
춘천시,2022-05-14,133483
춘천시,2022-05-15,115980
춘천시,2022-05-16,72989
춘천시,2022-05-17,73216
춘천시,2022-05-18,67746
춘천시,2022-05-19,75537
춘천시,2022-05-20,90622
춘천시,2022-05-21,137910
춘천시,2022-05-22,118356
춘천시,2022-05-23,75348
춘천시,2022-05-24,73818
춘천시,2022-05-25,73748
춘천시,2022-05-26,74974
춘천시,2022-05-27,92116
춘천시,2022-05-28,136325
춘천시,2022-05-29,117856
춘천시,2022-05-30,75985
춘천시,2022-05-31,82898
춘천시,2022-06-01,87678
춘천시,2022-06-02,70682
춘천시,2022-06-03,82656
춘천시,2022-06-04,143080
춘천시,2022-06-05,155914
춘천시,2022-06-06,105049
춘천시,2022-06-07,65838
춘천시,2022-06-08,64200
춘천시,2022-06-09,64050
춘천시,2022-06-10,78970
춘천시,2022-06-11,125335
춘천시,2022-06-12,111580
춘천시,2022-06-13,70150
춘천시,2022-06-14,69027
춘천시,2022-06-15,65152
춘천시,2022-06-16,70186
춘천시,2022-06-17,87843
춘천시,2022-06-18,130893
춘천시,2022-06-19,110439
춘천시,2022-06-20,72065
춘천시,2022-06-21,73003
춘천시,2022-06-22,71690
춘천시,2022-06-23,65541
춘천시,2022-06-24,85670
춘천시,2022-06-25,130204
춘천시,2022-06-26,107212
춘천시,2022-06-27,69836
춘천시,2022-06-28,64358
춘천시,2022-06-29,60806
춘천시,2022-06-30,56480
춘천시,2022-07-01,74890
춘천시,2022-07-02,122014
춘천시,2022-07-03,104559
춘천시,2022-07-04,66122
춘천시,2022-07-05,64687
춘천시,2022-07-06,63528
춘천시,2022-07-07,64222
춘천시,2022-07-08,80031
춘천시,2022-07-09,126276
춘천시,2022-07-10,110268
춘천시,2022-07-11,68957
춘천시,2022-07-12,70514
춘천시,2022-07-13,59871
춘천시,2022-07-14,68240
춘천시,2022-07-15,83794
춘천시,2022-07-16,120348
춘천시,2022-07-17,109218
춘천시,2022-07-18,76923
춘천시,2022-07-19,77567
춘천시,2022-07-20,77651
춘천시,2022-07-21,79709
춘천시,2022-07-22,94185
춘천시,2022-07-23,130396
춘천시,2022-07-24,117050
춘천시,2022-07-25,92872
춘천시,2022-07-26,91924
춘천시,2022-07-27,92544
춘천시,2022-07-28,96870
춘천시,2022-07-29,113844
춘천시,2022-07-30,150136
춘천시,2022-07-31,139850
춘천시,2022-08-01,112150
춘천시,2022-08-02,101710
춘천시,2022-08-03,91427
춘천시,2022-08-04,96005
춘천시,2022-08-05,104506
춘천시,2022-08-06,131156
춘천시,2022-08-07,113558
춘천시,2022-08-08,76034
춘천시,2022-08-09,71620
춘천시,2022-08-10,77584
춘천시,2022-08-11,80423
춘천시,2022-08-12,104100
춘천시,2022-08-13,140504
춘천시,2022-08-14,150465
춘천시,2022-08-15,115605
춘천시,2022-08-16,82428
춘천시,2022-08-17,82838
춘천시,2022-08-18,82498
춘천시,2022-08-19,88862
춘천시,2022-08-20,129808
춘천시,2022-08-21,116907
춘천시,2022-08-22,82114
춘천시,2022-08-23,80563
춘천시,2022-08-24,79544
춘천시,2022-08-25,79590
춘천시,2022-08-26,95098
춘천시,2022-08-27,142852
춘천시,2022-08-28,136556
춘천시,2022-08-29,88011
춘천시,2022-08-30,80972
춘천시,2022-08-31,83738
춘천시,2022-09-01,79734
춘천시,2022-09-02,89831
춘천시,2022-09-03,125629
춘천시,2022-09-04,93415
춘천시,2022-09-05,59115
춘천시,2022-09-06,65170
춘천시,2022-09-07,78572
춘천시,2022-09-08,96484
춘천시,2022-09-09,155054
춘천시,2022-09-10,196805
춘천시,2022-09-11,161735
춘천시,2022-09-12,118072
춘천시,2022-09-13,82635
춘천시,2022-09-14,77525
춘천시,2022-09-15,82022
춘천시,2022-09-16,89254
춘천시,2022-09-17,121174
춘천시,2022-09-18,112567
춘천시,2022-09-19,84430
춘천시,2022-09-20,85242
춘천시,2022-09-21,85816
춘천시,2022-09-22,88840
춘천시,2022-09-23,99144
춘천시,2022-09-24,138786
춘천시,2022-09-25,123956
춘천시,2022-09-26,86345
춘천시,2022-09-27,88655
춘천시,2022-09-28,89936
춘천시,2022-09-29,90570
춘천시,2022-09-30,99754
춘천시,2022-10-01,134519
춘천시,2022-10-02,148414
춘천시,2022-10-03,93114
춘천시,2022-10-04,67235
춘천시,2022-10-05,68666
춘천시,2022-10-06,73594
춘천시,2022-10-07,93040
춘천시,2022-10-08,149328
춘천시,2022-10-09,138250
춘천시,2022-10-10,107314
춘천시,2022-10-11,77108
춘천시,2022-10-12,76696
춘천시,2022-10-13,79544
춘천시,2022-10-14,91882
춘천시,2022-10-15,135695
춘천시,2022-10-16,123277
춘천시,2022-10-17,79138
춘천시,2022-10-18,80150
춘천시,2022-10-19,80874
춘천시,2022-10-20,85278
춘천시,2022-10-21,99092
춘천시,2022-10-22,151932
춘천시,2022-10-23,148736
춘천시,2022-10-24,89320
춘천시,2022-10-25,89344
춘천시,2022-10-26,86454
춘천시,2022-10-27,91066
춘천시,2022-10-28,104562
춘천시,2022-10-29,155666
춘천시,2022-10-30,136703
춘천시,2022-10-31,87192
춘천시,2022-11-01,69926
춘천시,2022-11-02,71281
춘천시,2022-11-03,71292
춘천시,2022-11-04,86198
춘천시,2022-11-05,130890
춘천시,2022-11-06,112693
춘천시,2022-11-07,72772
춘천시,2022-11-08,70704
춘천시,2022-11-09,71214
춘천시,2022-11-10,74512
춘천시,2022-11-11,92508
춘천시,2022-11-12,131012
춘천시,2022-11-13,112644
춘천시,2022-11-14,78088
춘천시,2022-11-15,75978
춘천시,2022-11-16,75397
춘천시,2022-11-17,80899
춘천시,2022-11-18,94420
춘천시,2022-11-19,131190
춘천시,2022-11-20,112508
춘천시,2022-11-21,77931
춘천시,2022-11-22,75131
춘천시,2022-11-23,73846
춘천시,2022-11-24,76444
춘천시,2022-11-25,91973
춘천시,2022-11-26,122720
춘천시,2022-11-27,101468
춘천시,2022-11-28,70133
춘천시,2022-11-29,71820
춘천시,2022-11-30,69038
춘천시,2022-12-01,50158
춘천시,2022-12-02,63752
춘천시,2022-12-03,87731
춘천시,2022-12-04,78015
춘천시,2022-12-05,53540
춘천시,2022-12-06,51842
춘천시,2022-12-07,56312
춘천시,2022-12-08,56192
춘천시,2022-12-09,68982
춘천시,2022-12-10,100320
춘천시,2022-12-11,84766
춘천시,2022-12-12,58496
춘천시,2022-12-13,54044
춘천시,2022-12-14,51142
춘천시,2022-12-15,50068
춘천시,2022-12-16,66146
춘천시,2022-12-17,97622
춘천시,2022-12-18,81246
춘천시,2022-12-19,59132
춘천시,2022-12-20,60557
춘천시,2022-12-21,48223
춘천시,2022-12-22,57953
춘천시,2022-12-23,70245
춘천시,2022-12-24,100698
춘천시,2022-12-25,91357
춘천시,2022-12-26,68551
춘천시,2022-12-27,66258
춘천시,2022-12-28,64988
춘천시,2022-12-29,69062
춘천시,2022-12-30,86170
춘천시,2022-12-31,110904
태백시,2021-01-01,12100
태백시,2021-01-02,12040
태백시,2021-01-03,8684
태백시,2021-01-04,7448
태백시,2021-01-05,7416
태백시,2021-01-06,7004
태백시,2021-01-07,6108
태백시,2021-01-08,6752
태백시,2021-01-09,8764
태백시,2021-01-10,8334
태백시,2021-01-11,7217
태백시,2021-01-12,7840
태백시,2021-01-13,8106
태백시,2021-01-14,8830
태백시,2021-01-15,9352
태백시,2021-01-16,12698
태백시,2021-01-17,10398
태백시,2021-01-18,6468
태백시,2021-01-19,7850
태백시,2021-01-20,9590
태백시,2021-01-21,9034
태백시,2021-01-22,9527
태백시,2021-01-23,13433
태백시,2021-01-24,12936
태백시,2021-01-25,9912
태백시,2021-01-26,9614
태백시,2021-01-27,9754
태백시,2021-01-28,8634
태백시,2021-01-29,8876
태백시,2021-01-30,13888
태백시,2021-01-31,13608
태백시,2021-02-01,7102
태백시,2021-02-02,7556
태백시,2021-02-03,7822
태백시,2021-02-04,7332
태백시,2021-02-05,9020
태백시,2021-02-06,12978
태백시,2021-02-07,11270
태백시,2021-02-08,8362
태백시,2021-02-09,9779
태백시,2021-02-10,12422
태백시,2021-02-11,20598
태백시,2021-02-12,23898
태백시,2021-02-13,21770
태백시,2021-02-14,12390
태백시,2021-02-15,8799
태백시,2021-02-16,7952
태백시,2021-02-17,7906
태백시,2021-02-18,8568
태백시,2021-02-19,10178
태백시,2021-02-20,13212
태백시,2021-02-21,11672
태백시,2021-02-22,9538
태백시,2021-02-23,9856
태백시,2021-02-24,9499
태백시,2021-02-25,10314
태백시,2021-02-26,11224
태백시,2021-02-27,14920
태백시,2021-02-28,16300
태백시,2021-03-01,8578
태백시,2021-03-02,5327
태백시,2021-03-03,6940
태백시,2021-03-04,7550
태백시,2021-03-05,9478
태백시,2021-03-06,8883
태백시,2021-03-07,9373
태백시,2021-03-08,8253
태백시,2021-03-09,8771
태백시,2021-03-10,9272
태백시,2021-03-11,9338
태백시,2021-03-12,8628
태백시,2021-03-13,10836
태백시,2021-03-14,9986
태백시,2021-03-15,9618
태백시,2021-03-16,9006
태백시,2021-03-17,9380
태백시,2021-03-18,9527
태백시,2021-03-19,9846
태백시,2021-03-20,10878
태백시,2021-03-21,10356
태백시,2021-03-22,9261
태백시,2021-03-23,9835
태백시,2021-03-24,10003
태백시,2021-03-25,11879
태백시,2021-03-26,10378
태백시,2021-03-27,10619
태백시,2021-03-28,9688
태백시,2021-03-29,9401
태백시,2021-03-30,10336
태백시,2021-03-31,10370
태백시,2021-04-01,7602
태백시,2021-04-02,8684
태백시,2021-04-03,9902
태백시,2021-04-04,9482
태백시,2021-04-05,9191
태백시,2021-04-06,8586
태백시,2021-04-07,8463
태백시,2021-04-08,8816
태백시,2021-04-09,9660
태백시,2021-04-10,13016
태백시,2021-04-11,11123
태백시,2021-04-12,7469
태백시,2021-04-13,8382
태백시,2021-04-14,9930
태백시,2021-04-15,10938
태백시,2021-04-16,10910
태백시,2021-04-17,14130
태백시,2021-04-18,13090
태백시,2021-04-19,9443
태백시,2021-04-20,9950
태백시,2021-04-21,9835
태백시,2021-04-22,9986
태백시,2021-04-23,11683
태백시,2021-04-24,15099
태백시,2021-04-25,17080
태백시,2021-04-26,10560
태백시,2021-04-27,10808
태백시,2021-04-28,10710
태백시,2021-04-29,10350
태백시,2021-04-30,11294
태백시,2021-05-01,13384
태백시,2021-05-02,12642
태백시,2021-05-03,9530
태백시,2021-05-04,9597
태백시,2021-05-05,14304
태백시,2021-05-06,10752
태백시,2021-05-07,12740
태백시,2021-05-08,19156
태백시,2021-05-09,17129
태백시,2021-05-10,10395
태백시,2021-05-11,11102
태백시,2021-05-12,11042
태백시,2021-05-13,10143
태백시,2021-05-14,12302
태백시,2021-05-15,13892
태백시,2021-05-16,11064
태백시,2021-05-17,9482
태백시,2021-05-18,10860
태백시,2021-05-19,11760
태백시,2021-05-20,9216
태백시,2021-05-21,10020
태백시,2021-05-22,14164
태백시,2021-05-23,12386
태백시,2021-05-24,9338
태백시,2021-05-25,9782
태백시,2021-05-26,9786
태백시,2021-05-27,9754
태백시,2021-05-28,9894
태백시,2021-05-29,13902
태백시,2021-05-30,13150
태백시,2021-05-31,9058
태백시,2021-06-01,7805
태백시,2021-06-02,8092
태백시,2021-06-03,7976
태백시,2021-06-04,9580
태백시,2021-06-05,15267
태백시,2021-06-06,12274
태백시,2021-06-07,8666
태백시,2021-06-08,9068
태백시,2021-06-09,9544
태백시,2021-06-10,9576
태백시,2021-06-11,10619
태백시,2021-06-12,15435
태백시,2021-06-13,13528
태백시,2021-06-14,9814
태백시,2021-06-15,10815
태백시,2021-06-16,10098
태백시,2021-06-17,10983
태백시,2021-06-18,12425
태백시,2021-06-19,16807
태백시,2021-06-20,15096
태백시,2021-06-21,10238
태백시,2021-06-22,10398
태백시,2021-06-23,11148
태백시,2021-06-24,12061
태백시,2021-06-25,14126
태백시,2021-06-26,16667
태백시,2021-06-27,15432
태백시,2021-06-28,11330
태백시,2021-06-29,11501
태백시,2021-06-30,12610
태백시,2021-07-01,11288
태백시,2021-07-02,13380
태백시,2021-07-03,15561
태백시,2021-07-04,14080
태백시,2021-07-05,12582
태백시,2021-07-06,11690
태백시,2021-07-07,10696
태백시,2021-07-08,10868
태백시,2021-07-09,11330
태백시,2021-07-10,14598
태백시,2021-07-11,13902
태백시,2021-07-12,10122
태백시,2021-07-13,10952
태백시,2021-07-14,11249
태백시,2021-07-15,11837
태백시,2021-07-16,13842
태백시,2021-07-17,17504
태백시,2021-07-18,16930
태백시,2021-07-19,13160
태백시,2021-07-20,14000
태백시,2021-07-21,14161
태백시,2021-07-22,14595
태백시,2021-07-23,15880
태백시,2021-07-24,19604
태백시,2021-07-25,19344
태백시,2021-07-26,14010
태백시,2021-07-27,14973
태백시,2021-07-28,15816
태백시,2021-07-29,17199
태백시,2021-07-30,20248
태백시,2021-07-31,27128
태백시,2021-08-01,23345
태백시,2021-08-02,20937
태백시,2021-08-03,20030
태백시,2021-08-04,17682
태백시,2021-08-05,18218
태백시,2021-08-06,18876
태백시,2021-08-07,17829
태백시,2021-08-08,18816
태백시,2021-08-09,13972
태백시,2021-08-10,14910
태백시,2021-08-11,15040
태백시,2021-08-12,14990
태백시,2021-08-13,17969
태백시,2021-08-14,23009
태백시,2021-08-15,26803
태백시,2021-08-16,19750
태백시,2021-08-17,13888
태백시,2021-08-18,13531
태백시,2021-08-19,13192
태백시,2021-08-20,14696
태백시,2021-08-21,14294
태백시,2021-08-22,15292
태백시,2021-08-23,11938
태백시,2021-08-24,12548
태백시,2021-08-25,12796
태백시,2021-08-26,13198
태백시,2021-08-27,13846
태백시,2021-08-28,17927
태백시,2021-08-29,16936
태백시,2021-08-30,12240
태백시,2021-08-31,11872
태백시,2021-09-01,8886
태백시,2021-09-02,10454
태백시,2021-09-03,12901
태백시,2021-09-04,16664
태백시,2021-09-05,16104
태백시,2021-09-06,9580
태백시,2021-09-07,9282
태백시,2021-09-08,10500
태백시,2021-09-09,11778
태백시,2021-09-10,12012
태백시,2021-09-11,15788
태백시,2021-09-12,13559
태백시,2021-09-13,9650
태백시,2021-09-14,11543
태백시,2021-09-15,12411
태백시,2021-09-16,11550
태백시,2021-09-17,12670
태백시,2021-09-18,22106
태백시,2021-09-19,32473
태백시,2021-09-20,35794
태백시,2021-09-21,32582
태백시,2021-09-22,20601
태백시,2021-09-23,13352
태백시,2021-09-24,13380
태백시,2021-09-25,15225
태백시,2021-09-26,14990
태백시,2021-09-27,13300
태백시,2021-09-28,13622
태백시,2021-09-29,11998
태백시,2021-09-30,12478
태백시,2021-10-01,9982
태백시,2021-10-02,15365
태백시,2021-10-03,17297
태백시,2021-10-04,11750
태백시,2021-10-05,9636
태백시,2021-10-06,9002
태백시,2021-10-07,9516
태백시,2021-10-08,11200
태백시,2021-10-09,18263
태백시,2021-10-10,21494
태백시,2021-10-11,12845
태백시,2021-10-12,9538
태백시,2021-10-13,10482
태백시,2021-10-14,11109
태백시,2021-10-15,12397
태백시,2021-10-16,14980
태백시,2021-10-17,14822
태백시,2021-10-18,10227
태백시,2021-10-19,9880
태백시,2021-10-20,10087
태백시,2021-10-21,10280
태백시,2021-10-22,13030
태백시,2021-10-23,17969
태백시,2021-10-24,17118
태백시,2021-10-25,12859
태백시,2021-10-26,11347
태백시,2021-10-27,11302
태백시,2021-10-28,11764
태백시,2021-10-29,12824
태백시,2021-10-30,18252
태백시,2021-10-31,16877
태백시,2021-11-01,9198
태백시,2021-11-02,9768
태백시,2021-11-03,10157
태백시,2021-11-04,10409
태백시,2021-11-05,12590
태백시,2021-11-06,16226
태백시,2021-11-07,14861
태백시,2021-11-08,8032
태백시,2021-11-09,8694
태백시,2021-11-10,8726
태백시,2021-11-11,9919
태백시,2021-11-12,11448
태백시,2021-11-13,14990
태백시,2021-11-14,13587
태백시,2021-11-15,10154
태백시,2021-11-16,9562
태백시,2021-11-17,9422
태백시,2021-11-18,9660
태백시,2021-11-19,10874
태백시,2021-11-20,14847
태백시,2021-11-21,12582
태백시,2021-11-22,9286
태백시,2021-11-23,9646
태백시,2021-11-24,9468
태백시,2021-11-25,11263
태백시,2021-11-26,11319
태백시,2021-11-27,14595
태백시,2021-11-28,13562
태백시,2021-11-29,9947
태백시,2021-11-30,8788
태백시,2021-12-01,8764
태백시,2021-12-02,9230
태백시,2021-12-03,12246
태백시,2021-12-04,15424
태백시,2021-12-05,17696
태백시,2021-12-06,11078
태백시,2021-12-07,11182
태백시,2021-12-08,10986
태백시,2021-12-09,10860
태백시,2021-12-10,11974
태백시,2021-12-11,15260
태백시,2021-12-12,13738
태백시,2021-12-13,9768
태백시,2021-12-14,10244
태백시,2021-12-15,10678
태백시,2021-12-16,10868
태백시,2021-12-17,12495
태백시,2021-12-18,14014
태백시,2021-12-19,13430
태백시,2021-12-20,11084
태백시,2021-12-21,11522
태백시,2021-12-22,11812
태백시,2021-12-23,11823
태백시,2021-12-24,13398
태백시,2021-12-25,16776
태백시,2021-12-26,14322
태백시,2021-12-27,11935
태백시,2021-12-28,12498
태백시,2021-12-29,12478
태백시,2021-12-30,14172
태백시,2021-12-31,17840
태백시,2022-01-01,19898
태백시,2022-01-02,14070
태백시,2022-01-03,8214
태백시,2022-01-04,8736
태백시,2022-01-05,9611
태백시,2022-01-06,9002
태백시,2022-01-07,10423
태백시,2022-01-08,15816
태백시,2022-01-09,14522
태백시,2022-01-10,9544
태백시,2022-01-11,9992
태백시,2022-01-12,9300
태백시,2022-01-13,9986
태백시,2022-01-14,11372
태백시,2022-01-15,19334
태백시,2022-01-16,15824
태백시,2022-01-17,10290
태백시,2022-01-18,10500
태백시,2022-01-19,10255
태백시,2022-01-20,9902
태백시,2022-01-21,11826
태백시,2022-01-22,18396
태백시,2022-01-23,16121
태백시,2022-01-24,10356
태백시,2022-01-25,11634
태백시,2022-01-26,10640
태백시,2022-01-27,11126
태백시,2022-01-28,13192
태백시,2022-01-29,21840
태백시,2022-01-30,29152
태백시,2022-01-31,29407
태백시,2022-02-01,24129
태백시,2022-02-02,17192
태백시,2022-02-03,11333
태백시,2022-02-04,11396
태백시,2022-02-05,14928
태백시,2022-02-06,12092
태백시,2022-02-07,9842
태백시,2022-02-08,10311
태백시,2022-02-09,10882
태백시,2022-02-10,10941
태백시,2022-02-11,11616
태백시,2022-02-12,16408
태백시,2022-02-13,14570
태백시,2022-02-14,10570
태백시,2022-02-15,10658
태백시,2022-02-16,10252
태백시,2022-02-17,10255
태백시,2022-02-18,11470
태백시,2022-02-19,15701
태백시,2022-02-20,13814
태백시,2022-02-21,9804
태백시,2022-02-22,10532
태백시,2022-02-23,10668
태백시,2022-02-24,10710
태백시,2022-02-25,11820
태백시,2022-02-26,14924
태백시,2022-02-27,14934
태백시,2022-02-28,12096
태백시,2022-03-01,10535
태백시,2022-03-02,9891
태백시,2022-03-03,10146
태백시,2022-03-04,10952
태백시,2022-03-05,12814
태백시,2022-03-06,10266
태백시,2022-03-07,9450
태백시,2022-03-08,10430
태백시,2022-03-09,9986
태백시,2022-03-10,10580
태백시,2022-03-11,11406
태백시,2022-03-12,12215
태백시,2022-03-13,10104
태백시,2022-03-14,11140
태백시,2022-03-15,13030
태백시,2022-03-16,13293
태백시,2022-03-17,13356
태백시,2022-03-18,13226
태백시,2022-03-19,14284
태백시,2022-03-20,15628
태백시,2022-03-21,13174
태백시,2022-03-22,13279
태백시,2022-03-23,12604
태백시,2022-03-24,12526
태백시,2022-03-25,15236
태백시,2022-03-26,14301
태백시,2022-03-27,14774
태백시,2022-03-28,13804
태백시,2022-03-29,14210
태백시,2022-03-30,13730
태백시,2022-03-31,12915
태백시,2022-04-01,10532
태백시,2022-04-02,12744
태백시,2022-04-03,11788
태백시,2022-04-04,9849
태백시,2022-04-05,11084
태백시,2022-04-06,9947
태백시,2022-04-07,10140
태백시,2022-04-08,11697
태백시,2022-04-09,14427
태백시,2022-04-10,13136
태백시,2022-04-11,10647
태백시,2022-04-12,11176
태백시,2022-04-13,9856
태백시,2022-04-14,10462
태백시,2022-04-15,14441
태백시,2022-04-16,16026
태백시,2022-04-17,14962
태백시,2022-04-18,11774
태백시,2022-04-19,12110
태백시,2022-04-20,14266
태백시,2022-04-21,13895
태백시,2022-04-22,15183
태백시,2022-04-23,19047
태백시,2022-04-24,17731
태백시,2022-04-25,16100
태백시,2022-04-26,14343
태백시,2022-04-27,15176
태백시,2022-04-28,15978
태백시,2022-04-29,15592
태백시,2022-04-30,20380
태백시,2022-05-01,15102
태백시,2022-05-02,9618
태백시,2022-05-03,10594
태백시,2022-05-04,12523
태백시,2022-05-05,24112
태백시,2022-05-06,22228
태백시,2022-05-07,25179
태백시,2022-05-08,21924
태백시,2022-05-09,10980
태백시,2022-05-10,11375
태백시,2022-05-11,11252
태백시,2022-05-12,11375
태백시,2022-05-13,12786
태백시,2022-05-14,19152
태백시,2022-05-15,22060
태백시,2022-05-16,11235
태백시,2022-05-17,11588
태백시,2022-05-18,11382
태백시,2022-05-19,11487
태백시,2022-05-20,13702
태백시,2022-05-21,18410
태백시,2022-05-22,17052
태백시,2022-05-23,11162
태백시,2022-05-24,11998
태백시,2022-05-25,13020
태백시,2022-05-26,12114
태백시,2022-05-27,13254
태백시,2022-05-28,18484
태백시,2022-05-29,16516
태백시,2022-05-30,11060
태백시,2022-05-31,12054
태백시,2022-06-01,11613
태백시,2022-06-02,10132
태백시,2022-06-03,12386
태백시,2022-06-04,23555
태백시,2022-06-05,28808
태백시,2022-06-06,15208
태백시,2022-06-07,9720
태백시,2022-06-08,10336
태백시,2022-06-09,10689
태백시,2022-06-10,11644
태백시,2022-06-11,15110
태백시,2022-06-12,14382
태백시,2022-06-13,10164
태백시,2022-06-14,10339
태백시,2022-06-15,10980
태백시,2022-06-16,11249
태백시,2022-06-17,16751
태백시,2022-06-18,18235
태백시,2022-06-19,16877
태백시,2022-06-20,10472
태백시,2022-06-21,11375
태백시,2022-06-22,11036
태백시,2022-06-23,11322
태백시,2022-06-24,12138
태백시,2022-06-25,19106
태백시,2022-06-26,16800
태백시,2022-06-27,9902
태백시,2022-06-28,10462
태백시,2022-06-29,10304
태백시,2022-06-30,10318
태백시,2022-07-01,12159
태백시,2022-07-02,17850
태백시,2022-07-03,16247
태백시,2022-07-04,12509
태백시,2022-07-05,14588
태백시,2022-07-06,12968
태백시,2022-07-07,13114
태백시,2022-07-08,14756
태백시,2022-07-09,18840
태백시,2022-07-10,18070
태백시,2022-07-11,12414
태백시,2022-07-12,13234
태백시,2022-07-13,11288
태백시,2022-07-14,11984
태백시,2022-07-15,14672
태백시,2022-07-16,18238
태백시,2022-07-17,17563
태백시,2022-07-18,14780
태백시,2022-07-19,14945
태백시,2022-07-20,15547
태백시,2022-07-21,15022
태백시,2022-07-22,17188
태백시,2022-07-23,23846
태백시,2022-07-24,20951
태백시,2022-07-25,18630
태백시,2022-07-26,18571
태백시,2022-07-27,20268
태백시,2022-07-28,21784
태백시,2022-07-29,26544
태백시,2022-07-30,38566
태백시,2022-07-31,36424
태백시,2022-08-01,29484
태백시,2022-08-02,27044
태백시,2022-08-03,23880
태백시,2022-08-04,24518
태백시,2022-08-05,27024
태백시,2022-08-06,30023
태백시,2022-08-07,25732
태백시,2022-08-08,17216
태백시,2022-08-09,15274
태백시,2022-08-10,14458
태백시,2022-08-11,15942
태백시,2022-08-12,21441
태백시,2022-08-13,32452
태백시,2022-08-14,31588
태백시,2022-08-15,27853
태백시,2022-08-16,17826
태백시,2022-08-17,17339
태백시,2022-08-18,18008
태백시,2022-08-19,18046
태백시,2022-08-20,21304
태백시,2022-08-21,22834
태백시,2022-08-22,16324
태백시,2022-08-23,15757
태백시,2022-08-24,15680
태백시,2022-08-25,17087
태백시,2022-08-26,17168
태백시,2022-08-27,22379
태백시,2022-08-28,20657
태백시,2022-08-29,14525
태백시,2022-08-30,13080
태백시,2022-08-31,13328
태백시,2022-09-01,10826
태백시,2022-09-02,11372
태백시,2022-09-03,14182
태백시,2022-09-04,10902
태백시,2022-09-05,8792
태백시,2022-09-06,7578
태백시,2022-09-07,10682
태백시,2022-09-08,14595
태백시,2022-09-09,29844
태백시,2022-09-10,39095
태백시,2022-09-11,31059
태백시,2022-09-12,18344
태백시,2022-09-13,11554
태백시,2022-09-14,11182
태백시,2022-09-15,12170
태백시,2022-09-16,12180
태백시,2022-09-17,15830
태백시,2022-09-18,14410
태백시,2022-09-19,10388
태백시,2022-09-20,11760
태백시,2022-09-21,12058
태백시,2022-09-22,12198
태백시,2022-09-23,13580
태백시,2022-09-24,17647
태백시,2022-09-25,19240
태백시,2022-09-26,10966
태백시,2022-09-27,11462
태백시,2022-09-28,11774
태백시,2022-09-29,12131
태백시,2022-09-30,13188
태백시,2022-10-01,22096
태백시,2022-10-02,22474
태백시,2022-10-03,16124
태백시,2022-10-04,9586
태백시,2022-10-05,11424
태백시,2022-10-06,11232
태백시,2022-10-07,13520
태백시,2022-10-08,23530
태백시,2022-10-09,24745
태백시,2022-10-10,17178
태백시,2022-10-11,12890
태백시,2022-10-12,12992
태백시,2022-10-13,14175
태백시,2022-10-14,15183
태백시,2022-10-15,21858
태백시,2022-10-16,21049
태백시,2022-10-17,13520
태백시,2022-10-18,14532
태백시,2022-10-19,14500
태백시,2022-10-20,14938
태백시,2022-10-21,16289
태백시,2022-10-22,22372
태백시,2022-10-23,19971
태백시,2022-10-24,13496
태백시,2022-10-25,14868
태백시,2022-10-26,14598
태백시,2022-10-27,15589
태백시,2022-10-28,15810
태백시,2022-10-29,21686
태백시,2022-10-30,19558
태백시,2022-10-31,13825
태백시,2022-11-01,11652
태백시,2022-11-02,11389
태백시,2022-11-03,12327
태백시,2022-11-04,13332
태백시,2022-11-05,19030
태백시,2022-11-06,17815
태백시,2022-11-07,13475
태백시,2022-11-08,13118
태백시,2022-11-09,13580
태백시,2022-11-10,13930
태백시,2022-11-11,15603
태백시,2022-11-12,18522
태백시,2022-11-13,16534
태백시,2022-11-14,13010
태백시,2022-11-15,13461
태백시,2022-11-16,12460
태백시,2022-11-17,13027
태백시,2022-11-18,14018
태백시,2022-11-19,17658
태백시,2022-11-20,15981
태백시,2022-11-21,11756
태백시,2022-11-22,11042
태백시,2022-11-23,11382
태백시,2022-11-24,13030
태백시,2022-11-25,15176
태백시,2022-11-26,16576
태백시,2022-11-27,15998
태백시,2022-11-28,11963
태백시,2022-11-29,12114
태백시,2022-11-30,11585
태백시,2022-12-01,7581
태백시,2022-12-02,8519
태백시,2022-12-03,11179
태백시,2022-12-04,10532
태백시,2022-12-05,8274
태백시,2022-12-06,7522
태백시,2022-12-07,7728
태백시,2022-12-08,8032
태백시,2022-12-09,9170
태백시,2022-12-10,12876
태백시,2022-12-11,11515
태백시,2022-12-12,7934
태백시,2022-12-13,7266
태백시,2022-12-14,6643
태백시,2022-12-15,7630
태백시,2022-12-16,8736
태백시,2022-12-17,12156
태백시,2022-12-18,10626
태백시,2022-12-19,8068
태백시,2022-12-20,9107
태백시,2022-12-21,6758
태백시,2022-12-22,8362
태백시,2022-12-23,9832
태백시,2022-12-24,14637
태백시,2022-12-25,14980
태백시,2022-12-26,10168
태백시,2022-12-27,10510
태백시,2022-12-28,10367
태백시,2022-12-29,11554
태백시,2022-12-30,14374
태백시,2022-12-31,20128
평창군,2021-01-01,41262
평창군,2021-01-02,37576
평창군,2021-01-03,24784
평창군,2021-01-04,15166
평창군,2021-01-05,16132
평창군,2021-01-06,15050
평창군,2021-01-07,13290
평창군,2021-01-08,17619
평창군,2021-01-09,28570
평창군,2021-01-10,28578
평창군,2021-01-11,16356
평창군,2021-01-12,16922
평창군,2021-01-13,17524
평창군,2021-01-14,20976
평창군,2021-01-15,26576
평창군,2021-01-16,45199
평창군,2021-01-17,40786
평창군,2021-01-18,18032
평창군,2021-01-19,19106
평창군,2021-01-20,21816
평창군,2021-01-21,21010
평창군,2021-01-22,27520
평창군,2021-01-23,50026
평창군,2021-01-24,52426
평창군,2021-01-25,25277
평창군,2021-01-26,21766
평창군,2021-01-27,22796
평창군,2021-01-28,19705
평창군,2021-01-29,27195
평창군,2021-01-30,53042
평창군,2021-01-31,51989
평창군,2021-02-01,18900
평창군,2021-02-02,17045
평창군,2021-02-03,17868
평창군,2021-02-04,18326
평창군,2021-02-05,26796
평창군,2021-02-06,46246
평창군,2021-02-07,44429
평창군,2021-02-08,21564
평창군,2021-02-09,20195
평창군,2021-02-10,29018
평창군,2021-02-11,57050
평창군,2021-02-12,80514
평창군,2021-02-13,80514
평창군,2021-02-14,44366
평창군,2021-02-15,21854
평창군,2021-02-16,19593
평창군,2021-02-17,19523
평창군,2021-02-18,21242
평창군,2021-02-19,31934
평창군,2021-02-20,55307
평창군,2021-02-21,53610
평창군,2021-02-22,28399
평창군,2021-02-23,24776
평창군,2021-02-24,24591
평창군,2021-02-25,26582
평창군,2021-02-26,37191
평창군,2021-02-27,72292
평창군,2021-02-28,90542
평창군,2021-03-01,50264
평창군,2021-03-02,18246
평창군,2021-03-03,17630
평창군,2021-03-04,17535
평창군,2021-03-05,24020
평창군,2021-03-06,34996
평창군,2021-03-07,36953
평창군,2021-03-08,17854
평창군,2021-03-09,17336
평창군,2021-03-10,17787
평창군,2021-03-11,16807
평창군,2021-03-12,20310
평창군,2021-03-13,37474
평창군,2021-03-14,34892
평창군,2021-03-15,17602
평창군,2021-03-16,17462
평창군,2021-03-17,18484
평창군,2021-03-18,19134
평창군,2021-03-19,25344
평창군,2021-03-20,35518
평창군,2021-03-21,34548
평창군,2021-03-22,19320
평창군,2021-03-23,18585
평창군,2021-03-24,19439
평창군,2021-03-25,20503
평창군,2021-03-26,27220
평창군,2021-03-27,38934
평창군,2021-03-28,32921
평창군,2021-03-29,20454
평창군,2021-03-30,20846
평창군,2021-03-31,20573
평창군,2021-04-01,18424
평창군,2021-04-02,25092
평창군,2021-04-03,35070
평창군,2021-04-04,31794
평창군,2021-04-05,20524
평창군,2021-04-06,19156
평창군,2021-04-07,19512
평창군,2021-04-08,20475
평창군,2021-04-09,30226
평창군,2021-04-10,58065
평창군,2021-04-11,52370
평창군,2021-04-12,20198
평창군,2021-04-13,17654
평창군,2021-04-14,20794
평창군,2021-04-15,22964
평창군,2021-04-16,30261
평창군,2021-04-17,52490
평창군,2021-04-18,50407
평창군,2021-04-19,26232
평창군,2021-04-20,23345
평창군,2021-04-21,22687
평창군,2021-04-22,24073
평창군,2021-04-23,34223
평창군,2021-04-24,60204
평창군,2021-04-25,56304
평창군,2021-04-26,27580
평창군,2021-04-27,26257
평창군,2021-04-28,24496
평창군,2021-04-29,24154
평창군,2021-04-30,33330
평창군,2021-05-01,55318
평창군,2021-05-02,62405
평창군,2021-05-03,34356
평창군,2021-05-04,31728
평창군,2021-05-05,48237
평창군,2021-05-06,36932
평창군,2021-05-07,42304
평창군,2021-05-08,60739
평창군,2021-05-09,54674
평창군,2021-05-10,24980
평창군,2021-05-11,25347
평창군,2021-05-12,26082
평창군,2021-05-13,27076
평창군,2021-05-14,38206
평창군,2021-05-15,55240
평창군,2021-05-16,42763
평창군,2021-05-17,22782
평창군,2021-05-18,33590
평창군,2021-05-19,53876
평창군,2021-05-20,29204
평창군,2021-05-21,34650
평창군,2021-05-22,71116
평창군,2021-05-23,63808
평창군,2021-05-24,28172
평창군,2021-05-25,24150
평창군,2021-05-26,27783
평창군,2021-05-27,23594
평창군,2021-05-28,31924
평창군,2021-05-29,66150
평창군,2021-05-30,63522
평창군,2021-05-31,26747
평창군,2021-06-01,21248
평창군,2021-06-02,23306
평창군,2021-06-03,21245
평창군,2021-06-04,35928
평창군,2021-06-05,70140
평창군,2021-06-06,65894
평창군,2021-06-07,29064
평창군,2021-06-08,25886
평창군,2021-06-09,26026
평창군,2021-06-10,27209
평창군,2021-06-11,36550
평창군,2021-06-12,74742
평창군,2021-06-13,69769
평창군,2021-06-14,32256
평창군,2021-06-15,27248
평창군,2021-06-16,24976
평창군,2021-06-17,29400
평창군,2021-06-18,41811
평창군,2021-06-19,82576
평창군,2021-06-20,76766
평창군,2021-06-21,34699
평창군,2021-06-22,30695
평창군,2021-06-23,32218
평창군,2021-06-24,35504
평창군,2021-06-25,51744
평창군,2021-06-26,77784
평창군,2021-06-27,79800
평창군,2021-06-28,40523
평창군,2021-06-29,33117
평창군,2021-06-30,33264
평창군,2021-07-01,33936
평창군,2021-07-02,50026
평창군,2021-07-03,69972
평창군,2021-07-04,57768
평창군,2021-07-05,34090
평창군,2021-07-06,32284
평창군,2021-07-07,29869
평창군,2021-07-08,29414
평창군,2021-07-09,43698
평창군,2021-07-10,71239
평창군,2021-07-11,69136
평창군,2021-07-12,38367
평창군,2021-07-13,35644
평창군,2021-07-14,38756
평창군,2021-07-15,41206
평창군,2021-07-16,57834
평창군,2021-07-17,81585
평창군,2021-07-18,77528
평창군,2021-07-19,44342
평창군,2021-07-20,40754
평창군,2021-07-21,43344
평창군,2021-07-22,46802
평창군,2021-07-23,59980
평창군,2021-07-24,83741
평창군,2021-07-25,85278
평창군,2021-07-26,57316
평창군,2021-07-27,54442
평창군,2021-07-28,59314
평창군,2021-07-29,66619
평창군,2021-07-30,79506
평창군,2021-07-31,105388
평창군,2021-08-01,99362
평창군,2021-08-02,79905
평창군,2021-08-03,77084
평창군,2021-08-04,69808
평창군,2021-08-05,68173
평창군,2021-08-06,74070
평창군,2021-08-07,74256
평창군,2021-08-08,85390
평창군,2021-08-09,51597
평창군,2021-08-10,51555
평창군,2021-08-11,52028
평창군,2021-08-12,55408
평창군,2021-08-13,66661
평창군,2021-08-14,95554
평창군,2021-08-15,112780
평창군,2021-08-16,83066
평창군,2021-08-17,47355
평창군,2021-08-18,43337
평창군,2021-08-19,43586
평창군,2021-08-20,52672
평창군,2021-08-21,61075
평창군,2021-08-22,68187
평창군,2021-08-23,39070
평창군,2021-08-24,30908
평창군,2021-08-25,32060
평창군,2021-08-26,37429
평창군,2021-08-27,43841
평창군,2021-08-28,74571
평창군,2021-08-29,69209
평창군,2021-08-30,37975
평창군,2021-08-31,28854
평창군,2021-09-01,20034
평창군,2021-09-02,27559
평창군,2021-09-03,41265
평창군,2021-09-04,74487
평창군,2021-09-05,67557
평창군,2021-09-06,30208
평창군,2021-09-07,21364
평창군,2021-09-08,25858
평창군,2021-09-09,31409
평창군,2021-09-10,40838
평창군,2021-09-11,70616
평창군,2021-09-12,63998
평창군,2021-09-13,31661
평창군,2021-09-14,28626
평창군,2021-09-15,27940
평창군,2021-09-16,26268
평창군,2021-09-17,30079
평창군,2021-09-18,69335
평창군,2021-09-19,102683
평창군,2021-09-20,114600
평창군,2021-09-21,96016
평창군,2021-09-22,61971
평창군,2021-09-23,39980
평창군,2021-09-24,40554
평창군,2021-09-25,57694
평창군,2021-09-26,55741
평창군,2021-09-27,30552
평창군,2021-09-28,28514
평창군,2021-09-29,22802
평창군,2021-09-30,28872
평창군,2021-10-01,36554
평창군,2021-10-02,79548
평창군,2021-10-03,95718
평창군,2021-10-04,58628
평창군,2021-10-05,25704
평창군,2021-10-06,22463
평창군,2021-10-07,26775
평창군,2021-10-08,41024
평창군,2021-10-09,89089
평창군,2021-10-10,104814
평창군,2021-10-11,64708
평창군,2021-10-12,32788
평창군,2021-10-13,32452
평창군,2021-10-14,36208
평창군,2021-10-15,42770
평창군,2021-10-16,73804
평창군,2021-10-17,75386
평창군,2021-10-18,39442
평창군,2021-10-19,32851
평창군,2021-10-20,35088
평창군,2021-10-21,36760
평창군,2021-10-22,49357
평창군,2021-10-23,87378
평창군,2021-10-24,79776
평창군,2021-10-25,39326
평창군,2021-10-26,37107
평창군,2021-10-27,36113
평창군,2021-10-28,37258
평창군,2021-10-29,49788
평창군,2021-10-30,83794
평창군,2021-10-31,77564
평창군,2021-11-01,31560
평창군,2021-11-02,28612
평창군,2021-11-03,27730
평창군,2021-11-04,29953
평창군,2021-11-05,44236
평창군,2021-11-06,75145
평창군,2021-11-07,66076
평창군,2021-11-08,23958
평창군,2021-11-09,20934
평창군,2021-11-10,21525
평창군,2021-11-11,25214
평창군,2021-11-12,37891
평창군,2021-11-13,64992
평창군,2021-11-14,58135
평창군,2021-11-15,26866
평창군,2021-11-16,24090
평창군,2021-11-17,24514
평창군,2021-11-18,26054
평창군,2021-11-19,37762
평창군,2021-11-20,61932
평창군,2021-11-21,54260
평창군,2021-11-22,25354
평창군,2021-11-23,22155
평창군,2021-11-24,22176
평창군,2021-11-25,25274
평창군,2021-11-26,36802
평창군,2021-11-27,61607
평창군,2021-11-28,57474
평창군,2021-11-29,26940
평창군,2021-11-30,19236
평창군,2021-12-01,18344
평창군,2021-12-02,21564
평창군,2021-12-03,34783
평창군,2021-12-04,59644
평창군,2021-12-05,57302
평창군,2021-12-06,26968
평창군,2021-12-07,23174
평창군,2021-12-08,23412
평창군,2021-12-09,24966
평창군,2021-12-10,37142
평창군,2021-12-11,64379
평창군,2021-12-12,60298
평창군,2021-12-13,28102
평창군,2021-12-14,25022
평창군,2021-12-15,23048
평창군,2021-12-16,27114
평창군,2021-12-17,40257
평창군,2021-12-18,60050
평창군,2021-12-19,58373
평창군,2021-12-20,33764
평창군,2021-12-21,31801
평창군,2021-12-22,32473
평창군,2021-12-23,33946
평창군,2021-12-24,49168
평창군,2021-12-25,70304
평창군,2021-12-26,68268
평창군,2021-12-27,44020
평창군,2021-12-28,42878
평창군,2021-12-29,43236
평창군,2021-12-30,49094
평창군,2021-12-31,69864
평창군,2022-01-01,99894
평창군,2022-01-02,65982
평창군,2022-01-03,32280
평창군,2022-01-04,29788
평창군,2022-01-05,29344
평창군,2022-01-06,32144
평창군,2022-01-07,43666
평창군,2022-01-08,70864
평창군,2022-01-09,66804
평창군,2022-01-10,37846
평창군,2022-01-11,32932
평창군,2022-01-12,32158
평창군,2022-01-13,33936
평창군,2022-01-14,47404
평창군,2022-01-15,75047
평창군,2022-01-16,72782
평창군,2022-01-17,41349
평창군,2022-01-18,35836
평창군,2022-01-19,32826
평창군,2022-01-20,35623
평창군,2022-01-21,49108
평창군,2022-01-22,78260
평창군,2022-01-23,74036
평창군,2022-01-24,40344
평창군,2022-01-25,34500
평창군,2022-01-26,32984
평창군,2022-01-27,33663
평창군,2022-01-28,43477
평창군,2022-01-29,72079
평창군,2022-01-30,96012
평창군,2022-01-31,100062
평창군,2022-02-01,79684
평창군,2022-02-02,56812
평창군,2022-02-03,39333
평창군,2022-02-04,42382
평창군,2022-02-05,58362
평창군,2022-02-06,51590
평창군,2022-02-07,29561
평창군,2022-02-08,27615
평창군,2022-02-09,28640
평창군,2022-02-10,30968
평창군,2022-02-11,41674
평창군,2022-02-12,67347
평창군,2022-02-13,63686
평창군,2022-02-14,34342
평창군,2022-02-15,30114
평창군,2022-02-16,27958
평창군,2022-02-17,28780
평창군,2022-02-18,40520
평창군,2022-02-19,65576
평창군,2022-02-20,61044
평창군,2022-02-21,33100
평창군,2022-02-22,29813
평창군,2022-02-23,28490
평창군,2022-02-24,31269
평창군,2022-02-25,38532
평창군,2022-02-26,63438
평창군,2022-02-27,69828
평창군,2022-02-28,49336
평창군,2022-03-01,36802
평창군,2022-03-02,17675
평창군,2022-03-03,18403
평창군,2022-03-04,23600
평창군,2022-03-05,37440
평창군,2022-03-06,34520
평창군,2022-03-07,18158
평창군,2022-03-08,18802
평창군,2022-03-09,21732
평창군,2022-03-10,17804
평창군,2022-03-11,22414
평창군,2022-03-12,35738
평창군,2022-03-13,27832
평창군,2022-03-14,15796
평창군,2022-03-15,17787
평창군,2022-03-16,17997
평창군,2022-03-17,16748
평창군,2022-03-18,21770
평창군,2022-03-19,39270
평창군,2022-03-20,42322
평창군,2022-03-21,19992
평창군,2022-03-22,18162
평창군,2022-03-23,17437
평창군,2022-03-24,18242
평창군,2022-03-25,23636
평창군,2022-03-26,31990
평창군,2022-03-27,37184
평창군,2022-03-28,21665
평창군,2022-03-29,20986
평창군,2022-03-30,19604
평창군,2022-03-31,18550
평창군,2022-04-01,27072
평창군,2022-04-02,45496
평창군,2022-04-03,43158
평창군,2022-04-04,21116
평창군,2022-04-05,21046
평창군,2022-04-06,20713
평창군,2022-04-07,21728
평창군,2022-04-08,32270
평창군,2022-04-09,53949
평창군,2022-04-10,49032
평창군,2022-04-11,24675
평창군,2022-04-12,23348
평창군,2022-04-13,17528
평창군,2022-04-14,20426
평창군,2022-04-15,32854
평창군,2022-04-16,56724
평창군,2022-04-17,53434
평창군,2022-04-18,27010
평창군,2022-04-19,25599
평창군,2022-04-20,25543
평창군,2022-04-21,27142
평창군,2022-04-22,36816
평창군,2022-04-23,61260
평창군,2022-04-24,55804
평창군,2022-04-25,28987
평창군,2022-04-26,25270
평창군,2022-04-27,30394
평창군,2022-04-28,29810
평창군,2022-04-29,37387
평창군,2022-04-30,66556
평창군,2022-05-01,56091
평창군,2022-05-02,24686
평창군,2022-05-03,24762
평창군,2022-05-04,35494
평창군,2022-05-05,79334
평창군,2022-05-06,76580
평창군,2022-05-07,87584
평창군,2022-05-08,63504
평창군,2022-05-09,27534
평창군,2022-05-10,27349
평창군,2022-05-11,26380
평창군,2022-05-12,27790
평창군,2022-05-13,38913
평창군,2022-05-14,67364
평창군,2022-05-15,63798
평창군,2022-05-16,30944
평창군,2022-05-17,29407
평창군,2022-05-18,27818
평창군,2022-05-19,28980
평창군,2022-05-20,43463
평창군,2022-05-21,73311
평창군,2022-05-22,67252
평창군,2022-05-23,32704
평창군,2022-05-24,30306
평창군,2022-05-25,29746
평창군,2022-05-26,30051
평창군,2022-05-27,41265
평창군,2022-05-28,70385
평창군,2022-05-29,66437
평창군,2022-05-30,32585
평창군,2022-05-31,36088
평창군,2022-06-01,43312
평창군,2022-06-02,34391
평창군,2022-06-03,48982
평창군,2022-06-04,101252
평창군,2022-06-05,113158
평창군,2022-06-06,70564
평창군,2022-06-07,28178
평창군,2022-06-08,26548
평창군,2022-06-09,27699
평창군,2022-06-10,41034
평창군,2022-06-11,67638
평창군,2022-06-12,65594
평창군,2022-06-13,31686
평창군,2022-06-14,28070
평창군,2022-06-15,25680
평창군,2022-06-16,31014
평창군,2022-06-17,46714
평창군,2022-06-18,78158
평창군,2022-06-19,71939
평창군,2022-06-20,35609
평창군,2022-06-21,36284
평창군,2022-06-22,37664
평창군,2022-06-23,35623
평창군,2022-06-24,45812
평창군,2022-06-25,79009
평창군,2022-06-26,72244
평창군,2022-06-27,34657
평창군,2022-06-28,29869
평창군,2022-06-29,27436
평창군,2022-06-30,26750
평창군,2022-07-01,43855
평창군,2022-07-02,74487
평창군,2022-07-03,71645
평창군,2022-07-04,35553
평창군,2022-07-05,33103
평창군,2022-07-06,30646
평창군,2022-07-07,32476
평창군,2022-07-08,47103
평창군,2022-07-09,79860
평창군,2022-07-10,76909
평창군,2022-07-11,36334
평창군,2022-07-12,35896
평창군,2022-07-13,31314
평창군,2022-07-14,34951
평창군,2022-07-15,55822
평창군,2022-07-16,76300
평창군,2022-07-17,74434
평창군,2022-07-18,44093
평창군,2022-07-19,41548
평창군,2022-07-20,43138
평창군,2022-07-21,46428
평창군,2022-07-22,62856
평창군,2022-07-23,88106
평창군,2022-07-24,84346
평창군,2022-07-25,62170
평창군,2022-07-26,62699
평창군,2022-07-27,65572
평창군,2022-07-28,71326
평창군,2022-07-29,87700
평창군,2022-07-30,126234
평창군,2022-07-31,122560
평창군,2022-08-01,92796
평창군,2022-08-02,86180
평창군,2022-08-03,78169
평창군,2022-08-04,73924
평창군,2022-08-05,83752
평창군,2022-08-06,97104
평창군,2022-08-07,93698
평창군,2022-08-08,56854
평창군,2022-08-09,46616
평창군,2022-08-10,44625
평창군,2022-08-11,47772
평창군,2022-08-12,71382
평창군,2022-08-13,112826
평창군,2022-08-14,113648
평창군,2022-08-15,92032
평창군,2022-08-16,57368
평창군,2022-08-17,54481
평창군,2022-08-18,55356
평창군,2022-08-19,58586
평창군,2022-08-20,79810
평창군,2022-08-21,84133
평창군,2022-08-22,51244
평창군,2022-08-23,43673
평창군,2022-08-24,42315
평창군,2022-08-25,44646
평창군,2022-08-26,56480
평창군,2022-08-27,94308
평창군,2022-08-28,88574
평창군,2022-08-29,44166
평창군,2022-08-30,32396
평창군,2022-08-31,28934
평창군,2022-09-01,30947
평창군,2022-09-02,41058
평창군,2022-09-03,65723
평창군,2022-09-04,47670
평창군,2022-09-05,18186
평창군,2022-09-06,14448
평창군,2022-09-07,24420
평창군,2022-09-08,36645
평창군,2022-09-09,90402
평창군,2022-09-10,121174
평창군,2022-09-11,107240
평창군,2022-09-12,64256
평창군,2022-09-13,30580
평창군,2022-09-14,27181
평창군,2022-09-15,30093
평창군,2022-09-16,38406
평창군,2022-09-17,60980
평창군,2022-09-18,56710
평창군,2022-09-19,28298
평창군,2022-09-20,29782
평창군,2022-09-21,30804
평창군,2022-09-22,33936
평창군,2022-09-23,44338
평창군,2022-09-24,73395
평창군,2022-09-25,69710
평창군,2022-09-26,35602
평창군,2022-09-27,33194
평창군,2022-09-28,33068
평창군,2022-09-29,34286
평창군,2022-09-30,45224
평창군,2022-10-01,90786
평창군,2022-10-02,98640
평창군,2022-10-03,59787
평창군,2022-10-04,22575
평창군,2022-10-05,24286
평창군,2022-10-06,28200
평창군,2022-10-07,41083
평창군,2022-10-08,91850
평창군,2022-10-09,95641
평창군,2022-10-10,62202
평창군,2022-10-11,32512
평창군,2022-10-12,33666
평창군,2022-10-13,35301
평창군,2022-10-14,46694
평창군,2022-10-15,81280
평창군,2022-10-16,81714
평창군,2022-10-17,41041
평창군,2022-10-18,43138
평창군,2022-10-19,42343
평창군,2022-10-20,43774
평창군,2022-10-21,56262
평창군,2022-10-22,92008
평창군,2022-10-23,80476
평창군,2022-10-24,40358
평창군,2022-10-25,38297
평창군,2022-10-26,40050
평창군,2022-10-27,41608
평창군,2022-10-28,54593
평창군,2022-10-29,83748
평창군,2022-10-30,76220
평창군,2022-10-31,34772
평창군,2022-11-01,26296
평창군,2022-11-02,26856
평창군,2022-11-03,29302
평창군,2022-11-04,42578
평창군,2022-11-05,69902
평창군,2022-11-06,61033
평창군,2022-11-07,27097
평창군,2022-11-08,25242
평창군,2022-11-09,24734
평창군,2022-11-10,26862
평창군,2022-11-11,38224
평창군,2022-11-12,60344
평창군,2022-11-13,49259
평창군,2022-11-14,24196
평창군,2022-11-15,24602
평창군,2022-11-16,23908
평창군,2022-11-17,27881
평창군,2022-11-18,38647
평창군,2022-11-19,58086
평창군,2022-11-20,57176
평창군,2022-11-21,26456
평창군,2022-11-22,22736
평창군,2022-11-23,21770
평창군,2022-11-24,24868
평창군,2022-11-25,34878
평창군,2022-11-26,54120
평창군,2022-11-27,51660
평창군,2022-11-28,24934
평창군,2022-11-29,20716
평창군,2022-11-30,20867
평창군,2022-12-01,19316
평창군,2022-12-02,33614
평창군,2022-12-03,52339
평창군,2022-12-04,49777
평창군,2022-12-05,26302
평창군,2022-12-06,22348
평창군,2022-12-07,24426
평창군,2022-12-08,26502
평창군,2022-12-09,39361
평창군,2022-12-10,62552
평창군,2022-12-11,60697
평창군,2022-12-12,30656
평창군,2022-12-13,25848
평창군,2022-12-14,24636
평창군,2022-12-15,26436
평창군,2022-12-16,42368
평창군,2022-12-17,62702
평창군,2022-12-18,61502
평창군,2022-12-19,35046
평창군,2022-12-20,33562
평창군,2022-12-21,28812
평창군,2022-12-22,33929
평창군,2022-12-23,45059
평창군,2022-12-24,67316
평창군,2022-12-25,68324
평창군,2022-12-26,47100
평창군,2022-12-27,43802
평창군,2022-12-28,44566
평창군,2022-12-29,50078
평창군,2022-12-30,69150
평창군,2022-12-31,89274
홍천군,2021-01-01,34822
홍천군,2021-01-02,33663
홍천군,2021-01-03,22988
홍천군,2021-01-04,15309
홍천군,2021-01-05,14956
홍천군,2021-01-06,14760
홍천군,2021-01-07,11725
홍천군,2021-01-08,15410
홍천군,2021-01-09,23188
홍천군,2021-01-10,22460
홍천군,2021-01-11,16198
홍천군,2021-01-12,16516
홍천군,2021-01-13,16352
홍천군,2021-01-14,19688
홍천군,2021-01-15,23429
홍천군,2021-01-16,37824
홍천군,2021-01-17,33145
홍천군,2021-01-18,14714
홍천군,2021-01-19,17052
홍천군,2021-01-20,19534
홍천군,2021-01-21,19680
홍천군,2021-01-22,24952
홍천군,2021-01-23,41906
홍천군,2021-01-24,42014
홍천군,2021-01-25,22659
홍천군,2021-01-26,20272
홍천군,2021-01-27,19660
홍천군,2021-01-28,17210
홍천군,2021-01-29,22673
홍천군,2021-01-30,39802
홍천군,2021-01-31,38472
홍천군,2021-02-01,17689
홍천군,2021-02-02,16950
홍천군,2021-02-03,17003
홍천군,2021-02-04,15824
홍천군,2021-02-05,23191
홍천군,2021-02-06,40366
홍천군,2021-02-07,45346
홍천군,2021-02-08,20699
홍천군,2021-02-09,21315
홍천군,2021-02-10,28906
홍천군,2021-02-11,56161
홍천군,2021-02-12,75145
홍천군,2021-02-13,68282
홍천군,2021-02-14,39676
홍천군,2021-02-15,21452
홍천군,2021-02-16,19215
홍천군,2021-02-17,18638
홍천군,2021-02-18,21438
홍천군,2021-02-19,27986
홍천군,2021-02-20,45174
홍천군,2021-02-21,45409
홍천군,2021-02-22,26971
홍천군,2021-02-23,24241
홍천군,2021-02-24,24815
홍천군,2021-02-25,25882
홍천군,2021-02-26,33124
홍천군,2021-02-27,60980
홍천군,2021-02-28,70315
홍천군,2021-03-01,33876
홍천군,2021-03-02,14682
홍천군,2021-03-03,16124
홍천군,2021-03-04,17927
홍천군,2021-03-05,24542
홍천군,2021-03-06,38378
홍천군,2021-03-07,35340
홍천군,2021-03-08,21794
홍천군,2021-03-09,21514
홍천군,2021-03-10,22012
홍천군,2021-03-11,22841
홍천군,2021-03-12,27674
홍천군,2021-03-13,48464
홍천군,2021-03-14,43830
홍천군,2021-03-15,24462
홍천군,2021-03-16,23902
홍천군,2021-03-17,24076
홍천군,2021-03-18,25596
홍천군,2021-03-19,34058
홍천군,2021-03-20,46378
홍천군,2021-03-21,44482
홍천군,2021-03-22,26072
홍천군,2021-03-23,25060
홍천군,2021-03-24,25302
홍천군,2021-03-25,26684
홍천군,2021-03-26,35438
홍천군,2021-03-27,49892
홍천군,2021-03-28,42094
홍천군,2021-03-29,26684
홍천군,2021-03-30,26194
홍천군,2021-03-31,27643
홍천군,2021-04-01,23401
홍천군,2021-04-02,30884
홍천군,2021-04-03,42833
홍천군,2021-04-04,42760
홍천군,2021-04-05,24955
홍천군,2021-04-06,23628
홍천군,2021-04-07,23874
홍천군,2021-04-08,24731
홍천군,2021-04-09,36309
홍천군,2021-04-10,66028
홍천군,2021-04-11,61887
홍천군,2021-04-12,24955
홍천군,2021-04-13,22400
홍천군,2021-04-14,26050
홍천군,2021-04-15,27458
홍천군,2021-04-16,35301
홍천군,2021-04-17,61232
홍천군,2021-04-18,59776
홍천군,2021-04-19,29676
홍천군,2021-04-20,26565
홍천군,2021-04-21,27528
홍천군,2021-04-22,28234
홍천군,2021-04-23,40072
홍천군,2021-04-24,69226
홍천군,2021-04-25,64102
홍천군,2021-04-26,32238
홍천군,2021-04-27,26964
홍천군,2021-04-28,27702
홍천군,2021-04-29,29190
홍천군,2021-04-30,38196
홍천군,2021-05-01,58936
홍천군,2021-05-02,63788
홍천군,2021-05-03,32620
홍천군,2021-05-04,34734
홍천군,2021-05-05,51166
홍천군,2021-05-06,36480
홍천군,2021-05-07,40768
홍천군,2021-05-08,66549
홍천군,2021-05-09,59430
홍천군,2021-05-10,25672
홍천군,2021-05-11,26824
홍천군,2021-05-12,27335
홍천군,2021-05-13,28872
홍천군,2021-05-14,38087
홍천군,2021-05-15,57883
홍천군,2021-05-16,43670
홍천군,2021-05-17,25025
홍천군,2021-05-18,35413
홍천군,2021-05-19,52440
홍천군,2021-05-20,29306
홍천군,2021-05-21,35931
홍천군,2021-05-22,68078
홍천군,2021-05-23,64064
홍천군,2021-05-24,28886
홍천군,2021-05-25,23796
홍천군,2021-05-26,27223
홍천군,2021-05-27,23408
홍천군,2021-05-28,31003
홍천군,2021-05-29,63808
홍천군,2021-05-30,62650
홍천군,2021-05-31,28374
홍천군,2021-06-01,23146
홍천군,2021-06-02,23667
홍천군,2021-06-03,22144
홍천군,2021-06-04,36110
홍천군,2021-06-05,68456
홍천군,2021-06-06,66150
홍천군,2021-06-07,27912
홍천군,2021-06-08,25134
홍천군,2021-06-09,25753
홍천군,2021-06-10,27086
홍천군,2021-06-11,35714
홍천군,2021-06-12,69566
홍천군,2021-06-13,68008
홍천군,2021-06-14,32812
홍천군,2021-06-15,27293
홍천군,2021-06-16,28164
홍천군,2021-06-17,30614
홍천군,2021-06-18,41954
홍천군,2021-06-19,80392
홍천군,2021-06-20,82971
홍천군,2021-06-21,35357
홍천군,2021-06-22,32000
홍천군,2021-06-23,32368
홍천군,2021-06-24,34321
홍천군,2021-06-25,48192
홍천군,2021-06-26,76444
홍천군,2021-06-27,79838
홍천군,2021-06-28,36782
홍천군,2021-06-29,31346
홍천군,2021-06-30,31882
홍천군,2021-07-01,31038
홍천군,2021-07-02,45804
홍천군,2021-07-03,72782
홍천군,2021-07-04,58303
홍천군,2021-07-05,33376
홍천군,2021-07-06,32582
홍천군,2021-07-07,30205
홍천군,2021-07-08,29712
홍천군,2021-07-09,43617
홍천군,2021-07-10,71736
홍천군,2021-07-11,68110
홍천군,2021-07-12,36180
홍천군,2021-07-13,35126
홍천군,2021-07-14,34598
홍천군,2021-07-15,38094
홍천군,2021-07-16,51880
홍천군,2021-07-17,80689
홍천군,2021-07-18,82642
홍천군,2021-07-19,43054
홍천군,2021-07-20,41580
홍천군,2021-07-21,44790
홍천군,2021-07-22,43652
홍천군,2021-07-23,52584
홍천군,2021-07-24,77469
홍천군,2021-07-25,75852
홍천군,2021-07-26,44852
홍천군,2021-07-27,41622
홍천군,2021-07-28,45115
홍천군,2021-07-29,50722
홍천군,2021-07-30,63581
홍천군,2021-07-31,93104
홍천군,2021-08-01,87160
홍천군,2021-08-02,63458
홍천군,2021-08-03,60406
홍천군,2021-08-04,53484
홍천군,2021-08-05,52020
홍천군,2021-08-06,59304
홍천군,2021-08-07,66812
홍천군,2021-08-08,79639
홍천군,2021-08-09,46886
홍천군,2021-08-10,42630
홍천군,2021-08-11,44212
홍천군,2021-08-12,45752
홍천군,2021-08-13,57480
홍천군,2021-08-14,97251
홍천군,2021-08-15,109879
홍천군,2021-08-16,74826
홍천군,2021-08-17,43141
홍천군,2021-08-18,41552
홍천군,2021-08-19,39648
홍천군,2021-08-20,47506
홍천군,2021-08-21,61680
홍천군,2021-08-22,65376
홍천군,2021-08-23,36516
홍천군,2021-08-24,30678
홍천군,2021-08-25,32690
홍천군,2021-08-26,37208
홍천군,2021-08-27,43876
홍천군,2021-08-28,77189
홍천군,2021-08-29,75292
홍천군,2021-08-30,37138
홍천군,2021-08-31,30023
홍천군,2021-09-01,22578
홍천군,2021-09-02,28511
홍천군,2021-09-03,41584
홍천군,2021-09-04,75590
홍천군,2021-09-05,70301
홍천군,2021-09-06,31090
홍천군,2021-09-07,21385
홍천군,2021-09-08,26327
홍천군,2021-09-09,30877
홍천군,2021-09-10,38882
홍천군,2021-09-11,67823
홍천군,2021-09-12,60308
홍천군,2021-09-13,30726
홍천군,2021-09-14,29970
홍천군,2021-09-15,29274
홍천군,2021-09-16,30814
홍천군,2021-09-17,35570
홍천군,2021-09-18,69867
홍천군,2021-09-19,95452
홍천군,2021-09-20,105966
홍천군,2021-09-21,100723
홍천군,2021-09-22,58118
홍천군,2021-09-23,37082
홍천군,2021-09-24,40320
홍천군,2021-09-25,58754
홍천군,2021-09-26,55458
홍천군,2021-09-27,31098
홍천군,2021-09-28,30016
홍천군,2021-09-29,22844
홍천군,2021-09-30,29368
홍천군,2021-10-01,35970
홍천군,2021-10-02,71858
홍천군,2021-10-03,82912
홍천군,2021-10-04,51912
홍천군,2021-10-05,23758
홍천군,2021-10-06,22666
홍천군,2021-10-07,23992
홍천군,2021-10-08,35763
홍천군,2021-10-09,80801
홍천군,2021-10-10,91304
홍천군,2021-10-11,58632
홍천군,2021-10-12,30230
홍천군,2021-10-13,30604
홍천군,2021-10-14,32890
홍천군,2021-10-15,39935
홍천군,2021-10-16,67697
홍천군,2021-10-17,63707
홍천군,2021-10-18,33019
홍천군,2021-10-19,31398
홍천군,2021-10-20,30989
홍천군,2021-10-21,33425
홍천군,2021-10-22,43610
홍천군,2021-10-23,74512
홍천군,2021-10-24,74322
홍천군,2021-10-25,36162
홍천군,2021-10-26,35738
홍천군,2021-10-27,31630
홍천군,2021-10-28,33106
홍천군,2021-10-29,44527
홍천군,2021-10-30,76724
홍천군,2021-10-31,76500
홍천군,2021-11-01,30450
홍천군,2021-11-02,27993
홍천군,2021-11-03,27986
홍천군,2021-11-04,29064
홍천군,2021-11-05,41094
홍천군,2021-11-06,73846
홍천군,2021-11-07,67851
홍천군,2021-11-08,24370
홍천군,2021-11-09,22754
홍천군,2021-11-10,25218
홍천군,2021-11-11,28056
홍천군,2021-11-12,38924
홍천군,2021-11-13,66983
홍천군,2021-11-14,60032
홍천군,2021-11-15,29050
홍천군,2021-11-16,27699
홍천군,2021-11-17,26488
홍천군,2021-11-18,28052
홍천군,2021-11-19,39610
홍천군,2021-11-20,63718
홍천군,2021-11-21,56441
홍천군,2021-11-22,27538
홍천군,2021-11-23,24630
홍천군,2021-11-24,24930
홍천군,2021-11-25,26250
홍천군,2021-11-26,35539
홍천군,2021-11-27,60326
홍천군,2021-11-28,56070
홍천군,2021-11-29,29054
홍천군,2021-11-30,21245
홍천군,2021-12-01,22470
홍천군,2021-12-02,23968
홍천군,2021-12-03,33509
홍천군,2021-12-04,58320
홍천군,2021-12-05,53974
홍천군,2021-12-06,28402
홍천군,2021-12-07,24780
홍천군,2021-12-08,24766
홍천군,2021-12-09,26243
홍천군,2021-12-10,38182
홍천군,2021-12-11,64351
홍천군,2021-12-12,58534
홍천군,2021-12-13,31238
홍천군,2021-12-14,26680
홍천군,2021-12-15,26520
홍천군,2021-12-16,30751
홍천군,2021-12-17,39714
홍천군,2021-12-18,53109
홍천군,2021-12-19,47708
홍천군,2021-12-20,30765
홍천군,2021-12-21,30254
홍천군,2021-12-22,30877
홍천군,2021-12-23,32050
홍천군,2021-12-24,43102
홍천군,2021-12-25,59636
홍천군,2021-12-26,56472
홍천군,2021-12-27,37891
홍천군,2021-12-28,37664
홍천군,2021-12-29,39984
홍천군,2021-12-30,43120
홍천군,2021-12-31,59510
홍천군,2022-01-01,75082
홍천군,2022-01-02,54362
홍천군,2022-01-03,26810
홍천군,2022-01-04,26054
홍천군,2022-01-05,26915
홍천군,2022-01-06,28480
홍천군,2022-01-07,38952
홍천군,2022-01-08,61565
홍천군,2022-01-09,55360
홍천군,2022-01-10,31700
홍천군,2022-01-11,29040
홍천군,2022-01-12,29950
홍천군,2022-01-13,31122
홍천군,2022-01-14,42172
홍천군,2022-01-15,65996
홍천군,2022-01-16,59896
홍천군,2022-01-17,33946
홍천군,2022-01-18,31402
홍천군,2022-01-19,29113
홍천군,2022-01-20,30908
홍천군,2022-01-21,43645
홍천군,2022-01-22,69268
홍천군,2022-01-23,61134
홍천군,2022-01-24,34892
홍천군,2022-01-25,30079
홍천군,2022-01-26,31294
홍천군,2022-01-27,32389
홍천군,2022-01-28,40422
홍천군,2022-01-29,63812
홍천군,2022-01-30,82502
홍천군,2022-01-31,87311
홍천군,2022-02-01,82324
홍천군,2022-02-02,52468
홍천군,2022-02-03,34626
홍천군,2022-02-04,37345
홍천군,2022-02-05,50827
홍천군,2022-02-06,44555
홍천군,2022-02-07,28066
홍천군,2022-02-08,27237
홍천군,2022-02-09,29180
홍천군,2022-02-10,30023
홍천군,2022-02-11,39294
홍천군,2022-02-12,65135
홍천군,2022-02-13,54628
홍천군,2022-02-14,31976
홍천군,2022-02-15,27965
홍천군,2022-02-16,28084
홍천군,2022-02-17,29638
홍천군,2022-02-18,38885
홍천군,2022-02-19,63206
홍천군,2022-02-20,52742
홍천군,2022-02-21,32130
홍천군,2022-02-22,28497
홍천군,2022-02-23,27223
홍천군,2022-02-24,29208
홍천군,2022-02-25,34524
홍천군,2022-02-26,52857
홍천군,2022-02-27,54222
홍천군,2022-02-28,40338
홍천군,2022-03-01,31122
홍천군,2022-03-02,20202
홍천군,2022-03-03,21161
홍천군,2022-03-04,25848
홍천군,2022-03-05,37236
홍천군,2022-03-06,34384
홍천군,2022-03-07,20825
홍천군,2022-03-08,22418
홍천군,2022-03-09,26484
홍천군,2022-03-10,21595
홍천군,2022-03-11,28270
홍천군,2022-03-12,40778
홍천군,2022-03-13,30048
홍천군,2022-03-14,20786
홍천군,2022-03-15,23006
홍천군,2022-03-16,23828
홍천군,2022-03-17,23534
홍천군,2022-03-18,27006
홍천군,2022-03-19,33355
홍천군,2022-03-20,33565
홍천군,2022-03-21,24290
홍천군,2022-03-22,24916
홍천군,2022-03-23,25378
홍천군,2022-03-24,25924
홍천군,2022-03-25,32844
홍천군,2022-03-26,44474
홍천군,2022-03-27,47170
홍천군,2022-03-28,28812
홍천군,2022-03-29,27906
홍천군,2022-03-30,26404
홍천군,2022-03-31,27699
홍천군,2022-04-01,34044
홍천군,2022-04-02,59168
홍천군,2022-04-03,64516
홍천군,2022-04-04,24994
홍천군,2022-04-05,24496
홍천군,2022-04-06,25568
홍천군,2022-04-07,25949
홍천군,2022-04-08,38759
홍천군,2022-04-09,65590
홍천군,2022-04-10,60053
홍천군,2022-04-11,30310
홍천군,2022-04-12,27916
홍천군,2022-04-13,23933
홍천군,2022-04-14,28721
홍천군,2022-04-15,43116
홍천군,2022-04-16,75372
홍천군,2022-04-17,66238
홍천군,2022-04-18,32473
홍천군,2022-04-19,30062
홍천군,2022-04-20,29886
홍천군,2022-04-21,32574
홍천군,2022-04-22,42668
홍천군,2022-04-23,75789
홍천군,2022-04-24,69475
홍천군,2022-04-25,34632
홍천군,2022-04-26,31472
홍천군,2022-04-27,33656
홍천군,2022-04-28,34584
홍천군,2022-04-29,45854
홍천군,2022-04-30,78424
홍천군,2022-05-01,80756
홍천군,2022-05-02,30152
홍천군,2022-05-03,29018
홍천군,2022-05-04,43830
홍천군,2022-05-05,101619
홍천군,2022-05-06,76419
홍천군,2022-05-07,99183
홍천군,2022-05-08,77032
홍천군,2022-05-09,38602
홍천군,2022-05-10,32070
홍천군,2022-05-11,31486
홍천군,2022-05-12,31770
홍천군,2022-05-13,45262
홍천군,2022-05-14,78365
홍천군,2022-05-15,81308
홍천군,2022-05-16,33817
홍천군,2022-05-17,31234
홍천군,2022-05-18,31724
홍천군,2022-05-19,34646
홍천군,2022-05-20,48594
홍천군,2022-05-21,87398
홍천군,2022-05-22,76027
홍천군,2022-05-23,34178
홍천군,2022-05-24,31941
홍천군,2022-05-25,31230
홍천군,2022-05-26,33506
홍천군,2022-05-27,46704
홍천군,2022-05-28,79580
홍천군,2022-05-29,73318
홍천군,2022-05-30,34156
홍천군,2022-05-31,40915
홍천군,2022-06-01,47866
홍천군,2022-06-02,36558
홍천군,2022-06-03,49108
홍천군,2022-06-04,108801
홍천군,2022-06-05,108591
홍천군,2022-06-06,74952
홍천군,2022-06-07,31325
홍천군,2022-06-08,29470
홍천군,2022-06-09,29568
홍천군,2022-06-10,43456
홍천군,2022-06-11,76860
홍천군,2022-06-12,74938
홍천군,2022-06-13,37030
홍천군,2022-06-14,35154
홍천군,2022-06-15,31143
홍천군,2022-06-16,35623
홍천군,2022-06-17,50351
홍천군,2022-06-18,84098
홍천군,2022-06-19,76671
홍천군,2022-06-20,39018
홍천군,2022-06-21,37370
홍천군,2022-06-22,37636
홍천군,2022-06-23,35662
홍천군,2022-06-24,51751
홍천군,2022-06-25,86082
홍천군,2022-06-26,80846
홍천군,2022-06-27,39270
홍천군,2022-06-28,33596
홍천군,2022-06-29,30552
홍천군,2022-06-30,30681
홍천군,2022-07-01,47646
홍천군,2022-07-02,83020
홍천군,2022-07-03,78544
홍천군,2022-07-04,41220
홍천군,2022-07-05,35396
홍천군,2022-07-06,35623
홍천군,2022-07-07,37009
홍천군,2022-07-08,53182
홍천군,2022-07-09,92754
홍천군,2022-07-10,88389
홍천군,2022-07-11,43988
홍천군,2022-07-12,43897
홍천군,2022-07-13,37387
홍천군,2022-07-14,41069
홍천군,2022-07-15,55660
홍천군,2022-07-16,86706
홍천군,2022-07-17,82848
홍천군,2022-07-18,48710
홍천군,2022-07-19,48041
홍천군,2022-07-20,48646
홍천군,2022-07-21,51054
홍천군,2022-07-22,63220
홍천군,2022-07-23,90622
홍천군,2022-07-24,87094
홍천군,2022-07-25,59108
홍천군,2022-07-26,60008
홍천군,2022-07-27,61670
홍천군,2022-07-28,67823
홍천군,2022-07-29,83972
홍천군,2022-07-30,123774
홍천군,2022-07-31,124530
홍천군,2022-08-01,86079
홍천군,2022-08-02,78232
홍천군,2022-08-03,64166
홍천군,2022-08-04,68992
홍천군,2022-08-05,78771
홍천군,2022-08-06,99162
홍천군,2022-08-07,93527
홍천군,2022-08-08,55142
홍천군,2022-08-09,46546
홍천군,2022-08-10,47943
홍천군,2022-08-11,52003
홍천군,2022-08-12,67900
홍천군,2022-08-13,108798
홍천군,2022-08-14,110660
홍천군,2022-08-15,92802
홍천군,2022-08-16,52696
홍천군,2022-08-17,51191
홍천군,2022-08-18,48954
홍천군,2022-08-19,52255
홍천군,2022-08-20,85561
홍천군,2022-08-21,89964
홍천군,2022-08-22,44916
홍천군,2022-08-23,41814
홍천군,2022-08-24,41198
홍천군,2022-08-25,40761
홍천군,2022-08-26,53025
홍천군,2022-08-27,93751
홍천군,2022-08-28,92054
홍천군,2022-08-29,43309
홍천군,2022-08-30,34016
홍천군,2022-08-31,34832
홍천군,2022-09-01,39008
홍천군,2022-09-02,47761
홍천군,2022-09-03,73626
홍천군,2022-09-04,54082
홍천군,2022-09-05,18238
홍천군,2022-09-06,18354
홍천군,2022-09-07,26334
홍천군,2022-09-08,39204
홍천군,2022-09-09,94164
홍천군,2022-09-10,125660
홍천군,2022-09-11,104972
홍천군,2022-09-12,61901
홍천군,2022-09-13,32904
홍천군,2022-09-14,30086
홍천군,2022-09-15,32280
홍천군,2022-09-16,40971
홍천군,2022-09-17,65464
홍천군,2022-09-18,61646
홍천군,2022-09-19,34748
홍천군,2022-09-20,32924
홍천군,2022-09-21,35224
홍천군,2022-09-22,37272
홍천군,2022-09-23,45759
홍천군,2022-09-24,74176
홍천군,2022-09-25,68327
홍천군,2022-09-26,34636
홍천군,2022-09-27,33971
홍천군,2022-09-28,34657
홍천군,2022-09-29,35368
홍천군,2022-09-30,47660
홍천군,2022-10-01,90058
홍천군,2022-10-02,95886
홍천군,2022-10-03,56966
홍천군,2022-10-04,25221
홍천군,2022-10-05,26705
홍천군,2022-10-06,30292
홍천군,2022-10-07,41951
홍천군,2022-10-08,83898
홍천군,2022-10-09,84917
홍천군,2022-10-10,58128
홍천군,2022-10-11,32949
홍천군,2022-10-12,30968
홍천군,2022-10-13,33240
홍천군,2022-10-14,43872
홍천군,2022-10-15,74606
홍천군,2022-10-16,70238
홍천군,2022-10-17,35476
홍천군,2022-10-18,34664
홍천군,2022-10-19,35182
홍천군,2022-10-20,37072
홍천군,2022-10-21,49354
홍천군,2022-10-22,79373
홍천군,2022-10-23,72478
홍천군,2022-10-24,46641
홍천군,2022-10-25,36900
홍천군,2022-10-26,34500
홍천군,2022-10-27,35658
홍천군,2022-10-28,48097
홍천군,2022-10-29,78078
홍천군,2022-10-30,71022
홍천군,2022-10-31,33100
홍천군,2022-11-01,27478
홍천군,2022-11-02,26964
홍천군,2022-11-03,30030
홍천군,2022-11-04,41643
홍천군,2022-11-05,71642
홍천군,2022-11-06,64152
홍천군,2022-11-07,30093
홍천군,2022-11-08,28924
홍천군,2022-11-09,28462
홍천군,2022-11-10,30527
홍천군,2022-11-11,41870
홍천군,2022-11-12,66920
홍천군,2022-11-13,59745
홍천군,2022-11-14,29393
홍천군,2022-11-15,26691
홍천군,2022-11-16,27727
홍천군,2022-11-17,30261
홍천군,2022-11-18,42700
홍천군,2022-11-19,66504
홍천군,2022-11-20,59514
홍천군,2022-11-21,31668
홍천군,2022-11-22,31815
홍천군,2022-11-23,27237
홍천군,2022-11-24,29932
홍천군,2022-11-25,37642
홍천군,2022-11-26,61285
홍천군,2022-11-27,55226
홍천군,2022-11-28,26782
홍천군,2022-11-29,24496
홍천군,2022-11-30,23734
홍천군,2022-12-01,20618
홍천군,2022-12-02,31594
홍천군,2022-12-03,49728
홍천군,2022-12-04,48832
홍천군,2022-12-05,25501
홍천군,2022-12-06,22656
홍천군,2022-12-07,22354
홍천군,2022-12-08,25928
홍천군,2022-12-09,38216
홍천군,2022-12-10,61156
홍천군,2022-12-11,58044
홍천군,2022-12-12,31150
홍천군,2022-12-13,25784
홍천군,2022-12-14,24980
홍천군,2022-12-15,24714
홍천군,2022-12-16,37258
홍천군,2022-12-17,58688
홍천군,2022-12-18,53406
홍천군,2022-12-19,32000
홍천군,2022-12-20,31094
홍천군,2022-12-21,23737
홍천군,2022-12-22,30114
홍천군,2022-12-23,40512
홍천군,2022-12-24,58989
홍천군,2022-12-25,59864
홍천군,2022-12-26,42966
홍천군,2022-12-27,41262
홍천군,2022-12-28,41590
홍천군,2022-12-29,42896
홍천군,2022-12-30,56612
홍천군,2022-12-31,70326
화천군,2021-01-01,9919
화천군,2021-01-02,9723
화천군,2021-01-03,7469
화천군,2021-01-04,6230
화천군,2021-01-05,6500
화천군,2021-01-06,6212
화천군,2021-01-07,5638
화천군,2021-01-08,6234
화천군,2021-01-09,7140
화천군,2021-01-10,6972
화천군,2021-01-11,7259
화천군,2021-01-12,6874
화천군,2021-01-13,7161
화천군,2021-01-14,7956
화천군,2021-01-15,7742
화천군,2021-01-16,9174
화천군,2021-01-17,8596
화천군,2021-01-18,6752
화천군,2021-01-19,7966
화천군,2021-01-20,7903
화천군,2021-01-21,8194
화천군,2021-01-22,8456
화천군,2021-01-23,10633
화천군,2021-01-24,10070
화천군,2021-01-25,8708
화천군,2021-01-26,9002
화천군,2021-01-27,8757
화천군,2021-01-28,7682
화천군,2021-01-29,8547
화천군,2021-01-30,9404
화천군,2021-01-31,9618
화천군,2021-02-01,4613
화천군,2021-02-02,4795
화천군,2021-02-03,5663
화천군,2021-02-04,4498
화천군,2021-02-05,5712
화천군,2021-02-06,7340
화천군,2021-02-07,6618
화천군,2021-02-08,6013
화천군,2021-02-09,6629
화천군,2021-02-10,7262
화천군,2021-02-11,12058
화천군,2021-02-12,16324
화천군,2021-02-13,13192
화천군,2021-02-14,8344
화천군,2021-02-15,6965
화천군,2021-02-16,7066
화천군,2021-02-17,6668
화천군,2021-02-18,7480
화천군,2021-02-19,7966
화천군,2021-02-20,9412
화천군,2021-02-21,8967
화천군,2021-02-22,8138
화천군,2021-02-23,8533
화천군,2021-02-24,6934
화천군,2021-02-25,7732
화천군,2021-02-26,8855
화천군,2021-02-27,11781
화천군,2021-02-28,12950
화천군,2021-03-01,6408
화천군,2021-03-02,6594
화천군,2021-03-03,7046
화천군,2021-03-04,7679
화천군,2021-03-05,8390
화천군,2021-03-06,9496
화천군,2021-03-07,9625
화천군,2021-03-08,8393
화천군,2021-03-09,9226
화천군,2021-03-10,9478
화천군,2021-03-11,9390
화천군,2021-03-12,9516
화천군,2021-03-13,12856
화천군,2021-03-14,12190
화천군,2021-03-15,9912
화천군,2021-03-16,10098
화천군,2021-03-17,10006
화천군,2021-03-18,10367
화천군,2021-03-19,10857
화천군,2021-03-20,11736
화천군,2021-03-21,11994
화천군,2021-03-22,10342
화천군,2021-03-23,11109
화천군,2021-03-24,10990
화천군,2021-03-25,11224
화천군,2021-03-26,12285
화천군,2021-03-27,13279
화천군,2021-03-28,11788
화천군,2021-03-29,11711
화천군,2021-03-30,11876
화천군,2021-03-31,12184
화천군,2021-04-01,8540
화천군,2021-04-02,9478
화천군,2021-04-03,10325
화천군,2021-04-04,11344
화천군,2021-04-05,9404
화천군,2021-04-06,9975
화천군,2021-04-07,10000
화천군,2021-04-08,10692
화천군,2021-04-09,11795
화천군,2021-04-10,16828
화천군,2021-04-11,16268
화천군,2021-04-12,9758
화천군,2021-04-13,10927
화천군,2021-04-14,10416
화천군,2021-04-15,10871
화천군,2021-04-16,10622
화천군,2021-04-17,14980
화천군,2021-04-18,16170
화천군,2021-04-19,10994
화천군,2021-04-20,11088
화천군,2021-04-21,11109
화천군,2021-04-22,11638
화천군,2021-04-23,13584
화천군,2021-04-24,19397
화천군,2021-04-25,19100
화천군,2021-04-26,12540
화천군,2021-04-27,11326
화천군,2021-04-28,11610
화천군,2021-04-29,11298
화천군,2021-04-30,11456
화천군,2021-05-01,13430
화천군,2021-05-02,15694
화천군,2021-05-03,10668
화천군,2021-05-04,11028
화천군,2021-05-05,14434
화천군,2021-05-06,11812
화천군,2021-05-07,11879
화천군,2021-05-08,18582
화천군,2021-05-09,17650
화천군,2021-05-10,10664
화천군,2021-05-11,12030
화천군,2021-05-12,11347
화천군,2021-05-13,11823
화천군,2021-05-14,12456
화천군,2021-05-15,15852
화천군,2021-05-16,12096
화천군,2021-05-17,10756
화천군,2021-05-18,13268
화천군,2021-05-19,16135
화천군,2021-05-20,11480
화천군,2021-05-21,11714
화천군,2021-05-22,18172
화천군,2021-05-23,18000
화천군,2021-05-24,11935
화천군,2021-05-25,11596
화천군,2021-05-26,11823
화천군,2021-05-27,10868
화천군,2021-05-28,11350
화천군,2021-05-29,17182
화천군,2021-05-30,17612
화천군,2021-05-31,12554
화천군,2021-06-01,6832
화천군,2021-06-02,7284
화천군,2021-06-03,6888
화천군,2021-06-04,8466
화천군,2021-06-05,13856
화천군,2021-06-06,13139
화천군,2021-06-07,8064
화천군,2021-06-08,8936
화천군,2021-06-09,9404
화천군,2021-06-10,9880
화천군,2021-06-11,9352
화천군,2021-06-12,14616
화천군,2021-06-13,15204
화천군,2021-06-14,9695
화천군,2021-06-15,9653
화천군,2021-06-16,10160
화천군,2021-06-17,10056
화천군,2021-06-18,10451
화천군,2021-06-19,16877
화천군,2021-06-20,15984
화천군,2021-06-21,11014
화천군,2021-06-22,11214
화천군,2021-06-23,10815
화천군,2021-06-24,11462
화천군,2021-06-25,12572
화천군,2021-06-26,16079
화천군,2021-06-27,17322
화천군,2021-06-28,11823
화천군,2021-06-29,10770
화천군,2021-06-30,11596
화천군,2021-07-01,9334
화천군,2021-07-02,11081
화천군,2021-07-03,15180
화천군,2021-07-04,11662
화천군,2021-07-05,10094
화천군,2021-07-06,11214
화천군,2021-07-07,10514
화천군,2021-07-08,9527
화천군,2021-07-09,10588
화천군,2021-07-10,15124
화천군,2021-07-11,14284
화천군,2021-07-12,9996
화천군,2021-07-13,10650
화천군,2021-07-14,10689
화천군,2021-07-15,11294
화천군,2021-07-16,12414
화천군,2021-07-17,18980
화천군,2021-07-18,19663
화천군,2021-07-19,11697
화천군,2021-07-20,12859
화천군,2021-07-21,12005
화천군,2021-07-22,12383
화천군,2021-07-23,14942
화천군,2021-07-24,23471
화천군,2021-07-25,22978
화천군,2021-07-26,13184
화천군,2021-07-27,12716
화천군,2021-07-28,13962
화천군,2021-07-29,14808
화천군,2021-07-30,17185
화천군,2021-07-31,26411
화천군,2021-08-01,22614
화천군,2021-08-02,15558
화천군,2021-08-03,14994
화천군,2021-08-04,12915
화천군,2021-08-05,13576
화천군,2021-08-06,14794
화천군,2021-08-07,18648
화천군,2021-08-08,21091
화천군,2021-08-09,12156
화천군,2021-08-10,11666
화천군,2021-08-11,12068
화천군,2021-08-12,12652
화천군,2021-08-13,13870
화천군,2021-08-14,22936
화천군,2021-08-15,26960
화천군,2021-08-16,17304
화천군,2021-08-17,10927
화천군,2021-08-18,10146
화천군,2021-08-19,10633
화천군,2021-08-20,11504
화천군,2021-08-21,12470
화천군,2021-08-22,14350
화천군,2021-08-23,9782
화천군,2021-08-24,8561
화천군,2021-08-25,10633
화천군,2021-08-26,11770
화천군,2021-08-27,11060
화천군,2021-08-28,15788
화천군,2021-08-29,14710
화천군,2021-08-30,10588
화천군,2021-08-31,9583
화천군,2021-09-01,6534
화천군,2021-09-02,7721
화천군,2021-09-03,9936
화천군,2021-09-04,15242
화천군,2021-09-05,14049
화천군,2021-09-06,8575
화천군,2021-09-07,7658
화천군,2021-09-08,9936
화천군,2021-09-09,11008
화천군,2021-09-10,11291
화천군,2021-09-11,16079
화천군,2021-09-12,15116
화천군,2021-09-13,9572
화천군,2021-09-14,10045
화천군,2021-09-15,10882
화천군,2021-09-16,10812
화천군,2021-09-17,10906
화천군,2021-09-18,18210
화천군,2021-09-19,21987
화천군,2021-09-20,24342
화천군,2021-09-21,23160
화천군,2021-09-22,14788
화천군,2021-09-23,11172
화천군,2021-09-24,11991
화천군,2021-09-25,15645
화천군,2021-09-26,14830
화천군,2021-09-27,11246
화천군,2021-09-28,12520
화천군,2021-09-29,9422
화천군,2021-09-30,11592
화천군,2021-10-01,9926
화천군,2021-10-02,17129
화천군,2021-10-03,18084
화천군,2021-10-04,10560
화천군,2021-10-05,7651
화천군,2021-10-06,7707
화천군,2021-10-07,8488
화천군,2021-10-08,10244
화천군,2021-10-09,16432
화천군,2021-10-10,15032
화천군,2021-10-11,12436
화천군,2021-10-12,11428
화천군,2021-10-13,11347
화천군,2021-10-14,11330
화천군,2021-10-15,11522
화천군,2021-10-16,15841
화천군,2021-10-17,14371
화천군,2021-10-18,10196
화천군,2021-10-19,9768
화천군,2021-10-20,11396
화천군,2021-10-21,11442
화천군,2021-10-22,12436
화천군,2021-10-23,18112
화천군,2021-10-24,16012
화천군,2021-10-25,11182
화천군,2021-10-26,11298
화천군,2021-10-27,10969
화천군,2021-10-28,12187
화천군,2021-10-29,13954
화천군,2021-10-30,18596
화천군,2021-10-31,17563
화천군,2021-11-01,9286
화천군,2021-11-02,9062
화천군,2021-11-03,9342
화천군,2021-11-04,9450
화천군,2021-11-05,10577
화천군,2021-11-06,16012
화천군,2021-11-07,14626
화천군,2021-11-08,7581
화천군,2021-11-09,7924
화천군,2021-11-10,8670
화천군,2021-11-11,8964
화천군,2021-11-12,10574
화천군,2021-11-13,13850
화천군,2021-11-14,12218
화천군,2021-11-15,8796
화천군,2021-11-16,8578
화천군,2021-11-17,9688
화천군,2021-11-18,10423
화천군,2021-11-19,11452
화천군,2021-11-20,14630
화천군,2021-11-21,13038
화천군,2021-11-22,9118
화천군,2021-11-23,10258
화천군,2021-11-24,9048
화천군,2021-11-25,9530
화천군,2021-11-26,10378
화천군,2021-11-27,12506
화천군,2021-11-28,11725
화천군,2021-11-29,9860
화천군,2021-11-30,8813
화천군,2021-12-01,6972
화천군,2021-12-02,7616
화천군,2021-12-03,8428
화천군,2021-12-04,10395
화천군,2021-12-05,10164
화천군,2021-12-06,8330
화천군,2021-12-07,8967
화천군,2021-12-08,8715
화천군,2021-12-09,9068
화천군,2021-12-10,9684
화천군,2021-12-11,11484
화천군,2021-12-12,10720
화천군,2021-12-13,9348
화천군,2021-12-14,10420
화천군,2021-12-15,9236
화천군,2021-12-16,9527
화천군,2021-12-17,10626
화천군,2021-12-18,10826
화천군,2021-12-19,9506
화천군,2021-12-20,9698
화천군,2021-12-21,10462
화천군,2021-12-22,10479
화천군,2021-12-23,10815
화천군,2021-12-24,11165
화천군,2021-12-25,12418
화천군,2021-12-26,11386
화천군,2021-12-27,9765
화천군,2021-12-28,10756
화천군,2021-12-29,10370
화천군,2021-12-30,10972
화천군,2021-12-31,12488
화천군,2022-01-01,11406
화천군,2022-01-02,8386
화천군,2022-01-03,6461
화천군,2022-01-04,6965
화천군,2022-01-05,7056
화천군,2022-01-06,7098
화천군,2022-01-07,7794
화천군,2022-01-08,9376
화천군,2022-01-09,9034
화천군,2022-01-10,8204
화천군,2022-01-11,7410
화천군,2022-01-12,7539
화천군,2022-01-13,8148
화천군,2022-01-14,8844
화천군,2022-01-15,9986
화천군,2022-01-16,9524
화천군,2022-01-17,7973
화천군,2022-01-18,9572
화천군,2022-01-19,7357
화천군,2022-01-20,8320
화천군,2022-01-21,9404
화천군,2022-01-22,10878
화천군,2022-01-23,10990
화천군,2022-01-24,8474
화천군,2022-01-25,7168
화천군,2022-01-26,7770
화천군,2022-01-27,8760
화천군,2022-01-28,9762
화천군,2022-01-29,12828
화천군,2022-01-30,16216
화천군,2022-01-31,18294
화천군,2022-02-01,15057
화천군,2022-02-02,9023
화천군,2022-02-03,6041
화천군,2022-02-04,6384
화천군,2022-02-05,7798
화천군,2022-02-06,7413
화천군,2022-02-07,7060
화천군,2022-02-08,7693
화천군,2022-02-09,7018
화천군,2022-02-10,7427
화천군,2022-02-11,7962
화천군,2022-02-12,9982
화천군,2022-02-13,9114
화천군,2022-02-14,6654
화천군,2022-02-15,7168
화천군,2022-02-16,7542
화천군,2022-02-17,7934
화천군,2022-02-18,8407
화천군,2022-02-19,9114
화천군,2022-02-20,8631
화천군,2022-02-21,7794
화천군,2022-02-22,8242
화천군,2022-02-23,7686
화천군,2022-02-24,7721
화천군,2022-02-25,7581
화천군,2022-02-26,9250
화천군,2022-02-27,9762
화천군,2022-02-28,8743
화천군,2022-03-01,6836
화천군,2022-03-02,7700
화천군,2022-03-03,8519
화천군,2022-03-04,8508
화천군,2022-03-05,9751
화천군,2022-03-06,9230
화천군,2022-03-07,8180
화천군,2022-03-08,9569
화천군,2022-03-09,9135
화천군,2022-03-10,8992
화천군,2022-03-11,10059
화천군,2022-03-12,10591
화천군,2022-03-13,8726
화천군,2022-03-14,9006
화천군,2022-03-15,10199
화천군,2022-03-16,10556
화천군,2022-03-17,10556
화천군,2022-03-18,10070
화천군,2022-03-19,9328
화천군,2022-03-20,10440
화천군,2022-03-21,9499
화천군,2022-03-22,9534
화천군,2022-03-23,9807
화천군,2022-03-24,10129
화천군,2022-03-25,10402
화천군,2022-03-26,10143
화천군,2022-03-27,11515
화천군,2022-03-28,10664
화천군,2022-03-29,11844
화천군,2022-03-30,10640
화천군,2022-03-31,11140
화천군,2022-04-01,8830
화천군,2022-04-02,11704
화천군,2022-04-03,11498
화천군,2022-04-04,7858
화천군,2022-04-05,8197
화천군,2022-04-06,8760
화천군,2022-04-07,8505
화천군,2022-04-08,10150
화천군,2022-04-09,13570
화천군,2022-04-10,13202
화천군,2022-04-11,9114
화천군,2022-04-12,10185
화천군,2022-04-13,8071
화천군,2022-04-14,9488
화천군,2022-04-15,11274
화천군,2022-04-16,15872
화천군,2022-04-17,15578
화천군,2022-04-18,11284
화천군,2022-04-19,11347
화천군,2022-04-20,11228
화천군,2022-04-21,11263
화천군,2022-04-22,12670
화천군,2022-04-23,18280
화천군,2022-04-24,17132
화천군,2022-04-25,11428
화천군,2022-04-26,11616
화천군,2022-04-27,12148
화천군,2022-04-28,12180
화천군,2022-04-29,11896
화천군,2022-04-30,17048
화천군,2022-05-01,14634
화천군,2022-05-02,8869
화천군,2022-05-03,9678
화천군,2022-05-04,11316
화천군,2022-05-05,16796
화천군,2022-05-06,15799
화천군,2022-05-07,19366
화천군,2022-05-08,17297
화천군,2022-05-09,10006
화천군,2022-05-10,11014
화천군,2022-05-11,10742
화천군,2022-05-12,11490
화천군,2022-05-13,12257
화천군,2022-05-14,16366
화천군,2022-05-15,16373
화천군,2022-05-16,10773
화천군,2022-05-17,11592
화천군,2022-05-18,11294
화천군,2022-05-19,11144
화천군,2022-05-20,12019
화천군,2022-05-21,16429
화천군,2022-05-22,16310
화천군,2022-05-23,10899
화천군,2022-05-24,11098
화천군,2022-05-25,9982
화천군,2022-05-26,10826
화천군,2022-05-27,12008
화천군,2022-05-28,18190
화천군,2022-05-29,16492
화천군,2022-05-30,11322
화천군,2022-05-31,13570
화천군,2022-06-01,10902
화천군,2022-06-02,9212
화천군,2022-06-03,10720
화천군,2022-06-04,19138
화천군,2022-06-05,20720
화천군,2022-06-06,12579
화천군,2022-06-07,8722
화천군,2022-06-08,8704
화천군,2022-06-09,8414
화천군,2022-06-10,9832
화천군,2022-06-11,15558
화천군,2022-06-12,14742
화천군,2022-06-13,8526
화천군,2022-06-14,10787
화천군,2022-06-15,9996
화천군,2022-06-16,10728
화천군,2022-06-17,11420
화천군,2022-06-18,16380
화천군,2022-06-19,15698
화천군,2022-06-20,11935
화천군,2022-06-21,10980
화천군,2022-06-22,11848
화천군,2022-06-23,9541
화천군,2022-06-24,12124
화천군,2022-06-25,17412
화천군,2022-06-26,15603
화천군,2022-06-27,10066
화천군,2022-06-28,9538
화천군,2022-06-29,10048
화천군,2022-06-30,8554
화천군,2022-07-01,8820
화천군,2022-07-02,16012
화천군,2022-07-03,16180
화천군,2022-07-04,9947
화천군,2022-07-05,10542
화천군,2022-07-06,10342
화천군,2022-07-07,9009
화천군,2022-07-08,10290
화천군,2022-07-09,17454
화천군,2022-07-10,18620
화천군,2022-07-11,9552
화천군,2022-07-12,11018
화천군,2022-07-13,8652
화천군,2022-07-14,9849
화천군,2022-07-15,11809
화천군,2022-07-16,18238
화천군,2022-07-17,19376
화천군,2022-07-18,11410
화천군,2022-07-19,12824
화천군,2022-07-20,12684
화천군,2022-07-21,11368
화천군,2022-07-22,13328
화천군,2022-07-23,20458
화천군,2022-07-24,19691
화천군,2022-07-25,14010
화천군,2022-07-26,14430
화천군,2022-07-27,15253
화천군,2022-07-28,14872
화천군,2022-07-29,17521
화천군,2022-07-30,28150
화천군,2022-07-31,25792
화천군,2022-08-01,16936
화천군,2022-08-02,15183
화천군,2022-08-03,14665
화천군,2022-08-04,15208
화천군,2022-08-05,18207
화천군,2022-08-06,24504
화천군,2022-08-07,22736
화천군,2022-08-08,9394
화천군,2022-08-09,8393
화천군,2022-08-10,10104
화천군,2022-08-11,10689
화천군,2022-08-12,14598
화천군,2022-08-13,22505
화천군,2022-08-14,25112
화천군,2022-08-15,16090
화천군,2022-08-16,11974
화천군,2022-08-17,13080
화천군,2022-08-18,11991
화천군,2022-08-19,11949
화천군,2022-08-20,18330
화천군,2022-08-21,18190
화천군,2022-08-22,11599
화천군,2022-08-23,12726
화천군,2022-08-24,12502
화천군,2022-08-25,12260
화천군,2022-08-26,13276
화천군,2022-08-27,19551
화천군,2022-08-28,18644
화천군,2022-08-29,10577
화천군,2022-08-30,9048
화천군,2022-08-31,10454
화천군,2022-09-01,9096
화천군,2022-09-02,9894
화천군,2022-09-03,14304
화천군,2022-09-04,9020
화천군,2022-09-05,5856
화천군,2022-09-06,6660
화천군,2022-09-07,11025
화천군,2022-09-08,11708
화천군,2022-09-09,20741
화천군,2022-09-10,28724
화천군,2022-09-11,22410
화천군,2022-09-12,14322
화천군,2022-09-13,9852
화천군,2022-09-14,10392
화천군,2022-09-15,11126
화천군,2022-09-16,11872
화천군,2022-09-17,14122
화천군,2022-09-18,14990
화천군,2022-09-19,10426
화천군,2022-09-20,12369
화천군,2022-09-21,10854
화천군,2022-09-22,10748
화천군,2022-09-23,11602
화천군,2022-09-24,15421
화천군,2022-09-25,14808
화천군,2022-09-26,10972
화천군,2022-09-27,10510
화천군,2022-09-28,12572
화천군,2022-09-29,10955
화천군,2022-09-30,12124
화천군,2022-10-01,16835
화천군,2022-10-02,16950
화천군,2022-10-03,10692
화천군,2022-10-04,9219
화천군,2022-10-05,9940
화천군,2022-10-06,10241
화천군,2022-10-07,11942
화천군,2022-10-08,19047
화천군,2022-10-09,16891
화천군,2022-10-10,12058
화천군,2022-10-11,11386
화천군,2022-10-12,11214
화천군,2022-10-13,11574
화천군,2022-10-14,12008
화천군,2022-10-15,18610
화천군,2022-10-16,17482
화천군,2022-10-17,11070
화천군,2022-10-18,11994
화천군,2022-10-19,12988
화천군,2022-10-20,12824
화천군,2022-10-21,13114
화천군,2022-10-22,17300
화천군,2022-10-23,18168
화천군,2022-10-24,10444
화천군,2022-10-25,12936
화천군,2022-10-26,11172
화천군,2022-10-27,11844
화천군,2022-10-28,14522
화천군,2022-10-29,19288
화천군,2022-10-30,18046
화천군,2022-10-31,11858
화천군,2022-11-01,9093
화천군,2022-11-02,8960
화천군,2022-11-03,9370
화천군,2022-11-04,10584
화천군,2022-11-05,14497
화천군,2022-11-06,13506
화천군,2022-11-07,8928
화천군,2022-11-08,9345
화천군,2022-11-09,10202
화천군,2022-11-10,10066
화천군,2022-11-11,11126
화천군,2022-11-12,15914
화천군,2022-11-13,13629
화천군,2022-11-14,10661
화천군,2022-11-15,10832
화천군,2022-11-16,11697
화천군,2022-11-17,11210
화천군,2022-11-18,12806
화천군,2022-11-19,15169
화천군,2022-11-20,14004
화천군,2022-11-21,10160
화천군,2022-11-22,10850
화천군,2022-11-23,10171
화천군,2022-11-24,11238
화천군,2022-11-25,11274
화천군,2022-11-26,13139
화천군,2022-11-27,12208
화천군,2022-11-28,9303
화천군,2022-11-29,9846
화천군,2022-11-30,10202
화천군,2022-12-01,6797
화천군,2022-12-02,7332
화천군,2022-12-03,8386
화천군,2022-12-04,8169
화천군,2022-12-05,7046
화천군,2022-12-06,7396
화천군,2022-12-07,8432
화천군,2022-12-08,8032
화천군,2022-12-09,8442
화천군,2022-12-10,9796
화천군,2022-12-11,9964
화천군,2022-12-12,8050
화천군,2022-12-13,7458
화천군,2022-12-14,6646
화천군,2022-12-15,6156
화천군,2022-12-16,7444
화천군,2022-12-17,8897
화천군,2022-12-18,8396
화천군,2022-12-19,7189
화천군,2022-12-20,9250
화천군,2022-12-21,6220
화천군,2022-12-22,7959
화천군,2022-12-23,9254
화천군,2022-12-24,11308
화천군,2022-12-25,10374
화천군,2022-12-26,8736
화천군,2022-12-27,10042
화천군,2022-12-28,9096
화천군,2022-12-29,9166
화천군,2022-12-30,9646
화천군,2022-12-31,12509
횡성군,2021-01-01,34986
횡성군,2021-01-02,32232
횡성군,2021-01-03,22460
횡성군,2021-01-04,14546
횡성군,2021-01-05,14763
횡성군,2021-01-06,14374
횡성군,2021-01-07,12030
횡성군,2021-01-08,14217
횡성군,2021-01-09,22904
횡성군,2021-01-10,22008
횡성군,2021-01-11,15900
횡성군,2021-01-12,15872
횡성군,2021-01-13,16832
횡성군,2021-01-14,19274
횡성군,2021-01-15,23380
횡성군,2021-01-16,35654
횡성군,2021-01-17,31000
횡성군,2021-01-18,14430
횡성군,2021-01-19,16352
횡성군,2021-01-20,19142
횡성군,2021-01-21,19978
횡성군,2021-01-22,24080
횡성군,2021-01-23,37478
횡성군,2021-01-24,37482
횡성군,2021-01-25,22533
횡성군,2021-01-26,20216
횡성군,2021-01-27,21658
횡성군,2021-01-28,17997
횡성군,2021-01-29,22456
횡성군,2021-01-30,37163
횡성군,2021-01-31,39550
횡성군,2021-02-01,17535
횡성군,2021-02-02,17434
횡성군,2021-02-03,16471
횡성군,2021-02-04,15358
횡성군,2021-02-05,21626
횡성군,2021-02-06,36491
횡성군,2021-02-07,32246
횡성군,2021-02-08,14906
횡성군,2021-02-09,14987
횡성군,2021-02-10,18823
횡성군,2021-02-11,34818
횡성군,2021-02-12,49490
횡성군,2021-02-13,45136
횡성군,2021-02-14,23524
횡성군,2021-02-15,15001
횡성군,2021-02-16,13923
횡성군,2021-02-17,14108
횡성군,2021-02-18,15480
횡성군,2021-02-19,20230
횡성군,2021-02-20,30510
횡성군,2021-02-21,31426
횡성군,2021-02-22,18484
횡성군,2021-02-23,18238
횡성군,2021-02-24,18092
횡성군,2021-02-25,18862
횡성군,2021-02-26,24300
횡성군,2021-02-27,41027
횡성군,2021-02-28,48758
횡성군,2021-03-01,23926
횡성군,2021-03-02,12824
횡성군,2021-03-03,13366
횡성군,2021-03-04,15183
횡성군,2021-03-05,18918
횡성군,2021-03-06,26222
횡성군,2021-03-07,24045
횡성군,2021-03-08,16744
횡성군,2021-03-09,17731
횡성군,2021-03-10,18067
횡성군,2021-03-11,18578
횡성군,2021-03-12,20328
횡성군,2021-03-13,31462
횡성군,2021-03-14,28774
횡성군,2021-03-15,18907
횡성군,2021-03-16,19044
횡성군,2021-03-17,18932
횡성군,2021-03-18,20034
횡성군,2021-03-19,23772
횡성군,2021-03-20,29323
횡성군,2021-03-21,29354
횡성군,2021-03-22,19852
횡성군,2021-03-23,20108
횡성군,2021-03-24,20360
횡성군,2021-03-25,21150
횡성군,2021-03-26,25249
횡성군,2021-03-27,31717
횡성군,2021-03-28,25256
횡성군,2021-03-29,20685
횡성군,2021-03-30,21592
횡성군,2021-03-31,21875
횡성군,2021-04-01,16667
횡성군,2021-04-02,21640
횡성군,2021-04-03,26474
횡성군,2021-04-04,26008
횡성군,2021-04-05,18070
횡성군,2021-04-06,17444
횡성군,2021-04-07,17507
횡성군,2021-04-08,18298
횡성군,2021-04-09,23513
횡성군,2021-04-10,41006
횡성군,2021-04-11,39952
횡성군,2021-04-12,16660
횡성군,2021-04-13,16163
횡성군,2021-04-14,19334
횡성군,2021-04-15,20699
횡성군,2021-04-16,23345
횡성군,2021-04-17,36628
횡성군,2021-04-18,36712
횡성군,2021-04-19,20668
횡성군,2021-04-20,20139
횡성군,2021-04-21,21168
횡성군,2021-04-22,21833
횡성군,2021-04-23,26985
횡성군,2021-04-24,43820
횡성군,2021-04-25,41556
횡성군,2021-04-26,22270
횡성군,2021-04-27,21315
횡성군,2021-04-28,22382
횡성군,2021-04-29,22334
횡성군,2021-04-30,25816
횡성군,2021-05-01,37436
횡성군,2021-05-02,41780
횡성군,2021-05-03,22768
횡성군,2021-05-04,22452
횡성군,2021-05-05,34472
횡성군,2021-05-06,24840
횡성군,2021-05-07,27776
횡성군,2021-05-08,44272
횡성군,2021-05-09,40187
횡성군,2021-05-10,18865
횡성군,2021-05-11,21252
횡성군,2021-05-12,21242
횡성군,2021-05-13,21532
횡성군,2021-05-14,27517
횡성군,2021-05-15,37950
횡성군,2021-05-16,29152
횡성군,2021-05-17,17440
횡성군,2021-05-18,24462
횡성군,2021-05-19,36407
횡성군,2021-05-20,20986
횡성군,2021-05-21,25697
횡성군,2021-05-22,45675
횡성군,2021-05-23,44520
횡성군,2021-05-24,21868
횡성군,2021-05-25,19834
횡성군,2021-05-26,21480
횡성군,2021-05-27,18473
횡성군,2021-05-28,22960
횡성군,2021-05-29,41892
횡성군,2021-05-30,42728
횡성군,2021-05-31,22144
횡성군,2021-06-01,19176
횡성군,2021-06-02,19075
횡성군,2021-06-03,18540
횡성군,2021-06-04,26008
횡성군,2021-06-05,45577
횡성군,2021-06-06,45538
횡성군,2021-06-07,25896
횡성군,2021-06-08,19582
횡성군,2021-06-09,20881
횡성군,2021-06-10,20713
횡성군,2021-06-11,25179
횡성군,2021-06-12,45115
횡성군,2021-06-13,44513
횡성군,2021-06-14,21875
횡성군,2021-06-15,21038
횡성군,2021-06-16,21998
횡성군,2021-06-17,23194
횡성군,2021-06-18,28500
횡성군,2021-06-19,51208
횡성군,2021-06-20,51618
횡성군,2021-06-21,25148
횡성군,2021-06-22,24164
횡성군,2021-06-23,22246
횡성군,2021-06-24,24938
횡성군,2021-06-25,33226
횡성군,2021-06-26,51432
횡성군,2021-06-27,51838
횡성군,2021-06-28,26548
횡성군,2021-06-29,22659
횡성군,2021-06-30,23124
횡성군,2021-07-01,22866
횡성군,2021-07-02,30191
횡성군,2021-07-03,45322
횡성군,2021-07-04,36698
횡성군,2021-07-05,22568
횡성군,2021-07-06,22544
횡성군,2021-07-07,20486
횡성군,2021-07-08,19740
횡성군,2021-07-09,27128
횡성군,2021-07-10,44264
횡성군,2021-07-11,42791
횡성군,2021-07-12,23552
횡성군,2021-07-13,23359
횡성군,2021-07-14,24941
횡성군,2021-07-15,24840
횡성군,2021-07-16,32956
횡성군,2021-07-17,51492
횡성군,2021-07-18,51594
횡성군,2021-07-19,27090
횡성군,2021-07-20,26456
횡성군,2021-07-21,28220
횡성군,2021-07-22,27895
횡성군,2021-07-23,34556
횡성군,2021-07-24,51012
횡성군,2021-07-25,51992
횡성군,2021-07-26,31381
횡성군,2021-07-27,30254
횡성군,2021-07-28,32568
횡성군,2021-07-29,36530
횡성군,2021-07-30,44208
횡성군,2021-07-31,61383
횡성군,2021-08-01,59070
횡성군,2021-08-02,41566
횡성군,2021-08-03,41265
횡성군,2021-08-04,39193
횡성군,2021-08-05,38224
횡성군,2021-08-06,42812
횡성군,2021-08-07,45182
횡성군,2021-08-08,54778
횡성군,2021-08-09,33932
횡성군,2021-08-10,30790
횡성군,2021-08-11,30762
횡성군,2021-08-12,32274
횡성군,2021-08-13,39578
횡성군,2021-08-14,62944
횡성군,2021-08-15,71054
횡성군,2021-08-16,51695
횡성군,2021-08-17,28238
횡성군,2021-08-18,26579
횡성군,2021-08-19,28511
횡성군,2021-08-20,32022
횡성군,2021-08-21,39308
횡성군,2021-08-22,42374
횡성군,2021-08-23,25364
횡성군,2021-08-24,21668
횡성군,2021-08-25,22687
횡성군,2021-08-26,26439
횡성군,2021-08-27,28588
횡성군,2021-08-28,47649
횡성군,2021-08-29,46518
횡성군,2021-08-30,25571
횡성군,2021-08-31,21900
횡성군,2021-09-01,15820
횡성군,2021-09-02,20212
횡성군,2021-09-03,27538
횡성군,2021-09-04,50054
횡성군,2021-09-05,48314
횡성군,2021-09-06,22071
횡성군,2021-09-07,16240
횡성군,2021-09-08,19845
횡성군,2021-09-09,22897
횡성군,2021-09-10,28704
횡성군,2021-09-11,45910
횡성군,2021-09-12,41828
횡성군,2021-09-13,21752
횡성군,2021-09-14,22309
횡성군,2021-09-15,21448
횡성군,2021-09-16,23149
횡성군,2021-09-17,23688
횡성군,2021-09-18,44366
횡성군,2021-09-19,58009
횡성군,2021-09-20,67378
횡성군,2021-09-21,67630
횡성군,2021-09-22,37891
횡성군,2021-09-23,24157
횡성군,2021-09-24,26744
횡성군,2021-09-25,38420
횡성군,2021-09-26,37482
횡성군,2021-09-27,21444
횡성군,2021-09-28,21578
횡성군,2021-09-29,17514
횡성군,2021-09-30,22516
횡성군,2021-10-01,25708
횡성군,2021-10-02,46340
횡성군,2021-10-03,54495
횡성군,2021-10-04,36526
횡성군,2021-10-05,19257
횡성군,2021-10-06,17728
횡성군,2021-10-07,18795
횡성군,2021-10-08,26240
횡성군,2021-10-09,53354
횡성군,2021-10-10,57708
횡성군,2021-10-11,40383
횡성군,2021-10-12,21084
횡성군,2021-10-13,22166
횡성군,2021-10-14,23016
횡성군,2021-10-15,27258
횡성군,2021-10-16,43172
횡성군,2021-10-17,42007
횡성군,2021-10-18,23324
횡성군,2021-10-19,20797
횡성군,2021-10-20,22603
횡성군,2021-10-21,24192
횡성군,2021-10-22,29558
횡성군,2021-10-23,49322
횡성군,2021-10-24,46795
횡성군,2021-10-25,26352
횡성군,2021-10-26,24073
횡성군,2021-10-27,22998
횡성군,2021-10-28,24384
횡성군,2021-10-29,31266
횡성군,2021-10-30,50656
횡성군,2021-10-31,47506
횡성군,2021-11-01,21024
횡성군,2021-11-02,19243
횡성군,2021-11-03,26666
횡성군,2021-11-04,22088
횡성군,2021-11-05,28444
횡성군,2021-11-06,46084
횡성군,2021-11-07,41464
횡성군,2021-11-08,17213
횡성군,2021-11-09,16072
횡성군,2021-11-10,17927
횡성군,2021-11-11,20030
횡성군,2021-11-12,25984
횡성군,2021-11-13,41174
횡성군,2021-11-14,36886
횡성군,2021-11-15,19369
횡성군,2021-11-16,19512
횡성군,2021-11-17,19957
횡성군,2021-11-18,20590
횡성군,2021-11-19,25442
횡성군,2021-11-20,38479
횡성군,2021-11-21,35192
횡성군,2021-11-22,18606
횡성군,2021-11-23,17969
횡성군,2021-11-24,18179
횡성군,2021-11-25,19176
횡성군,2021-11-26,23366
횡성군,2021-11-27,35903
횡성군,2021-11-28,32518
횡성군,2021-11-29,19064
횡성군,2021-11-30,14808
횡성군,2021-12-01,14567
횡성군,2021-12-02,16250
횡성군,2021-12-03,21105
횡성군,2021-12-04,35483
횡성군,2021-12-05,33593
횡성군,2021-12-06,17752
횡성군,2021-12-07,17479
횡성군,2021-12-08,17510
횡성군,2021-12-09,18364
횡성군,2021-12-10,22183
횡성군,2021-12-11,36281
횡성군,2021-12-12,34206
횡성군,2021-12-13,17801
횡성군,2021-12-14,17678
횡성군,2021-12-15,16016
횡성군,2021-12-16,18914
횡성군,2021-12-17,23289
횡성군,2021-12-18,30086
횡성군,2021-12-19,27584
횡성군,2021-12-20,19142
횡성군,2021-12-21,19215
횡성군,2021-12-22,19068
횡성군,2021-12-23,19946
횡성군,2021-12-24,24224
횡성군,2021-12-25,33110
횡성군,2021-12-26,31689
횡성군,2021-12-27,19901
횡성군,2021-12-28,20094
횡성군,2021-12-29,20258
횡성군,2021-12-30,22904
횡성군,2021-12-31,32946
횡성군,2022-01-01,48286
횡성군,2022-01-02,32868
횡성군,2022-01-03,16765
횡성군,2022-01-04,15456
횡성군,2022-01-05,16656
횡성군,2022-01-06,18568
횡성군,2022-01-07,22334
횡성군,2022-01-08,34286
횡성군,2022-01-09,32025
횡성군,2022-01-10,25330
횡성군,2022-01-11,22592
횡성군,2022-01-12,23058
횡성군,2022-01-13,23618
횡성군,2022-01-14,29642
횡성군,2022-01-15,48884
횡성군,2022-01-16,49532
횡성군,2022-01-17,26106
횡성군,2022-01-18,23723
횡성군,2022-01-19,21581
횡성군,2022-01-20,23202
횡성군,2022-01-21,31846
횡성군,2022-01-22,48234
횡성군,2022-01-23,48142
횡성군,2022-01-24,27783
횡성군,2022-01-25,24392
횡성군,2022-01-26,26054
횡성군,2022-01-27,25322
횡성군,2022-01-28,31370
횡성군,2022-01-29,48720
횡성군,2022-01-30,62293
횡성군,2022-01-31,69296
횡성군,2022-02-01,64834
횡성군,2022-02-02,41192
횡성군,2022-02-03,25994
횡성군,2022-02-04,28133
횡성군,2022-02-05,38986
횡성군,2022-02-06,35945
횡성군,2022-02-07,21584
횡성군,2022-02-08,21161
횡성군,2022-02-09,22232
횡성군,2022-02-10,23457
횡성군,2022-02-11,30471
횡성군,2022-02-12,47145
횡성군,2022-02-13,44646
횡성군,2022-02-14,24486
횡성군,2022-02-15,22148
횡성군,2022-02-16,23440
횡성군,2022-02-17,23030
횡성군,2022-02-18,30345
횡성군,2022-02-19,45580
횡성군,2022-02-20,44390
횡성군,2022-02-21,26551
횡성군,2022-02-22,23905
횡성군,2022-02-23,22806
횡성군,2022-02-24,25088
횡성군,2022-02-25,28189
횡성군,2022-02-26,46165
횡성군,2022-02-27,48776
횡성군,2022-02-28,34853
횡성군,2022-03-01,30800
횡성군,2022-03-02,18872
횡성군,2022-03-03,19292
횡성군,2022-03-04,22379
횡성군,2022-03-05,32302
횡성군,2022-03-06,30768
횡성군,2022-03-07,18277
횡성군,2022-03-08,19376
횡성군,2022-03-09,23502
횡성군,2022-03-10,19551
횡성군,2022-03-11,24647
횡성군,2022-03-12,33691
횡성군,2022-03-13,26568
횡성군,2022-03-14,18501
횡성군,2022-03-15,20702
횡성군,2022-03-16,21452
횡성군,2022-03-17,21266
횡성군,2022-03-18,22925
횡성군,2022-03-19,29673
횡성군,2022-03-20,31308
횡성군,2022-03-21,21315
횡성군,2022-03-22,20912
횡성군,2022-03-23,20786
횡성군,2022-03-24,21934
횡성군,2022-03-25,28144
횡성군,2022-03-26,33408
횡성군,2022-03-27,37562
횡성군,2022-03-28,23961
횡성군,2022-03-29,23975
횡성군,2022-03-30,22376
횡성군,2022-03-31,23079
횡성군,2022-04-01,27500
횡성군,2022-04-02,44163
횡성군,2022-04-03,42290
횡성군,2022-04-04,22211
횡성군,2022-04-05,21588
횡성군,2022-04-06,22712
횡성군,2022-04-07,23842
횡성군,2022-04-08,31857
횡성군,2022-04-09,50645
횡성군,2022-04-10,49676
횡성군,2022-04-11,25578
횡성군,2022-04-12,24129
횡성군,2022-04-13,20206
횡성군,2022-04-14,22792
횡성군,2022-04-15,32515
횡성군,2022-04-16,54978
횡성군,2022-04-17,51527
횡성군,2022-04-18,27034
횡성군,2022-04-19,26716
횡성군,2022-04-20,27220
횡성군,2022-04-21,28553
횡성군,2022-04-22,35658
횡성군,2022-04-23,58720
횡성군,2022-04-24,54012
횡성군,2022-04-25,29918
횡성군,2022-04-26,28046
횡성군,2022-04-27,30118
횡성군,2022-04-28,30030
횡성군,2022-04-29,35602
횡성군,2022-04-30,61824
횡성군,2022-05-01,58107
횡성군,2022-05-02,25193
횡성군,2022-05-03,25308
횡성군,2022-05-04,34094
횡성군,2022-05-05,65114
횡성군,2022-05-06,57512
횡성군,2022-05-07,79348
횡성군,2022-05-08,62394
횡성군,2022-05-09,28710
횡성군,2022-05-10,27930
횡성군,2022-05-11,27258
횡성군,2022-05-12,29036
횡성군,2022-05-13,37170
횡성군,2022-05-14,60798
횡성군,2022-05-15,59580
횡성군,2022-05-16,29904
횡성군,2022-05-17,29953
횡성군,2022-05-18,29578
횡성군,2022-05-19,31640
횡성군,2022-05-20,40282
횡성군,2022-05-21,65474
횡성군,2022-05-22,60882
횡성군,2022-05-23,30639
횡성군,2022-05-24,29634
횡성군,2022-05-25,29228
횡성군,2022-05-26,30730
횡성군,2022-05-27,40096
횡성군,2022-05-28,64281
횡성군,2022-05-29,59969
횡성군,2022-05-30,30212
횡성군,2022-05-31,34174
횡성군,2022-06-01,39652
횡성군,2022-06-02,28931
횡성군,2022-06-03,41696
횡성군,2022-06-04,86646
횡성군,2022-06-05,91693
횡성군,2022-06-06,63049
횡성군,2022-06-07,27226
횡성군,2022-06-08,28112
횡성군,2022-06-09,28735
횡성군,2022-06-10,37180
횡성군,2022-06-11,63158
횡성군,2022-06-12,57162
횡성군,2022-06-13,29754
횡성군,2022-06-14,27405
횡성군,2022-06-15,25277
횡성군,2022-06-16,31294
횡성군,2022-06-17,41100
횡성군,2022-06-18,65982
횡성군,2022-06-19,62104
횡성군,2022-06-20,32924
횡성군,2022-06-21,32456
횡성군,2022-06-22,32333
횡성군,2022-06-23,30219
횡성군,2022-06-24,39760
횡성군,2022-06-25,67543
횡성군,2022-06-26,63536
횡성군,2022-06-27,30674
횡성군,2022-06-28,27142
횡성군,2022-06-29,24262
횡성군,2022-06-30,23146
횡성군,2022-07-01,37208
횡성군,2022-07-02,65639
횡성군,2022-07-03,62906
횡성군,2022-07-04,30422
횡성군,2022-07-05,26750
횡성군,2022-07-06,27268
횡성군,2022-07-07,28564
횡성군,2022-07-08,38098
횡성군,2022-07-09,70088
횡성군,2022-07-10,64410
횡성군,2022-07-11,30639
횡성군,2022-07-12,29918
횡성군,2022-07-13,25851
횡성군,2022-07-14,28626
횡성군,2022-07-15,42304
횡성군,2022-07-16,66672
횡성군,2022-07-17,62794
횡성군,2022-07-18,36166
횡성군,2022-07-19,34318
횡성군,2022-07-20,36113
횡성군,2022-07-21,34846
횡성군,2022-07-22,47408
횡성군,2022-07-23,69846
횡성군,2022-07-24,66300
횡성군,2022-07-25,44065
횡성군,2022-07-26,44156
횡성군,2022-07-27,46112
횡성군,2022-07-28,50365
횡성군,2022-07-29,61999
횡성군,2022-07-30,96005
횡성군,2022-07-31,95529
횡성군,2022-08-01,68596
횡성군,2022-08-02,63532
횡성군,2022-08-03,56406
횡성군,2022-08-04,55188
횡성군,2022-08-05,62202
횡성군,2022-08-06,77924
횡성군,2022-08-07,72975
횡성군,2022-08-08,42280
횡성군,2022-08-09,33775
횡성군,2022-08-10,33320
횡성군,2022-08-11,35518
횡성군,2022-08-12,54666
횡성군,2022-08-13,92477
횡성군,2022-08-14,91413
횡성군,2022-08-15,72933
횡성군,2022-08-16,38266
횡성군,2022-08-17,29687
횡성군,2022-08-18,39322
횡성군,2022-08-19,32564
횡성군,2022-08-20,49679
횡성군,2022-08-21,54075
횡성군,2022-08-22,36922
횡성군,2022-08-23,28308
횡성군,2022-08-24,27685
횡성군,2022-08-25,27384
횡성군,2022-08-26,36502
횡성군,2022-08-27,60718
횡성군,2022-08-28,60812
횡성군,2022-08-29,26117
횡성군,2022-08-30,19901
횡성군,2022-08-31,22876
횡성군,2022-09-01,23240
횡성군,2022-09-02,27982
횡성군,2022-09-03,43064
횡성군,2022-09-04,31332
횡성군,2022-09-05,12722
횡성군,2022-09-06,13895
횡성군,2022-09-07,18942
횡성군,2022-09-08,25918
횡성군,2022-09-09,59854
횡성군,2022-09-10,83206
횡성군,2022-09-11,62500
횡성군,2022-09-12,37026
횡성군,2022-09-13,21497
횡성군,2022-09-14,19918
횡성군,2022-09-15,22050
횡성군,2022-09-16,27640
횡성군,2022-09-17,39725
횡성군,2022-09-18,36060
횡성군,2022-09-19,21714
횡성군,2022-09-20,23646
횡성군,2022-09-21,24710
횡성군,2022-09-22,22614
횡성군,2022-09-23,29432
횡성군,2022-09-24,47082
횡성군,2022-09-25,41912
횡성군,2022-09-26,25207
횡성군,2022-09-27,23275
횡성군,2022-09-28,27058
횡성군,2022-09-29,27794
횡성군,2022-09-30,39858
횡성군,2022-10-01,68467
횡성군,2022-10-02,73808
횡성군,2022-10-03,45622
횡성군,2022-10-04,19628
횡성군,2022-10-05,20668
횡성군,2022-10-06,22316
횡성군,2022-10-07,29057
횡성군,2022-10-08,59490
횡성군,2022-10-09,57260
횡성군,2022-10-10,38994
횡성군,2022-10-11,23054
횡성군,2022-10-12,25386
횡성군,2022-10-13,23730
횡성군,2022-10-14,29228
횡성군,2022-10-15,47246
횡성군,2022-10-16,46599
횡성군,2022-10-17,23681
횡성군,2022-10-18,25256
횡성군,2022-10-19,25316
횡성군,2022-10-20,28063
횡성군,2022-10-21,33660
횡성군,2022-10-22,48604
횡성군,2022-10-23,47446
횡성군,2022-10-24,24199
횡성군,2022-10-25,24314
횡성군,2022-10-26,30807
횡성군,2022-10-27,29074
횡성군,2022-10-28,32294
횡성군,2022-10-29,49630
횡성군,2022-10-30,46116
횡성군,2022-10-31,23188
횡성군,2022-11-01,20492
횡성군,2022-11-02,20307
횡성군,2022-11-03,20576
횡성군,2022-11-04,27048
횡성군,2022-11-05,43435
횡성군,2022-11-06,41741
횡성군,2022-11-07,18994
횡성군,2022-11-08,19352
횡성군,2022-11-09,19996
횡성군,2022-11-10,20195
횡성군,2022-11-11,27402
횡성군,2022-11-12,40138
횡성군,2022-11-13,35038
횡성군,2022-11-14,18746
횡성군,2022-11-15,19516
횡성군,2022-11-16,20920
횡성군,2022-11-17,21742
횡성군,2022-11-18,25952
횡성군,2022-11-19,38115
횡성군,2022-11-20,34762
횡성군,2022-11-21,20517
횡성군,2022-11-22,18610
횡성군,2022-11-23,17342
횡성군,2022-11-24,19856
횡성군,2022-11-25,24388
횡성군,2022-11-26,37740
횡성군,2022-11-27,31507
횡성군,2022-11-28,17829
횡성군,2022-11-29,17157
횡성군,2022-11-30,16398
횡성군,2022-12-01,14654
횡성군,2022-12-02,18739
횡성군,2022-12-03,31154
횡성군,2022-12-04,29914
횡성군,2022-12-05,15750
횡성군,2022-12-06,14434
횡성군,2022-12-07,15978
횡성군,2022-12-08,18200
횡성군,2022-12-09,23716
횡성군,2022-12-10,36844
횡성군,2022-12-11,36169
횡성군,2022-12-12,17787
횡성군,2022-12-13,15698
횡성군,2022-12-14,15446
횡성군,2022-12-15,16436
횡성군,2022-12-16,22558
횡성군,2022-12-17,32806
횡성군,2022-12-18,31090
횡성군,2022-12-19,19548
횡성군,2022-12-20,20139
횡성군,2022-12-21,15841
횡성군,2022-12-22,19022
횡성군,2022-12-23,22918
횡성군,2022-12-24,34024
횡성군,2022-12-25,32998
횡성군,2022-12-26,23695
횡성군,2022-12-27,22309
횡성군,2022-12-28,23485
횡성군,2022-12-29,22666
횡성군,2022-12-30,31188
횡성군,2022-12-31,42410
